date,code,foreign,trust,dealer
2026-09-24,1303,17802257.0,-5067000.0,1504545.0
2026-09-24,8150,14649145.0,10000.0,-773958.0
2026-09-24,3016,8256099.0,0.0,307378.0
2026-09-24,3189,6834210.0,984001.0,517243.0
2026-09-24,3231,7873084.0,-954000.0,661588.0
2026-09-24,2027,2145473.0,455000.0,930169.0
2026-09-24,3702,2858239.0,414000.0,179238.0
2026-09-24,2492,3144533.0,1000.0,251770.0
2026-09-24,3026,2929696.0,164000.0,3050.0
2026-09-24,6672,2855913.0,-3000.0,87834.0
2026-09-24,4566,2891414.0,0.0,6847.0
2026-09-24,2412,2862663.0,79000.0,-194020.0
2026-09-24,2030,2496645.0,0.0,54197.0
2026-09-24,2892,1571309.0,643000.0,147909.0
2026-09-24,2327,2132480.0,-266000.0,472468.0
2026-09-24,1301,1468187.0,0.0,485588.0
2026-09-24,8028,-549327.0,2309000.0,174445.0
2026-09-24,3037,1807376.0,121999.0,-115700.0
2026-09-24,6213,833221.0,600000.0,367657.0
2026-09-24,6168,1744169.0,0.0,21000.0
2026-09-24,2351,1755034.0,0.0,-72748.0
2026-09-24,1708,1637247.0,0.0,32424.0
2026-09-24,6285,1219953.0,2000.0,433048.0
2026-09-24,8046,1331474.0,156000.0,38195.0
2026-09-24,2884,-2037031.0,3052000.0,338871.0
2026-09-24,2353,869719.0,94000.0,376620.0
2026-09-24,6533,1265827.0,0.0,63400.0
2026-09-24,2615,1240906.0,-66000.0,82384.0
2026-09-24,3035,1184310.0,20000.0,46617.0
2026-09-24,6526,915517.0,92000.0,28588.0
2026-09-24,2436,756886.0,20000.0,250757.0
2026-09-24,2890,-1288836.0,2057000.0,253801.0
2026-09-24,3045,1434392.0,-233000.0,-234870.0
2026-09-24,3518,921047.0,0.0,1968.0
2026-09-24,3167,943524.0,0.0,-23196.0
2026-09-24,1727,581384.0,0.0,314396.0
2026-09-24,3605,-16131.0,974000.0,-76596.0
2026-09-24,2449,1133544.0,-177710.0,-218231.0
2026-09-24,3576,698713.0,0.0,-2000.0
2026-09-24,2454,826547.0,-288900.0,133111.0
2026-09-24,2466,667573.0,0.0,0.0
2026-09-24,2855,680563.0,-20187.0,0.0
2026-09-24,1809,556850.0,0.0,62992.0
2026-09-24,4770,-122318.0,730000.0,-10425.0
2026-09-24,2395,547901.0,-36000.0,64594.0
2026-09-24,2542,-1220106.0,1799000.0,-31556.0
2026-09-24,2455,201116.0,-8000.0,321656.0
2026-09-24,6166,284885.0,0.0,228811.0
2026-09-24,2360,680963.0,-237000.0,68809.0
2026-09-24,3029,496553.0,-661.0,-1923.0
2026-09-24,6214,494515.0,-23000.0,2070.0
2026-09-24,2377,482500.0,-15000.0,2757.0
2026-09-24,6209,445917.0,0.0,9959.0
2026-09-24,1560,671057.0,-195000.0,-20943.0
2026-09-24,1326,-35610.0,0.0,476751.0
2026-09-24,6505,274621.0,97000.0,34452.0
2026-09-24,2404,-195737.0,613000.0,-14632.0
2026-09-24,1802,507542.0,0.0,-109739.0
2026-09-24,2305,393050.0,0.0,3000.0
2026-09-24,2421,369763.0,-78000.0,66067.0
2026-09-24,8103,375744.0,0.0,-44355.0
2026-09-24,2301,265223.0,-134000.0,139879.0
2026-09-24,2880,-422640.0,55000.0,618290.0
2026-09-24,8021,176951.0,0.0,70000.0
2026-09-24,2308,-327170.0,420000.0,141673.0
2026-09-24,3017,165864.0,10999.0,42977.0
2026-09-24,6691,201413.0,0.0,-5103.0
2026-09-24,6271,174833.0,-37000.0,29980.0
2026-09-24,3036,102119.0,-2000.0,67663.0
2026-09-24,6197,160008.0,0.0,1475.0
2026-09-24,6196,188537.0,0.0,-32333.0
2026-09-24,6944,131760.0,0.0,7125.0
2026-09-24,6426,115306.0,0.0,-10367.0
2026-09-24,4916,58771.0,0.0,40153.0
2026-09-24,2059,109319.0,-42000.0,24003.0
2026-09-24,7822,41320.0,36000.0,5687.0
2026-09-24,7610,79791.0,0.0,663.0
2026-09-24,2603,-852117.0,941196.0,-24677.0
2026-09-24,2486,65717.0,0.0,-2314.0
2026-09-24,2467,45129.0,0.0,5661.0
2026-09-24,6139,99558.0,-51000.0,1924.0
2026-09-24,2357,-23139.0,25722.0,41985.0
2026-09-24,7711,35112.0,0.0,-7687.0
2026-09-24,6715,44000.0,0.0,-24544.0
2026-09-24,6834,-3660.0,0.0,22439.0
2026-09-24,5269,7428.0,10000.0,-5246.0
2026-09-24,6278,-273807.0,-55000.0,332375.0
2026-09-24,2609,128704.0,50000.0,-177279.0
2026-09-24,7750,-9745.0,0.0,5925.0
2026-09-24,2484,12310.0,0.0,-28179.0
2026-09-24,6442,148707.0,-179000.0,12565.0
2026-09-24,2886,-1019173.0,359000.0,640769.0
2026-09-24,3406,9722.0,-84000.0,54127.0
2026-09-24,2451,-6903.0,0.0,-15778.0
2026-09-24,3034,-105044.0,39592.0,42457.0
2026-09-24,6830,-20526.0,0.0,-5091.0
2026-09-24,2376,238536.0,-210000.0,-57620.0
2026-09-24,3443,117214.0,-252000.0,93677.0
2026-09-24,3533,-72537.0,0.0,16704.0
2026-09-24,6531,-112308.0,66000.0,-14784.0
2026-09-24,6415,-72004.0,10000.0,-2842.0
2026-09-24,1590,-75676.0,2000.0,-7539.0
2026-09-24,3044,-71527.0,-4000.0,-14594.0
2026-09-24,2049,-115364.0,0.0,15172.0
2026-09-24,3653,-338146.0,247000.0,-16813.0
2026-09-24,6451,-103850.0,0.0,-8563.0
2026-09-24,8210,-101913.0,-20000.0,-879.0
2026-09-24,3563,-149010.0,0.0,21458.0
2026-09-24,6805,7131.0,-121000.0,-23302.0
2026-09-24,1476,-129898.0,-9000.0,-1712.0
2026-09-24,1519,-136685.0,-1000.0,-3156.0
2026-09-24,2472,18453.0,-174000.0,10745.0
2026-09-24,7795,-145800.0,0.0,-391.0
2026-09-24,3661,-130598.0,-19000.0,-5239.0
2026-09-24,6515,-115889.0,-36001.0,-5528.0
2026-09-24,6789,-148874.0,-2000.0,-8160.0
2026-09-24,6861,-159063.0,0.0,-10748.0
2026-09-24,6831,-79780.0,-97000.0,-6198.0
2026-09-24,3665,-184890.0,2118.0,-4307.0
2026-09-24,2458,-287246.0,40805.0,17289.0
2026-09-24,4967,-206968.0,0.0,-30923.0
2026-09-24,4938,-653019.0,22939.0,387053.0
2026-09-24,3711,1906308.0,-2167000.0,15519.0
2026-09-24,3008,-192162.0,-106000.0,18596.0
2026-09-24,2406,-283950.0,0.0,4086.0
2026-09-24,3532,-278414.0,10000.0,-17093.0
2026-09-24,6933,-246211.0,0.0,-40930.0
2026-09-24,3714,-307402.0,0.0,17899.0
2026-09-24,2383,27808.0,-405000.0,76991.0
2026-09-24,2441,179743.0,-474000.0,-10486.0
2026-09-24,8039,-217024.0,0.0,-98787.0
2026-09-24,2498,-613130.0,0.0,295793.0
2026-09-24,8110,-379000.0,0.0,52754.0
2026-09-24,2379,-937777.0,461000.0,141757.0
2026-09-24,3715,-332094.0,0.0,-38604.0
2026-09-24,3090,-356906.0,-22000.0,2054.0
2026-09-24,8996,-330877.0,-54000.0,6625.0
2026-09-24,6919,-362354.0,0.0,-18232.0
2026-09-24,2493,-369145.0,0.0,-29746.0
2026-09-24,2302,-484475.0,0.0,76520.0
2026-09-24,8261,-485400.0,20000.0,30336.0
2026-09-24,6446,-421602.0,-16000.0,515.0
2026-09-24,8112,-773585.0,359000.0,-23094.0
2026-09-24,3376,-462086.0,0.0,-7910.0
2026-09-24,6456,-661230.0,0.0,185139.0
2026-09-24,2345,-4585.0,-485001.0,9003.0
2026-09-24,7799,-444596.0,0.0,-37562.0
2026-09-24,4956,-392569.0,0.0,-93315.0
2026-09-24,2912,-640006.0,84000.0,25000.0
2026-09-24,6669,45539.0,-536001.0,-46587.0
2026-09-24,7769,-253183.0,-277552.0,-6938.0
2026-09-24,2801,-361961.0,-128000.0,-61596.0
2026-09-24,1504,196882.0,-740000.0,-17570.0
2026-09-24,6706,-638806.0,0.0,-3192.0
2026-09-24,2354,-445328.0,0.0,-219976.0
2026-09-24,6239,-652322.0,0.0,-46522.0
2026-09-24,3055,-681602.0,0.0,-75418.0
2026-09-24,2474,-791083.0,15000.0,5665.0
2026-09-24,3014,-792621.0,17649.0,-264.0
2026-09-24,3706,77406.0,-927000.0,37098.0
2026-09-24,5880,-2072029.0,338000.0,781030.0
2026-09-24,3042,-2802910.0,1179000.0,633994.0
2026-09-24,9945,-917495.0,0.0,-83572.0
2026-09-24,3450,-796016.0,-274000.0,5832.0
2026-09-24,1717,-1037059.0,0.0,-73360.0
2026-09-24,1102,-1329809.0,120477.0,95043.0
2026-09-24,3645,-1258000.0,0.0,1265.0
2026-09-24,6205,-1532954.0,0.0,449.0
2026-09-24,3006,-1549976.0,-20000.0,34310.0
2026-09-24,2313,-1419130.0,2000.0,-128178.0
2026-09-24,5871,-1735994.0,2509.0,77834.0
2026-09-24,3717,-1659543.0,0.0,-5292.0
2026-09-24,2368,-2643797.0,659999.0,203936.0
2026-09-24,2481,-1624542.0,0.0,-173602.0
2026-09-24,4919,-1994559.0,20000.0,109441.0
2026-09-24,4763,-1789922.0,1000.0,-138051.0
2026-09-24,2464,-2057889.0,0.0,6346.0
2026-09-24,2883,-2679288.0,-41000.0,640525.0
2026-09-24,2426,-2084746.0,0.0,-15695.0
2026-09-24,2363,-2047189.0,20000.0,-133485.0
2026-09-24,1216,-2559976.0,103000.0,262906.0
2026-09-24,2891,-4929287.0,1768000.0,909673.0
2026-09-24,2489,-1530393.0,0.0,-748983.0
2026-09-24,2882,-3351138.0,1604000.0,-780203.0
2026-09-24,2382,-3653591.0,762000.0,148968.0
2026-09-24,3094,-2869512.0,0.0,-10000.0
2026-09-24,2887,-3763596.0,-168000.0,1009483.0
2026-09-24,6443,-3032400.0,0.0,-156.0
2026-09-24,2881,-2939406.0,-326000.0,130196.0
2026-09-24,2885,-1502680.0,-1998000.0,335524.0
2026-09-24,3019,-3134015.0,0.0,-34361.0
2026-09-24,6257,-3686044.0,0.0,-249122.0
2026-09-24,2002,-4156707.0,-8000.0,75495.0
2026-09-24,2356,-4407950.0,21000.0,-102784.0
2026-09-24,3481,-1969313.0,0.0,-2653402.0
2026-09-24,2834,-5091889.0,-7000.0,-63700.0
2026-09-24,4958,-5333479.0,-275000.0,74853.0
2026-09-24,2330,-4667832.0,-1287718.0,242701.0
2026-09-24,2324,-6316129.0,108000.0,153952.0
2026-09-24,2342,-6140842.0,0.0,-16512.0
2026-09-24,6116,-7763602.0,0.0,293529.0
2026-09-24,2618,-11904982.0,4165419.0,95719.0
2026-09-24,2610,-14209150.0,5571000.0,-118883.0
2026-09-24,2812,-9018717.0,-2000.0,-36679.0
2026-09-24,2337,-9082640.0,67000.0,-105645.0
2026-09-24,1314,-11481917.0,0.0,-308129.0
2026-09-24,1101,-12698600.0,-12000.0,-450135.0
2026-09-24,2344,-17824356.0,-162001.0,-8643.0
2026-09-24,1709,-19295908.0,0.0,-90028.0
2026-09-24,2408,-19952717.0,-2388001.0,-337246.0
2026-09-24,2317,-23872588.0,-263000.0,-95985.0
2026-09-24,2303,-35153207.0,-9471000.0,443284.0
2026-09-24,6770,-42587441.0,-4000.0,-2225365.0
2026-09-24,2409,-79998614.0,-6000.0,2103828.0
2026-09-24,1569,104264.0,0.0,7345.0
2026-09-24,1785,-98156.0,0.0,-596.0
2026-09-24,1815,-9055072.0,-265000.0,-624074.0
2026-09-24,2221,-89199.0,0.0,-1000.0
2026-09-24,3081,197887.0,-140272.0,30839.0
2026-09-24,3105,3000536.0,434000.0,39995.0
2026-09-24,3131,77041.0,-13000.0,2126.0
2026-09-24,3147,-38285.0,0.0,21828.0
2026-09-24,3163,-75212.0,0.0,1105.0
2026-09-24,3211,-181682.0,0.0,-14770.0
2026-09-24,3219,-179818.0,0.0,107761.0
2026-09-24,3234,-298373.0,0.0,-2163.0
2026-09-24,3260,-2090178.0,-64000.0,-53473.0
2026-09-24,3264,2730401.0,-7612000.0,414076.0
2026-09-24,3293,3148536.0,39000.0,76678.0
2026-09-24,3294,-1605000.0,0.0,-2658.0
2026-09-24,3317,1009834.0,0.0,151458.0
2026-09-24,3324,-48477.0,333000.0,-8986.0
2026-09-24,3339,-507343.0,0.0,97.0
2026-09-24,3363,98676.0,0.0,-3123.0
2026-09-24,3374,-3082536.0,0.0,-198433.0
2026-09-24,3455,432573.0,0.0,23377.0
2026-09-24,3491,-185992.0,1000.0,-2423.0
2026-09-24,3498,269642.0,0.0,110210.0
2026-09-24,3529,-585299.0,416000.0,15500.0
2026-09-24,3624,-2082020.0,0.0,11763.0
2026-09-24,3675,-369966.0,143000.0,66572.0
2026-09-24,3680,163620.0,0.0,13318.0
2026-09-24,3691,-469025.0,0.0,227328.0
2026-09-24,3693,-294398.0,0.0,-19911.0
2026-09-24,3707,413520.0,0.0,-115977.0
2026-09-24,4542,-340002.0,0.0,6353.0
2026-09-24,4749,104237.0,-7000.0,-35912.0
2026-09-24,4908,-18539.0,0.0,-52681.0
2026-09-24,4931,187000.0,0.0,17107.0
2026-09-24,4939,482546.0,0.0,-30670.0
2026-09-24,4966,26004.0,20000.0,947.0
2026-09-24,4971,-36948.0,0.0,-1018.0
2026-09-24,4979,307078.0,-1985000.0,-2612.0
2026-09-24,4991,-54584.0,2000.0,1135.0
2026-09-24,5274,38325.0,-51967.0,946.0
2026-09-24,5289,-34268.0,0.0,-17621.0
2026-09-24,5347,-191272.0,149000.0,-142096.0
2026-09-24,5351,-2154369.0,-60000.0,27789.0
2026-09-24,5425,-1862147.0,-21000.0,-40836.0
2026-09-24,5475,61432.0,0.0,-586.0
2026-09-24,5483,2501589.0,-24000.0,117249.0
2026-09-24,5536,585.0,-16300.0,8106.0
2026-09-24,5904,-4354053.0,83000.0,-71749.0
2026-09-24,6147,173962.0,-1000.0,-230303.0
2026-09-24,6148,-213996.0,0.0,-110.0
2026-09-24,6173,-146100.0,0.0,23801.0
2026-09-24,6182,21786469.0,0.0,-1200344.0
2026-09-24,6187,136313.0,-251000.0,656.0
2026-09-24,6199,-123167.0,0.0,32907.0
2026-09-24,6207,2424410.0,0.0,231505.0
2026-09-24,6217,34870.0,0.0,-1491.0
2026-09-24,6223,-77523.0,-84201.0,-12111.0
2026-09-24,6274,-711104.0,-61997.0,196494.0
2026-09-24,6290,-74764.0,0.0,29619.0
2026-09-24,6291,-7831.0,23000.0,8381.0
2026-09-24,6488,-2362270.0,-11000.0,-238004.0
2026-09-24,6510,25633.0,-131000.0,31647.0
2026-09-24,6538,378063.0,0.0,-16274.0
2026-09-24,6620,92386.0,0.0,105884.0
2026-09-24,6640,-48140.0,0.0,-4118.0
2026-09-24,6643,220592.0,10000.0,79396.0
2026-09-24,6683,106211.0,-4000.0,2631.0
2026-09-24,6693,-1693988.0,0.0,167292.0
2026-09-24,6727,177348.0,0.0,14076.0
2026-09-24,7717,-42744.0,0.0,-19701.0
2026-09-24,7734,64271.0,-8000.0,10524.0
2026-09-24,7751,-8000.0,3000.0,3302.0
2026-09-24,7792,530053.0,0.0,-25171.0
2026-09-24,7828,-35169.0,0.0,-1233.0
2026-09-24,7856,44014.0,47000.0,-1276.0
2026-09-24,8027,701020.0,0.0,-109.0
2026-09-24,8040,-1056492.0,0.0,13672.0
2026-09-24,8042,691135.0,0.0,-17565.0
2026-09-24,8064,-879717.0,0.0,122204.0
2026-09-24,8069,130700.0,294000.0,18437.0
2026-09-24,8111,-635150.0,0.0,75560.0
2026-09-24,8155,-334800.0,-16000.0,42659.0
2026-09-24,8227,84000.0,0.0,-3514.0
2026-09-24,8299,-1420449.0,-9000.0,-158220.0
2026-09-24,8358,108263.0,-76000.0,646384.0
2026-09-23,1101,30065221.0,-24000.0,740646.0
2026-09-23,2408,29196171.0,-180000.0,591331.0
2026-09-23,6770,24015432.0,-11000.0,1100160.0
2026-09-23,2610,14583315.0,5498000.0,271672.0
2026-09-23,2618,11207675.0,7481000.0,630696.0
2026-09-23,1314,9221857.0,0.0,-235366.0
2026-09-23,8150,9255162.0,-3000.0,-985966.0
2026-09-23,2317,5860754.0,967926.0,945031.0
2026-09-23,2344,10124159.0,-3272000.0,94013.0
2026-09-23,2330,7123363.0,-1142808.0,324168.0
2026-09-23,3016,6240402.0,0.0,38051.0
2026-09-23,3037,5946719.0,575000.0,-892090.0
2026-09-23,1102,5215618.0,168000.0,121291.0
2026-09-23,2412,3633294.0,970000.0,-12000.0
2026-09-23,8046,3401458.0,44000.0,356647.0
2026-09-23,3605,2398682.0,1569100.0,-179877.0
2026-09-23,6505,3215873.0,309000.0,104369.0
2026-09-23,2337,3729894.0,-737000.0,500499.0
2026-09-23,2609,3211004.0,71000.0,-37568.0
2026-09-23,1216,2806606.0,22000.0,382316.0
2026-09-23,9945,3056661.0,0.0,147115.0
2026-09-23,3189,3762864.0,-183000.0,-588240.0
2026-09-23,6456,2600529.0,0.0,247872.0
2026-09-23,2027,1305254.0,1082000.0,14829.0
2026-09-23,3055,2420889.0,0.0,-81202.0
2026-09-23,4938,2321315.0,-300000.0,148784.0
2026-09-23,2404,1498076.0,353000.0,133424.0
2026-09-23,2886,4641259.0,-3276000.0,551117.0
2026-09-23,3711,4008437.0,-2276360.0,175742.0
2026-09-23,3576,1883813.0,100.0,-1000.0
2026-09-23,2892,-1406694.0,3234000.0,40058.0
2026-09-23,2313,1729102.0,-53000.0,114980.0
2026-09-23,2351,1834684.0,0.0,-121167.0
2026-09-23,3532,1458827.0,69000.0,90479.0
2026-09-23,3045,1316372.0,-15000.0,150014.0
2026-09-23,2354,1370590.0,0.0,13516.0
2026-09-23,3042,235297.0,-145000.0,1255901.0
2026-09-23,2855,1270483.0,-28900.0,0.0
2026-09-23,2379,1104412.0,165000.0,-47957.0
2026-09-23,6531,1032914.0,139620.0,43656.0
2026-09-23,6526,927892.0,-1000.0,215341.0
2026-09-23,3036,1478401.0,-357000.0,15611.0
2026-09-23,2353,-81779.0,113000.0,957135.0
2026-09-23,6672,823233.0,11.0,94660.0
2026-09-23,2455,-190289.0,-228000.0,1226284.0
2026-09-23,1727,717578.0,0.0,68610.0
2026-09-23,6443,666200.0,0.0,4000.0
2026-09-23,6205,644150.0,0.0,-2795.0
2026-09-23,8021,465652.0,0.0,172000.0
2026-09-23,3714,632271.0,1000.0,-44.0
2026-09-23,4770,615998.0,0.0,-9175.0
2026-09-23,1560,253366.0,329300.0,-28527.0
2026-09-23,6257,516425.0,-3000.0,38354.0
2026-09-23,7799,501684.0,0.0,48562.0
2026-09-23,3717,510000.0,0.0,12933.0
2026-09-23,2454,496417.0,-17857.0,41232.0
2026-09-23,6805,-112598.0,590000.0,-4677.0
2026-09-23,6213,314842.0,95000.0,57144.0
2026-09-23,4566,462607.0,0.0,-3481.0
2026-09-23,4956,349711.0,0.0,96025.0
2026-09-23,1476,425764.0,-5000.0,9470.0
2026-09-23,3443,452245.0,-29000.0,-1841.0
2026-09-23,3090,262476.0,103000.0,-8229.0
2026-09-23,6196,281631.0,0.0,72181.0
2026-09-23,2376,441507.0,-13000.0,-86736.0
2026-09-23,2395,661295.0,-325000.0,4104.0
2026-09-23,3702,1808576.0,-1557000.0,54465.0
2026-09-23,2887,-2121149.0,2006000.0,420418.0
2026-09-23,6214,304823.0,1000.0,-6000.0
2026-09-23,2451,301405.0,-10200.0,1136.0
2026-09-23,8039,359955.0,1000.0,-69357.0
2026-09-23,3017,20620.0,224000.0,46844.0
2026-09-23,8103,209661.0,0.0,64080.0
2026-09-23,2464,173894.0,0.0,84015.0
2026-09-23,4916,271652.0,0.0,-58281.0
2026-09-23,1504,268615.0,-12000.0,-55215.0
2026-09-23,2603,-1900346.0,1961700.0,107778.0
2026-09-23,2368,-554329.0,505000.0,200318.0
2026-09-23,1708,164499.0,0.0,-24752.0
2026-09-23,2308,-139009.0,211002.0,63294.0
2026-09-23,2542,-251480.0,1911000.0,-1534212.0
2026-09-23,3661,120521.0,-4000.0,573.0
2026-09-23,6426,92285.0,0.0,17046.0
2026-09-23,6944,109955.0,0.0,-1647.0
2026-09-23,2357,15990.0,18300.0,40008.0
2026-09-23,6933,40390.0,0.0,32574.0
2026-09-23,3665,-108046.0,148000.0,30362.0
2026-09-23,3653,43119.0,-22000.0,47906.0
2026-09-23,2360,251314.0,-276000.0,86467.0
2026-09-23,8996,-19059.0,203800.0,-139488.0
2026-09-23,3518,41050.0,0.0,0.0
2026-09-23,1717,745651.0,-597000.0,-108376.0
2026-09-23,6715,39848.0,0.0,299.0
2026-09-23,2342,-29060.0,0.0,67777.0
2026-09-23,2474,-531946.0,680000.0,-112697.0
2026-09-23,2059,60300.0,-42000.0,16614.0
2026-09-23,6271,64579.0,0.0,-37888.0
2026-09-23,5269,41881.0,-1000.0,-16816.0
2026-09-23,6691,8931.0,0.0,1315.0
2026-09-23,3029,31498.0,17.0,-22943.0
2026-09-23,4967,15057.0,8.0,-9037.0
2026-09-23,7822,7325.0,10.0,-5518.0
2026-09-23,7750,-10382.0,0.0,719.0
2026-09-23,6197,-18258.0,27.0,-11146.0
2026-09-23,7610,-40583.0,0.0,-204.0
2026-09-23,6442,172046.0,-215000.0,-4320.0
2026-09-23,6831,64430.0,-125000.0,3474.0
2026-09-23,7711,-76872.0,4022.0,1393.0
2026-09-23,6515,-58521.0,-25000.0,5908.0
2026-09-23,1590,-77274.0,2000.0,-6282.0
2026-09-23,6830,-100568.0,6.0,2033.0
2026-09-23,8261,-105529.0,21.0,-6757.0
2026-09-23,2912,-226498.0,73000.0,40000.0
2026-09-23,3094,-110853.0,0.0,-5151.0
2026-09-23,3044,-159426.0,35000.0,3264.0
2026-09-23,3035,-239707.0,0.0,113414.0
2026-09-23,3563,-193346.0,0.0,66313.0
2026-09-23,1519,-115751.0,-4000.0,-10150.0
2026-09-23,3406,-95949.0,12000.0,-46965.0
2026-09-23,6533,-131822.0,0.0,-3925.0
2026-09-23,2421,43145.0,-43000.0,-156675.0
2026-09-23,6415,-44355.0,-100000.0,-12219.0
2026-09-23,2467,-159212.0,-1000.0,-7999.0
2026-09-23,6166,-175434.0,0.0,-10716.0
2026-09-23,2383,-187855.0,-30000.0,30228.0
2026-09-23,6834,-300619.0,0.0,101852.0
2026-09-23,6789,-152590.0,-3000.0,-48147.0
2026-09-23,8210,35712.0,-231000.0,-10543.0
2026-09-23,2880,-1050495.0,22000.0,822608.0
2026-09-23,6706,-124684.0,0.0,-85012.0
2026-09-23,2493,-148597.0,38.0,-67597.0
2026-09-23,7795,-229253.0,0.0,12513.0
2026-09-23,7769,-134405.0,-84320.0,-2547.0
2026-09-23,2458,-220204.0,-2000.0,-4838.0
2026-09-23,2466,-266361.0,49.0,-2.0
2026-09-23,2486,-261209.0,0.0,-6379.0
2026-09-23,6451,-274962.0,0.0,-5184.0
2026-09-23,6139,105138.0,-516500.0,122595.0
2026-09-23,3008,-311896.0,-29000.0,27070.0
2026-09-23,2436,-208924.0,0.0,-115980.0
2026-09-23,2305,-387206.0,0.0,28000.0
2026-09-23,6861,-425248.0,0.0,29140.0
2026-09-23,6669,308526.0,-699300.0,-13714.0
2026-09-23,2406,-430840.0,0.0,80.0
2026-09-23,6446,-533077.0,16000.0,64970.0
2026-09-23,6919,-419285.0,0.0,-48148.0
2026-09-23,2489,-265947.0,11800.0,-216112.0
2026-09-23,2883,-345337.0,-652000.0,484677.0
2026-09-23,6285,-463889.0,1000.0,-65262.0
2026-09-23,3167,-541250.0,0.0,9337.0
2026-09-23,6209,-558869.0,0.0,-4941.0
2026-09-23,3376,-556890.0,0.0,-12838.0
2026-09-23,2302,-665146.0,0.0,55953.0
2026-09-23,2377,-549123.0,-14000.0,-65073.0
2026-09-23,2363,-147569.0,0.0,-480941.0
2026-09-23,3019,-590200.0,0.0,-59192.0
2026-09-23,3034,-593615.0,-26000.0,-36054.0
2026-09-23,3533,-662709.0,116000.0,-116419.0
2026-09-23,3450,-609233.0,-63000.0,-58642.0
2026-09-23,8112,-1199572.0,495000.0,-53144.0
2026-09-23,2472,-831086.0,6000.0,109.0
2026-09-23,2049,-817066.0,1000.0,-16217.0
2026-09-23,3645,-888778.0,0.0,-22331.0
2026-09-23,3026,-897847.0,2000.0,-39414.0
2026-09-23,1809,-982989.0,0.0,8287.0
2026-09-23,6239,-823816.0,-17000.0,-163953.0
2026-09-23,2441,-75120.0,-891000.0,-111010.0
2026-09-23,1709,-1115059.0,0.0,25374.0
2026-09-23,2345,-594803.0,-532000.0,-16207.0
2026-09-23,2882,-2723844.0,1307000.0,67890.0
2026-09-23,2881,-1258323.0,-227000.0,96552.0
2026-09-23,2426,-1331634.0,68.0,-81576.0
2026-09-23,3715,-1333909.0,0.0,-98579.0
2026-09-23,2884,-5007225.0,3005000.0,529772.0
2026-09-23,3014,-1437018.0,-48894.0,11531.0
2026-09-23,2484,-1682942.0,0.0,81445.0
2026-09-23,2801,-2794260.0,1165000.0,-19972.0
2026-09-23,1301,-1677647.0,0.0,28388.0
2026-09-23,6278,-1653725.0,16000.0,-106498.0
2026-09-23,2382,-2763736.0,673000.0,97653.0
2026-09-23,3006,-1942017.0,0.0,-53790.0
2026-09-23,2030,-2205692.0,0.0,171876.0
2026-09-23,8028,-2018770.0,0.0,-42628.0
2026-09-23,3706,-366385.0,-1634000.0,-100605.0
2026-09-23,2890,-3896912.0,1456000.0,289584.0
2026-09-23,5880,-3106001.0,-100000.0,839801.0
2026-09-23,2615,-2112565.0,-141000.0,-299760.0
2026-09-23,2481,-2593093.0,11000.0,-72014.0
2026-09-23,2301,-1962419.0,-530000.0,-162706.0
2026-09-23,1326,-2697605.0,0.0,-103903.0
2026-09-23,8110,-3173270.0,0.0,109333.0
2026-09-23,2891,-5502465.0,1892000.0,379566.0
2026-09-23,6168,-3355580.0,0.0,26581.0
2026-09-23,5871,-5378188.0,1746000.0,697.0
2026-09-23,2356,-3854687.0,-132000.0,99035.0
2026-09-23,2812,-3990808.0,0.0,-5000.0
2026-09-23,2498,-4149770.0,0.0,26879.0
2026-09-23,2002,-4744889.0,-2000.0,289427.0
2026-09-23,2885,-4960944.0,-56000.0,299559.0
2026-09-23,4763,-4596144.0,2000.0,-226640.0
2026-09-23,2449,-3966715.0,-162000.0,-764691.0
2026-09-23,2492,-5210847.0,0.0,35102.0
2026-09-23,1802,-5151565.0,4000.0,-265624.0
2026-09-23,2327,-5206226.0,-335000.0,107375.0
2026-09-23,4919,-5755924.0,1000.0,-482035.0
2026-09-23,3231,-4021314.0,-2870000.0,103320.0
2026-09-23,2834,-9087656.0,0.0,62492.0
2026-09-23,1303,-8547891.0,-739000.0,17119.0
2026-09-23,2324,-9770369.0,3000.0,183357.0
2026-09-23,2303,-10353990.0,1374000.0,-1154643.0
2026-09-23,4958,-14428875.0,-1312000.0,-615060.0
2026-09-23,6116,-16225115.0,100.0,-1076874.0
2026-09-23,3481,-47830253.0,-3734900.0,-6250539.0
2026-09-23,2409,-153888176.0,229000.0,-8478430.0
2026-09-22,2409,245313959.0,-42863.0,5213522.0
2026-09-22,2303,50545175.0,7857888.0,1700945.0
2026-09-22,3481,24829555.0,-44402.0,1858110.0
2026-09-22,2449,16162022.0,2979171.0,1108238.0
2026-09-22,1101,14828392.0,-31000.0,514791.0
2026-09-22,8150,9867370.0,0.0,2045164.0
2026-09-22,6168,11576597.0,0.0,48292.0
2026-09-22,4958,9732801.0,1129595.0,383245.0
2026-09-22,3711,8479833.0,1163223.0,1108322.0
2026-09-22,2618,6621438.0,3993000.0,92216.0
2026-09-22,2610,5252000.0,5133000.0,88517.0
2026-09-22,3189,9136578.0,179000.0,894262.0
2026-09-22,6116,8390202.0,0.0,1616602.0
2026-09-22,6770,8722658.0,-26527.0,625747.0
2026-09-22,2892,9026115.0,171486.0,89548.0
2026-09-22,2327,7871240.0,185724.0,1071356.0
2026-09-22,2886,12736350.0,-4781067.0,467504.0
2026-09-22,2317,6811470.0,-18905.0,932592.0
2026-09-22,3016,6315279.0,0.0,-106239.0
2026-09-22,8046,5863122.0,-134182.0,253358.0
2026-09-22,3037,5130716.0,-82286.0,787371.0
2026-09-22,2481,5343270.0,78000.0,254403.0
2026-09-22,6257,5709173.0,-98000.0,-259490.0
2026-09-22,2354,4091337.0,-3000.0,145937.0
2026-09-22,3045,3839922.0,-196553.0,299959.0
2026-09-22,2885,4305327.0,-567259.0,155657.0
2026-09-22,6278,2928663.0,0.0,687227.0
2026-09-22,1102,3175019.0,172440.0,95755.0
2026-09-22,3035,2687525.0,0.0,733880.0
2026-09-22,2609,3611149.0,74000.0,-324563.0
2026-09-22,2030,3266667.0,0.0,20639.0
2026-09-22,2441,4023596.0,-666000.0,-75924.0
2026-09-22,6456,2992598.0,0.0,215605.0
2026-09-22,3715,2457318.0,0.0,258848.0
2026-09-22,2855,2610748.0,-37000.0,0.0
2026-09-22,2492,2329816.0,0.0,178897.0
2026-09-22,2412,2401352.0,53726.0,23000.0
2026-09-22,3042,2408854.0,-159000.0,213425.0
2026-09-22,6213,2398157.0,39000.0,-47767.0
2026-09-22,2884,1423982.0,570043.0,384538.0
2026-09-22,2379,2022693.0,-51362.0,63677.0
2026-09-22,2454,1541804.0,373171.0,57473.0
2026-09-22,2305,1878974.0,0.0,1000.0
2026-09-22,4956,1839000.0,0.0,0.0
2026-09-22,2436,1497647.0,0.0,131568.0
2026-09-22,3034,1447977.0,-79267.0,158439.0
2026-09-22,3044,1459888.0,70000.0,-56825.0
2026-09-22,3605,-762733.0,2487000.0,-262274.0
2026-09-22,3576,1440618.0,0.0,0.0
2026-09-22,3014,1292908.0,137416.0,-19922.0
2026-09-22,6526,1459513.0,-43000.0,-10187.0
2026-09-22,5880,560222.0,515206.0,200000.0
2026-09-22,2342,1212867.0,0.0,15615.0
2026-09-22,8021,-521808.0,1852000.0,-137360.0
2026-09-22,3702,185850.0,1164000.0,-157872.0
2026-09-22,8261,875735.0,0.0,137829.0
2026-09-22,2313,817185.0,403656.0,-240930.0
2026-09-22,9945,864389.0,0.0,5859.0
2026-09-22,2615,1151288.0,-67654.0,-229455.0
2026-09-22,6533,797891.0,10000.0,4276.0
2026-09-22,2603,-419237.0,975211.0,125973.0
2026-09-22,2421,619629.0,0.0,53706.0
2026-09-22,6271,649248.0,0.0,14880.0
2026-09-22,3029,642159.0,0.0,3691.0
2026-09-22,2493,504058.0,-2000.0,125140.0
2026-09-22,3717,704246.0,0.0,-113292.0
2026-09-22,1809,577853.0,0.0,-2336.0
2026-09-22,1708,530857.0,0.0,-339.0
2026-09-22,2880,52625.0,-191244.0,657585.0
2026-09-22,3090,371669.0,134000.0,-7622.0
2026-09-22,2377,515656.0,-20000.0,-21083.0
2026-09-22,6415,453907.0,-13000.0,24774.0
2026-09-22,2376,657464.0,-6446.0,-198786.0
2026-09-22,2484,407823.0,0.0,-2000.0
2026-09-22,1727,234647.0,0.0,167574.0
2026-09-22,6789,263116.0,-1000.0,134105.0
2026-09-22,2395,536624.0,-120985.0,-26422.0
2026-09-22,3563,300544.0,0.0,34634.0
2026-09-22,3518,322000.0,0.0,0.0
2026-09-22,3055,245044.0,0.0,75017.0
2026-09-22,2308,-1323385.0,1642057.0,-7321.0
2026-09-22,2027,278507.0,-34000.0,66379.0
2026-09-22,3167,248466.0,44000.0,-21255.0
2026-09-22,6805,-150983.0,430700.0,-8718.0
2026-09-22,2404,68293.0,153000.0,41607.0
2026-09-22,6196,306696.0,-61000.0,13507.0
2026-09-22,3661,190994.0,1000.0,57502.0
2026-09-22,3533,163791.0,-50000.0,132558.0
2026-09-22,8996,-312545.0,497000.0,57398.0
2026-09-22,4916,191995.0,0.0,41166.0
2026-09-22,1560,159400.0,86600.0,-29268.0
2026-09-22,6861,192864.0,0.0,15353.0
2026-09-22,2451,234203.0,-10000.0,-23828.0
2026-09-22,8103,231162.0,0.0,-38509.0
2026-09-22,1216,-181703.0,199411.0,155857.0
2026-09-22,6166,152558.0,0.0,4057.0
2026-09-22,2357,38973.0,32047.0,42745.0
2026-09-22,2472,90353.0,0.0,19041.0
2026-09-22,6933,106320.0,0.0,-1864.0
2026-09-22,3094,239814.0,0.0,-139837.0
2026-09-22,7610,78334.0,0.0,-580.0
2026-09-22,6285,28468.0,0.0,47470.0
2026-09-22,6214,67481.0,0.0,7992.0
2026-09-22,6944,43532.0,0.0,4657.0
2026-09-22,7769,238850.0,-187161.0,-8433.0
2026-09-22,8028,-3025665.0,3007000.0,55673.0
2026-09-22,8210,31991.0,-2000.0,6652.0
2026-09-22,6691,19759.0,0.0,13380.0
2026-09-22,6831,96930.0,-64000.0,-1172.0
2026-09-22,2351,-42226.0,65000.0,8939.0
2026-09-22,7822,36270.0,0.0,-5894.0
2026-09-22,4919,-644251.0,-3000.0,653128.0
2026-09-22,7711,-4491.0,3000.0,-2313.0
2026-09-22,4770,40687.0,0.0,-45090.0
2026-09-22,5269,1715.0,0.0,-7694.0
2026-09-22,7795,-15866.0,0.0,-513.0
2026-09-22,1519,-9084.0,-4000.0,-4977.0
2026-09-22,3532,343569.0,-1000.0,-365146.0
2026-09-22,2059,-68958.0,23960.0,3905.0
2026-09-22,2467,-47813.0,0.0,2395.0
2026-09-22,6834,6646.0,0.0,-55795.0
2026-09-22,3443,3092.0,-80378.0,27984.0
2026-09-22,4566,-64648.0,0.0,394.0
2026-09-22,6197,1538.0,0.0,-66935.0
2026-09-22,7750,-64156.0,0.0,-1556.0
2026-09-22,2360,-13199.0,-74294.0,16089.0
2026-09-22,2801,10545.0,-143000.0,37523.0
2026-09-22,6531,-108070.0,4000.0,-1680.0
2026-09-22,6830,-117127.0,0.0,6976.0
2026-09-22,6715,-76542.0,0.0,-34191.0
2026-09-22,3653,-200281.0,85937.0,-4385.0
2026-09-22,2302,-124698.0,0.0,-41.0
2026-09-22,6451,-136256.0,0.0,-12573.0
2026-09-22,1590,-185473.0,-1000.0,-2487.0
2026-09-22,3017,-217267.0,-7356.0,30332.0
2026-09-22,2301,219465.0,-147664.0,-271072.0
2026-09-22,6446,-211786.0,-50230.0,37968.0
2026-09-22,6515,93562.0,-320700.0,-663.0
2026-09-22,6442,40356.0,-270000.0,-5474.0
2026-09-22,2466,-250856.0,0.0,2.0
2026-09-22,2345,-149415.0,-172424.0,50796.0
2026-09-22,6669,946624.0,-1244158.0,25352.0
2026-09-22,2383,331258.0,-653668.0,49836.0
2026-09-22,7799,-294537.0,20000.0,410.0
2026-09-22,2382,-2045014.0,1593253.0,140732.0
2026-09-22,3008,-513282.0,168932.0,28063.0
2026-09-22,2474,-361870.0,26000.0,10253.0
2026-09-22,1326,-233074.0,0.0,-118592.0
2026-09-22,4967,-333601.0,0.0,-22522.0
2026-09-22,2486,-275791.0,-150000.0,62139.0
2026-09-22,3645,-379000.0,0.0,-14574.0
2026-09-22,6426,-432635.0,0.0,98.0
2026-09-22,6205,-450240.0,0.0,126.0
2026-09-22,3019,-420822.0,0.0,-45742.0
2026-09-22,2458,-474000.0,-5000.0,11316.0
2026-09-22,2912,-500663.0,0.0,349.0
2026-09-22,2049,-506703.0,0.0,-10593.0
2026-09-22,1709,-539975.0,0.0,18687.0
2026-09-22,6139,-456766.0,1000.0,-88110.0
2026-09-22,8039,-383076.0,0.0,-172242.0
2026-09-22,3376,-497226.0,0.0,-73466.0
2026-09-22,3036,-563968.0,-10168.0,-23975.0
2026-09-22,6239,1666819.0,-2132940.0,-147097.0
2026-09-22,6209,-582700.0,0.0,-216925.0
2026-09-22,3406,-714177.0,1000.0,-108962.0
2026-09-22,3665,-568358.0,-291130.0,34719.0
2026-09-22,2881,351952.0,-1561461.0,198078.0
2026-09-22,3026,-1090208.0,16000.0,34376.0
2026-09-22,1476,-1096863.0,-4201.0,3178.0
2026-09-22,1717,-1075442.0,0.0,-25850.0
2026-09-22,6919,-1126221.0,0.0,17347.0
2026-09-22,6505,-2869872.0,1594167.0,-38808.0
2026-09-22,6672,-1328754.0,0.0,-22744.0
2026-09-22,3706,-182027.0,-1107000.0,-67803.0
2026-09-22,2356,-1579157.0,-25699.0,54472.0
2026-09-22,2363,-2712784.0,0.0,1075832.0
2026-09-22,1504,-1583250.0,-31000.0,-39578.0
2026-09-22,6706,-1788283.0,0.0,11972.0
2026-09-22,2882,-1749364.0,-73536.0,36132.0
2026-09-22,2464,-1900409.0,0.0,23937.0
2026-09-22,2890,-2774393.0,413428.0,458902.0
2026-09-22,2812,-1876905.0,0.0,-41761.0
2026-09-22,2489,-957822.0,0.0,-976021.0
2026-09-22,2498,-1905988.0,0.0,-61295.0
2026-09-22,2368,-2207477.0,312710.0,-75276.0
2026-09-22,1802,-1382052.0,0.0,-678078.0
2026-09-22,3450,-1997425.0,-450000.0,53319.0
2026-09-22,4938,-2865572.0,37000.0,165295.0
2026-09-22,3714,-2601978.0,0.0,-263463.0
2026-09-22,3006,-3105366.0,20000.0,-177208.0
2026-09-22,2426,-3182647.0,0.0,-118685.0
2026-09-22,2891,-3778829.0,-55224.0,505920.0
2026-09-22,2337,-3558480.0,44000.0,164075.0
2026-09-22,2455,-2880406.0,-199000.0,-290316.0
2026-09-22,8112,-3578548.0,0.0,-23669.0
2026-09-22,8110,-3788500.0,0.0,-57938.0
2026-09-22,2542,-5151065.0,1569000.0,-330979.0
2026-09-22,2406,-4103100.0,0.0,-32539.0
2026-09-22,2330,-4329504.0,-405634.0,467394.0
2026-09-22,2834,-4377801.0,0.0,2475.0
2026-09-22,1301,-4923711.0,0.0,-255468.0
2026-09-22,4763,-5750319.0,0.0,-604844.0
2026-09-22,2344,7783688.0,-15494573.0,-342679.0
2026-09-22,6443,-9364000.0,0.0,-92931.0
2026-09-22,5871,-9722296.0,23376.0,49999.0
2026-09-22,2353,-9622669.0,102782.0,-130620.0
2026-09-22,2002,-13857833.0,-21000.0,-109184.0
2026-09-22,2324,-19467750.0,-73858.0,11345.0
2026-09-22,2887,-21626163.0,-1315022.0,930702.0
2026-09-22,2408,-22444770.0,-103066.0,-1155356.0
2026-09-22,1303,-24347573.0,638422.0,-870108.0
2026-09-22,1314,-26529722.0,0.0,-1524357.0
2026-09-22,2883,-27960513.0,-510226.0,-167395.0
2026-09-22,3231,-30549430.0,-5434984.0,-182671.0
2026-09-21,2409,235893466.0,-27329.0,22412688.0
2026-09-21,3481,33144705.0,-4898002.0,6988283.0
2026-09-21,2883,24488572.0,579766.0,-315856.0
2026-09-21,1314,15575211.0,0.0,1484565.0
2026-09-21,6116,15096160.0,0.0,451752.0
2026-09-21,8150,14263698.0,0.0,996035.0
2026-09-21,2449,2032750.0,4558342.0,1016586.0
2026-09-21,2855,7302558.0,5000.0,0.0
2026-09-21,2891,5840484.0,1043032.0,245200.0
2026-09-21,2882,6268529.0,100259.0,453782.0
2026-09-21,2884,5086118.0,771315.0,848127.0
2026-09-21,3711,5123021.0,541577.0,1028527.0
2026-09-21,2881,7344803.0,-1102504.0,378785.0
2026-09-21,2308,2274214.0,3392561.0,899725.0
2026-09-21,2303,-5725538.0,7900796.0,3606620.0
2026-09-21,1303,2173486.0,3134000.0,401683.0
2026-09-21,6213,5292275.0,-112000.0,355416.0
2026-09-21,1802,4389882.0,4000.0,1069544.0
2026-09-21,2892,4848844.0,309276.0,72317.0
2026-09-21,2363,3954180.0,0.0,665917.0
2026-09-21,2609,4207738.0,29000.0,302140.0
2026-09-21,6505,4037600.0,326792.0,-91379.0
2026-09-21,2330,2689504.0,734606.0,614602.0
2026-09-21,2890,3790257.0,74678.0,60036.0
2026-09-21,2454,3156867.0,312803.0,346817.0
2026-09-21,6257,3063495.0,18000.0,602574.0
2026-09-21,1709,3512168.0,0.0,145629.0
2026-09-21,2886,2871980.0,567002.0,83181.0
2026-09-21,6456,3157339.0,0.0,311574.0
2026-09-21,6168,3108000.0,0.0,8078.0
2026-09-21,2812,2788000.0,0.0,52489.0
2026-09-21,2618,1727653.0,905000.0,192935.0
2026-09-21,5880,1770400.0,407000.0,582685.0
2026-09-21,3016,2418671.0,0.0,270195.0
2026-09-21,2353,3290238.0,44227.0,-708071.0
2026-09-21,6706,2590922.0,0.0,1109.0
2026-09-21,2885,2186498.0,143256.0,135438.0
2026-09-21,3045,2391247.0,18584.0,35000.0
2026-09-21,2327,1155616.0,687326.0,405292.0
2026-09-21,3037,1438541.0,263934.0,352712.0
2026-09-21,2301,1657198.0,-162084.0,427910.0
2026-09-21,2379,1612927.0,-18453.0,112436.0
2026-09-21,9945,1491692.0,10000.0,8570.0
2026-09-21,2412,1074976.0,305371.0,105000.0
2026-09-21,2603,1024761.0,128803.0,226301.0
2026-09-21,6672,1349941.0,0.0,4910.0
2026-09-21,1301,1077211.0,0.0,223211.0
2026-09-21,3094,1105000.0,0.0,157995.0
2026-09-21,2498,1222637.0,0.0,21031.0
2026-09-21,6285,892243.0,2000.0,127628.0
2026-09-21,2377,794077.0,31000.0,182010.0
2026-09-21,6526,851986.0,0.0,114810.0
2026-09-21,1560,497876.0,509000.0,-67974.0
2026-09-21,6239,1581973.0,-1231175.0,538731.0
2026-09-21,2395,720210.0,51916.0,67872.0
2026-09-21,3717,1028817.0,0.0,-191822.0
2026-09-21,6166,680302.0,0.0,43502.0
2026-09-21,1809,711998.0,0.0,4611.0
2026-09-21,8021,877950.0,-55000.0,-119464.0
2026-09-21,3450,-1300885.0,2067000.0,-70228.0
2026-09-21,2451,666676.0,-9000.0,22503.0
2026-09-21,3014,596010.0,50553.0,32796.0
2026-09-21,2441,260099.0,167000.0,223568.0
2026-09-21,3036,-185606.0,750540.0,20051.0
2026-09-21,2455,-904650.0,1525000.0,-48103.0
2026-09-21,2382,-1255121.0,1675299.0,95374.0
2026-09-21,2376,570476.0,37442.0,-112629.0
2026-09-21,3044,389834.0,-20000.0,69149.0
2026-09-21,1102,293070.0,52050.0,51452.0
2026-09-21,2360,594191.0,-264075.0,-29209.0
2026-09-21,6805,-494592.0,771000.0,-13628.0
2026-09-21,2610,-959500.0,1110000.0,107484.0
2026-09-21,4916,172097.0,0.0,66575.0
2026-09-21,3645,220000.0,0.0,14623.0
2026-09-21,6205,215191.0,0.0,1715.0
2026-09-21,3443,188848.0,23373.0,-3172.0
2026-09-21,8996,278022.0,-10000.0,-71842.0
2026-09-21,3576,136252.0,0.0,18000.0
2026-09-21,3518,152405.0,0.0,1000.0
2026-09-21,2466,148289.0,0.0,2000.0
2026-09-21,2484,145797.0,0.0,3940.0
2026-09-21,4967,133751.0,0.0,8172.0
2026-09-21,2305,148728.0,0.0,-27465.0
2026-09-21,2406,75000.0,0.0,42264.0
2026-09-21,6271,113250.0,0.0,-4120.0
2026-09-21,4770,38084.0,0.0,64975.0
2026-09-21,2302,94741.0,0.0,1000.0
2026-09-21,4566,91450.0,0.0,-790.0
2026-09-21,2049,66556.0,1000.0,3935.0
2026-09-21,2342,69006.0,0.0,2014.0
2026-09-21,3035,282126.0,0.0,-213015.0
2026-09-21,3653,25502.0,37984.0,-947.0
2026-09-21,7799,30836.0,26000.0,991.0
2026-09-21,3665,-342723.0,418334.0,-18136.0
2026-09-21,3042,-29444.0,79000.0,-41553.0
2026-09-21,5269,13415.0,-1000.0,-11872.0
2026-09-21,7750,-3980.0,0.0,1769.0
2026-09-21,6944,10118.0,0.0,-12836.0
2026-09-21,7711,-1390.0,3000.0,-4331.0
2026-09-21,7822,-16000.0,0.0,-2958.0
2026-09-21,6533,-19753.0,0.0,-1099.0
2026-09-21,2404,-603031.0,572000.0,-7876.0
2026-09-21,3034,51297.0,-103834.0,7134.0
2026-09-21,1519,-38879.0,-1000.0,-10091.0
2026-09-21,7610,-53752.0,0.0,-1726.0
2026-09-21,6214,-65782.0,1000.0,-3159.0
2026-09-21,3563,-78910.0,0.0,-1597.0
2026-09-21,2421,-17295.0,-29000.0,-35373.0
2026-09-21,2059,-114412.0,14005.0,-1916.0
2026-09-21,6789,-86482.0,0.0,-24716.0
2026-09-21,7795,-117200.0,0.0,-4378.0
2026-09-21,3017,-176396.0,48145.0,-7181.0
2026-09-21,3661,-185665.0,-27956.0,61954.0
2026-09-21,6197,-91883.0,0.0,-59917.0
2026-09-21,8210,171935.0,-335000.0,2266.0
2026-09-21,3090,-179000.0,1000.0,14829.0
2026-09-21,6933,-182689.0,0.0,-5519.0
2026-09-21,3533,-175036.0,-22000.0,7666.0
2026-09-21,2467,-212207.0,0.0,19230.0
2026-09-21,6715,-165219.0,0.0,-48599.0
2026-09-21,6196,-139288.0,0.0,-81873.0
2026-09-21,3715,-218000.0,0.0,-3175.0
2026-09-21,1590,-242181.0,-2000.0,3480.0
2026-09-21,2458,-142907.0,-98000.0,-696.0
2026-09-21,6861,-254404.0,0.0,9758.0
2026-09-21,2351,-236800.0,0.0,-15425.0
2026-09-21,3055,-309918.0,0.0,53512.0
2026-09-21,6451,-277878.0,0.0,-6180.0
2026-09-21,2383,369859.0,-772021.0,90813.0
2026-09-21,6691,-319280.0,31000.0,-24001.0
2026-09-21,6426,-324110.0,0.0,8180.0
2026-09-21,1708,-312020.0,0.0,-9694.0
2026-09-21,3008,-633308.0,132983.0,170034.0
2026-09-21,8261,-315235.0,0.0,-16419.0
2026-09-21,6443,-426200.0,0.0,87815.0
2026-09-21,6831,-347963.0,-10000.0,-8235.0
2026-09-21,6531,-409732.0,63000.0,-26308.0
2026-09-21,3376,-383226.0,0.0,4572.0
2026-09-21,6415,-374444.0,-12000.0,-46801.0
2026-09-21,2474,-477339.0,-73001.0,115042.0
2026-09-21,6669,199717.0,-716626.0,76658.0
2026-09-21,3019,-417542.0,0.0,-54057.0
2026-09-21,2345,182324.0,-785580.0,115622.0
2026-09-21,2912,-576100.0,-3000.0,12000.0
2026-09-21,3167,-576967.0,-6000.0,-4409.0
2026-09-21,2357,-561949.0,-7202.0,-19188.0
2026-09-21,6830,-570152.0,0.0,-66030.0
2026-09-21,6446,-626371.0,2545.0,-14691.0
2026-09-21,3532,-548575.0,-1000.0,-90375.0
2026-09-21,3189,-1500839.0,-74000.0,919334.0
2026-09-21,7769,-203983.0,-456010.0,-798.0
2026-09-21,1216,-774708.0,104103.0,1779.0
2026-09-21,6278,-722251.0,1000.0,39990.0
2026-09-21,1476,-698357.0,7748.0,3950.0
2026-09-21,8028,-3620962.0,2935000.0,-33973.0
2026-09-21,8039,-708053.0,1000.0,-26732.0
2026-09-21,6442,-277265.0,-463000.0,-8525.0
2026-09-21,6209,-594785.0,0.0,-165207.0
2026-09-21,6139,-705296.0,-4000.0,-80958.0
2026-09-21,6515,-363969.0,-453500.0,11941.0
2026-09-21,1717,-822772.0,3000.0,8774.0
2026-09-21,2472,-152358.0,-656000.0,-3315.0
2026-09-21,2834,-1021459.0,13999.0,169856.0
2026-09-21,3406,-718157.0,-41000.0,-83743.0
2026-09-21,6834,-928559.0,0.0,58235.0
2026-09-21,2486,-929740.0,0.0,39126.0
2026-09-21,2493,-919000.0,0.0,26278.0
2026-09-21,3702,-849368.0,-32000.0,-83659.0
2026-09-21,4763,-1215416.0,17000.0,74185.0
2026-09-21,8112,-1121112.0,1000.0,-5521.0
2026-09-21,8103,-1202616.0,0.0,31969.0
2026-09-21,2492,-1491448.0,-63000.0,347775.0
2026-09-21,2030,-1195849.0,0.0,-62000.0
2026-09-21,1504,-1416402.0,-7000.0,105696.0
2026-09-21,2368,-1587862.0,-134046.0,377818.0
2026-09-21,3029,-1329878.0,0.0,-16488.0
2026-09-21,1326,-1525691.0,0.0,154971.0
2026-09-21,2356,-988043.0,-518874.0,80281.0
2026-09-21,3706,-1066994.0,-240000.0,-188540.0
2026-09-21,4956,-1518510.0,0.0,-117.0
2026-09-21,2436,-1715811.0,0.0,106244.0
2026-09-21,1727,-1609254.0,0.0,-61213.0
2026-09-21,6919,-1773698.0,0.0,6056.0
2026-09-21,3231,2099827.0,-3973287.0,97344.0
2026-09-21,2464,-1745097.0,6000.0,-82366.0
2026-09-21,2027,-1688399.0,-6000.0,-154121.0
2026-09-21,4938,-1560446.0,-375000.0,31977.0
2026-09-21,3026,-2058046.0,10000.0,94101.0
2026-09-21,2426,-1979143.0,0.0,-102132.0
2026-09-21,2880,-1198434.0,-1139430.0,83410.0
2026-09-21,2354,-2359140.0,3000.0,-105936.0
2026-09-21,8110,-2917274.0,0.0,304571.0
2026-09-21,3605,-2966949.0,0.0,159913.0
2026-09-21,3714,-3280603.0,1000.0,156333.0
2026-09-21,2337,-3069476.0,-2000.0,-91880.0
2026-09-21,8046,-1989561.0,-1491045.0,34888.0
2026-09-21,3006,-3468233.0,1000.0,-47208.0
2026-09-21,2801,-3993957.0,-209000.0,153077.0
2026-09-21,2542,-4065905.0,565999.0,-554464.0
2026-09-21,5871,-4238617.0,-41136.0,20974.0
2026-09-21,2408,-4122631.0,-38146.0,-145219.0
2026-09-21,2481,-4765038.0,1000.0,292468.0
2026-09-21,4958,-2053179.0,-3164181.0,335380.0
2026-09-21,2615,-4708910.0,-94817.0,-225798.0
2026-09-21,2317,-5703695.0,406651.0,-4330.0
2026-09-21,2887,-8106917.0,725000.0,1982929.0
2026-09-21,1101,-5824469.0,1000.0,129921.0
2026-09-21,4919,-6481750.0,485.0,-158409.0
2026-09-21,2489,-8966505.0,0.0,-403737.0
2026-09-21,2313,-8496526.0,-1032430.0,-178419.0
2026-09-21,2324,-9828289.0,-38573.0,-217409.0
2026-09-21,2002,-19712424.0,14000.0,88166.0
2026-09-21,6770,-24016466.0,87092.0,231941.0
2026-09-21,2344,-23211982.0,-855220.0,-1234113.0
2026-09-18,6770,77685143.0,3803009.0,7791436.0
2026-09-18,2344,42774232.0,-208886.0,3489976.0
2026-09-18,2303,28365568.0,13630188.0,3573793.0
2026-09-18,2408,32233006.0,3977574.0,1100734.0
2026-09-18,2449,21780880.0,-146035.0,3040136.0
2026-09-18,8150,13540649.0,0.0,2459480.0
2026-09-18,6257,13229168.0,23000.0,1777243.0
2026-09-18,2337,9853099.0,83000.0,553765.0
2026-09-18,2330,6039352.0,478401.0,1361432.0
2026-09-18,4763,6423582.0,984000.0,464321.0
2026-09-18,3711,7214976.0,-560598.0,996401.0
2026-09-18,2892,6709988.0,-1115255.0,1192021.0
2026-09-18,2412,7428946.0,-1132314.0,425000.0
2026-09-18,2426,5263810.0,0.0,542538.0
2026-09-18,3714,4644423.0,0.0,441727.0
2026-09-18,2542,1041385.0,4108390.0,-144087.0
2026-09-18,3605,4964719.0,0.0,-138774.0
2026-09-18,2481,3262230.0,1217000.0,239205.0
2026-09-18,3576,4541628.0,0.0,88000.0
2026-09-18,3717,4855298.0,0.0,-294992.0
2026-09-18,2492,4413898.0,-61000.0,156422.0
2026-09-18,2464,4138089.0,8000.0,251203.0
2026-09-18,3042,4047573.0,160000.0,185879.0
2026-09-18,2885,9335275.0,-5834995.0,782010.0
2026-09-18,6168,4171919.0,0.0,-11319.0
2026-09-18,3037,3073914.0,811935.0,197702.0
2026-09-18,2327,2423004.0,637109.0,1004558.0
2026-09-18,3006,2924740.0,482000.0,586235.0
2026-09-18,1314,3440796.0,0.0,492749.0
2026-09-18,6213,2704685.0,889000.0,-4596.0
2026-09-18,6239,5113233.0,-2618835.0,863241.0
2026-09-18,3189,2660019.0,308000.0,205557.0
2026-09-18,2308,2830326.0,-20146.0,340208.0
2026-09-18,2313,2897881.0,-13984.0,244279.0
2026-09-18,2454,2886195.0,-119993.0,291712.0
2026-09-18,3029,2738447.0,-1660.0,75637.0
2026-09-18,3094,2740300.0,0.0,15842.0
2026-09-18,3035,1798239.0,0.0,919898.0
2026-09-18,2891,2892081.0,-1613535.0,1395677.0
2026-09-18,2441,2513968.0,-5000.0,144153.0
2026-09-18,8110,2308000.0,0.0,193446.0
2026-09-18,2305,2428480.0,0.0,50000.0
2026-09-18,3034,1842211.0,215476.0,156869.0
2026-09-18,2615,2887045.0,-786715.0,-149105.0
2026-09-18,3045,-333734.0,2148492.0,54543.0
2026-09-18,6443,1540645.0,0.0,-5084.0
2026-09-18,2855,1065148.0,420816.0,0.0
2026-09-18,1727,1690882.0,0.0,-222646.0
2026-09-18,6672,1408371.0,2000.0,52482.0
2026-09-18,3702,174248.0,1283526.0,-215705.0
2026-09-18,8261,1227009.0,0.0,11847.0
2026-09-18,6426,1203511.0,0.0,-3579.0
2026-09-18,2368,70518.0,737542.0,312541.0
2026-09-18,3665,758512.0,315753.0,31628.0
2026-09-18,2027,1231443.0,4755.0,-150135.0
2026-09-18,2379,976575.0,-11652.0,64409.0
2026-09-18,6834,1000549.0,0.0,15330.0
2026-09-18,6526,668072.0,-1000.0,343346.0
2026-09-18,6415,1079410.0,-11000.0,-63909.0
2026-09-18,2404,744459.0,97000.0,131766.0
2026-09-18,6830,920181.0,0.0,52713.0
2026-09-18,3026,662634.0,268000.0,18239.0
2026-09-18,6531,1042411.0,-138000.0,42063.0
2026-09-18,3090,886130.0,0.0,20855.0
2026-09-18,6533,875035.0,0.0,-14955.0
2026-09-18,6139,912248.0,-178000.0,124287.0
2026-09-18,6209,627319.0,0.0,164779.0
2026-09-18,2376,346772.0,232241.0,165332.0
2026-09-18,2466,720419.0,0.0,0.0
2026-09-18,2880,3931048.0,-4364791.0,1149897.0
2026-09-18,5880,1224859.0,-1878809.0,1338729.0
2026-09-18,2603,714802.0,-10813.0,-19465.0
2026-09-18,6451,610681.0,0.0,8840.0
2026-09-18,8996,589764.0,-20347.0,36969.0
2026-09-18,8046,-393073.0,855128.0,138658.0
2026-09-18,4967,588139.0,0.0,9491.0
2026-09-18,6691,519725.0,-2000.0,45226.0
2026-09-18,2342,533248.0,0.0,3317.0
2026-09-18,6214,514886.0,0.0,20000.0
2026-09-18,3044,518662.0,-23322.0,27602.0
2026-09-18,6197,413979.0,0.0,84465.0
2026-09-18,3661,2543786.0,-2126268.0,80419.0
2026-09-18,2302,473785.0,0.0,3000.0
2026-09-18,2363,277825.0,0.0,194124.0
2026-09-18,2451,423489.0,-8000.0,22687.0
2026-09-18,2030,424361.0,0.0,-9000.0
2026-09-18,3014,372850.0,31698.0,10212.0
2026-09-18,8028,398724.0,0.0,10827.0
2026-09-18,6789,310174.0,1000.0,52003.0
2026-09-18,5269,318996.0,-1378.0,21854.0
2026-09-18,1519,273189.0,22000.0,39423.0
2026-09-18,2421,220946.0,-15000.0,128043.0
2026-09-18,6919,210434.0,3000.0,107097.0
2026-09-18,6805,-236676.0,497000.0,45288.0
2026-09-18,6271,282047.0,0.0,18726.0
2026-09-18,4770,210174.0,0.0,84284.0
2026-09-18,2377,306772.0,-14000.0,-3287.0
2026-09-18,1708,335169.0,0.0,-46919.0
2026-09-18,6196,172720.0,-1000.0,106419.0
2026-09-18,3055,271000.0,0.0,7000.0
2026-09-18,6706,123917.0,0.0,144814.0
2026-09-18,4916,229552.0,0.0,38380.0
2026-09-18,6278,188.0,30000.0,189268.0
2026-09-18,2486,177683.0,0.0,35414.0
2026-09-18,3017,-1310.0,41794.0,165403.0
2026-09-18,3231,-3502354.0,3044019.0,633184.0
2026-09-18,6861,141000.0,0.0,25528.0
2026-09-18,8039,1886851.0,-1991000.0,239993.0
2026-09-18,7711,153594.0,18000.0,-40292.0
2026-09-18,7799,125622.0,15000.0,-39000.0
2026-09-18,6442,205911.0,-147000.0,35285.0
2026-09-18,6944,60714.0,-10600.0,26455.0
2026-09-18,7769,44092.0,2351.0,28355.0
2026-09-18,3563,64906.0,0.0,5955.0
2026-09-18,3518,55000.0,0.0,1000.0
2026-09-18,2406,20002.0,0.0,29310.0
2026-09-18,2458,136003.0,-128195.0,34202.0
2026-09-18,2472,531115.0,-500000.0,941.0
2026-09-18,1102,-1632428.0,1485518.0,174203.0
2026-09-18,3653,18289.0,-1696.0,2003.0
2026-09-18,4566,11429.0,0.0,2000.0
2026-09-18,6515,15105.0,-13000.0,5397.0
2026-09-18,2360,-166234.0,88874.0,82438.0
2026-09-18,6831,176198.0,-190000.0,9864.0
2026-09-18,7750,-20819.0,-5000.0,11410.0
2026-09-18,7822,-9000.0,0.0,-6174.0
2026-09-18,1560,-314121.0,298000.0,-807.0
2026-09-18,2436,-58038.0,0.0,34872.0
2026-09-18,3645,-33610.0,0.0,4912.0
2026-09-18,6205,-38000.0,0.0,1000.0
2026-09-18,2493,75679.0,0.0,-115208.0
2026-09-18,2395,-26983.0,-25901.0,8994.0
2026-09-18,1809,-57970.0,0.0,5328.0
2026-09-18,6166,-70900.0,0.0,9881.0
2026-09-18,2474,-427362.0,288095.0,74972.0
2026-09-18,2351,-34201.0,0.0,-35263.0
2026-09-18,3019,-112000.0,0.0,-553.0
2026-09-18,3533,-77446.0,-48941.0,4871.0
2026-09-18,2059,-129133.0,2330.0,-1662.0
2026-09-18,8210,64940.0,-212000.0,14472.0
2026-09-18,3715,-162984.0,0.0,18434.0
2026-09-18,3008,-375708.0,131930.0,79532.0
2026-09-18,6933,-181013.0,0.0,-3394.0
2026-09-18,2383,315586.0,-580397.0,58264.0
2026-09-18,2489,-341405.0,0.0,133733.0
2026-09-18,2455,-641603.0,211000.0,214503.0
2026-09-18,3376,-232011.0,44000.0,-29542.0
2026-09-18,2467,-232605.0,0.0,8621.0
2026-09-18,3016,-478742.0,0.0,231849.0
2026-09-18,7610,-280156.0,11000.0,2606.0
2026-09-18,6456,-226856.0,0.0,-43643.0
2026-09-18,7795,-284478.0,6000.0,-6635.0
2026-09-18,1590,-319178.0,7000.0,24524.0
2026-09-18,4919,-135200.0,-391000.0,206397.0
2026-09-18,1216,306570.0,-960975.0,310189.0
2026-09-18,1476,-465508.0,74239.0,24827.0
2026-09-18,3443,-515777.0,90547.0,45855.0
2026-09-18,2912,-582961.0,123039.0,57439.0
2026-09-18,3167,-612448.0,55000.0,40172.0
2026-09-18,6285,-526669.0,2000.0,-35180.0
2026-09-18,2049,-567539.0,-4419.0,-28718.0
2026-09-18,2484,-614620.0,0.0,2523.0
2026-09-18,6715,-403768.0,-265000.0,49587.0
2026-09-18,4956,-634248.0,0.0,5335.0
2026-09-18,6446,-9221504.0,8555302.0,27842.0
2026-09-18,2382,-6125357.0,5115730.0,350163.0
2026-09-18,4938,-635904.0,-232060.0,191845.0
2026-09-18,3450,-641850.0,6000.0,-68932.0
2026-09-18,8021,-823535.0,1000.0,78368.0
2026-09-18,3532,-521471.0,-2000.0,-229765.0
2026-09-18,2345,-255616.0,-670784.0,170953.0
2026-09-18,1717,-1557260.0,686000.0,80922.0
2026-09-18,2357,194424.0,-977208.0,-15451.0
2026-09-18,9945,-1552202.0,689000.0,-36496.0
2026-09-18,8103,-744934.0,0.0,-158165.0
2026-09-18,2002,-1699231.0,14578.0,763000.0
2026-09-18,3406,-1261819.0,182000.0,153183.0
2026-09-18,6669,-325425.0,-677007.0,42963.0
2026-09-18,2356,-311311.0,-885339.0,226462.0
2026-09-18,3706,-1009794.0,-163175.0,-35452.0
2026-09-18,1301,-1085969.0,-2000.0,-159103.0
2026-09-18,2890,-1206681.0,-992176.0,803171.0
2026-09-18,2498,-1146875.0,-344000.0,77115.0
2026-09-18,2886,2500838.0,-5024975.0,1037526.0
2026-09-18,8112,-1725841.0,0.0,50013.0
2026-09-18,2618,-11354448.0,9293811.0,324133.0
2026-09-18,5871,-1914087.0,-31630.0,138625.0
2026-09-18,2353,-2255356.0,37266.0,368130.0
2026-09-18,1326,-2370030.0,442000.0,-158568.0
2026-09-18,6505,-2501065.0,-180461.0,279224.0
2026-09-18,2610,-4707761.0,1950765.0,319412.0
2026-09-18,2881,-1794526.0,-1921652.0,1198869.0
2026-09-18,3036,-3459879.0,686003.0,117717.0
2026-09-18,1101,-4088563.0,10000.0,1169950.0
2026-09-18,6116,-3044666.0,0.0,75719.0
2026-09-18,2301,-3141261.0,11300.0,133774.0
2026-09-18,2324,-5201380.0,767243.0,937609.0
2026-09-18,1504,-3762700.0,13936.0,136788.0
2026-09-18,2609,-4059571.0,-90572.0,490296.0
2026-09-18,2354,-3949618.0,-5000.0,2320.0
2026-09-18,2812,-5148726.0,61788.0,549000.0
2026-09-18,1802,-6341528.0,123000.0,341689.0
2026-09-18,2317,-6697630.0,-544169.0,1212845.0
2026-09-18,2882,-43387.0,-8530045.0,1243552.0
2026-09-18,2883,-8141925.0,-633893.0,1007774.0
2026-09-18,4958,-9026745.0,-432397.0,-252538.0
2026-09-18,1303,-10938712.0,443167.0,30891.0
2026-09-18,2801,-11776156.0,-40816.0,1283224.0
2026-09-18,2887,-8002342.0,-2448561.0,-501554.0
2026-09-18,1709,-13361132.0,0.0,-70260.0
2026-09-18,2884,-17250967.0,1205760.0,468684.0
2026-09-18,2834,-23884693.0,52413.0,979242.0
2026-09-18,3481,-22782285.0,-1832293.0,-2071247.0
2026-09-18,2409,-52162597.0,3630311.0,3469798.0
2026-09-17,2409,53222717.0,-21000.0,2322410.0
2026-09-17,2303,8951822.0,27909000.0,3569325.0
2026-09-17,6770,32652611.0,-13000.0,3410413.0
2026-09-17,2834,26930791.0,15000.0,440000.0
2026-09-17,1314,25034061.0,0.0,2277281.0
2026-09-17,2609,21855407.0,415000.0,896526.0
2026-09-17,1303,-4967411.0,23317000.0,722608.0
2026-09-17,6505,8158606.0,5451000.0,1159922.0
2026-09-17,2884,3450313.0,8685000.0,526747.0
2026-09-17,1101,11739053.0,66000.0,290817.0
2026-09-17,3231,8826396.0,2001000.0,743936.0
2026-09-17,2883,12687715.0,-2270000.0,842935.0
2026-09-17,2892,4325130.0,6181000.0,411265.0
2026-09-17,1301,9109152.0,0.0,874762.0
2026-09-17,2317,8880253.0,109104.0,825876.0
2026-09-17,2412,10044192.0,-563000.0,28000.0
2026-09-17,6257,8544484.0,-6000.0,476380.0
2026-09-17,1326,7698517.0,0.0,951752.0
2026-09-17,2353,7032082.0,814000.0,276286.0
2026-09-17,2382,4789559.0,3040000.0,145000.0
2026-09-17,2610,5877570.0,1218000.0,441266.0
2026-09-17,5880,7180538.0,76000.0,257630.0
2026-09-17,2891,3567129.0,3698000.0,-3710.0
2026-09-17,2615,4971217.0,0.0,2054885.0
2026-09-17,2489,5734962.0,0.0,1186619.0
2026-09-17,2618,3947844.0,2641000.0,227831.0
2026-09-17,3702,4960366.0,781000.0,579784.0
2026-09-17,2886,1750413.0,3715000.0,471067.0
2026-09-17,9945,3330599.0,887000.0,1065377.0
2026-09-17,2330,4794190.0,-59590.0,509161.0
2026-09-17,2801,-5460779.0,9468000.0,392076.0
2026-09-17,2027,1564764.0,1985000.0,150654.0
2026-09-17,1727,3435056.0,0.0,138782.0
2026-09-17,1102,3359522.0,180000.0,5891.0
2026-09-17,2880,5363261.0,-2023000.0,134275.0
2026-09-17,3036,470075.0,2582000.0,405663.0
2026-09-17,2890,-4833970.0,7975000.0,25834.0
2026-09-17,2603,577527.0,2214000.0,351175.0
2026-09-17,3711,2463346.0,375000.0,216745.0
2026-09-17,3706,2807652.0,-9000.0,-48868.0
2026-09-17,2449,2268760.0,-2000.0,298779.0
2026-09-17,2441,2203744.0,-2000.0,111943.0
2026-09-17,2812,2185823.0,2000.0,87476.0
2026-09-17,1216,1953302.0,48000.0,-3221.0
2026-09-17,1708,1847972.0,0.0,69668.0
2026-09-17,2542,-1302064.0,3013000.0,85192.0
2026-09-17,4763,466138.0,1269000.0,10155.0
2026-09-17,2377,1766448.0,-174000.0,75964.0
2026-09-17,2855,1220019.0,447000.0,0.0
2026-09-17,2354,1546696.0,0.0,47297.0
2026-09-17,2363,1530591.0,0.0,60454.0
2026-09-17,8021,1638443.0,-25000.0,-35778.0
2026-09-17,4938,1329003.0,294000.0,-46412.0
2026-09-17,2305,1514000.0,0.0,33558.0
2026-09-17,3035,1244978.0,0.0,247287.0
2026-09-17,2379,1511281.0,-80000.0,11214.0
2026-09-17,6239,1275987.0,-4000.0,113183.0
2026-09-17,8150,1372868.0,0.0,-8065.0
2026-09-17,2395,1288266.0,-2000.0,13338.0
2026-09-17,4956,1177000.0,0.0,6842.0
2026-09-17,6168,1145742.0,0.0,28621.0
2026-09-17,2455,81717.0,551000.0,489421.0
2026-09-17,6285,944875.0,3000.0,60429.0
2026-09-17,2408,308582.0,554000.0,143769.0
2026-09-17,3042,1049423.0,-117000.0,34335.0
2026-09-17,2030,953152.0,0.0,9000.0
2026-09-17,2049,753765.0,-1000.0,34655.0
2026-09-17,3045,762211.0,51000.0,-33300.0
2026-09-17,2436,734206.0,-18000.0,-18594.0
2026-09-17,3576,685100.0,0.0,9000.0
2026-09-17,1560,530041.0,52000.0,107717.0
2026-09-17,7799,564103.0,20000.0,5595.0
2026-09-17,2302,471302.0,0.0,97800.0
2026-09-17,2474,102145.0,428000.0,20763.0
2026-09-17,6214,528367.0,0.0,18000.0
2026-09-17,4916,446702.0,0.0,83881.0
2026-09-17,3094,521284.0,0.0,2592.0
2026-09-17,2912,194370.0,280000.0,7000.0
2026-09-17,2351,451042.0,30000.0,-15187.0
2026-09-17,2376,-1025111.0,1412000.0,78302.0
2026-09-17,3717,791148.0,0.0,-336574.0
2026-09-17,4770,430178.0,0.0,-5794.0
2026-09-17,2454,300476.0,37185.0,81950.0
2026-09-17,1802,-105125.0,47000.0,445420.0
2026-09-17,2881,2286403.0,-1395000.0,-507368.0
2026-09-17,3014,351599.0,20854.0,988.0
2026-09-17,6271,345061.0,0.0,-10911.0
2026-09-17,3029,410783.0,0.0,-85855.0
2026-09-17,3605,373663.0,0.0,-67357.0
2026-09-17,3518,259000.0,0.0,1000.0
2026-09-17,2484,264074.0,0.0,-8171.0
2026-09-17,6805,-48262.0,288000.0,9214.0
2026-09-17,5269,264334.0,-35.0,-24658.0
2026-09-17,3026,-524612.0,752000.0,11103.0
2026-09-17,2421,182209.0,0.0,51105.0
2026-09-17,3665,155576.0,71500.0,5458.0
2026-09-17,4566,234600.0,0.0,-8000.0
2026-09-17,6197,190976.0,0.0,34616.0
2026-09-17,3034,219882.0,-22000.0,2847.0
2026-09-17,1809,179538.0,0.0,2791.0
2026-09-17,8028,-1870975.0,1971000.0,78686.0
2026-09-17,6715,863287.0,-671000.0,-16361.0
2026-09-17,6919,135118.0,0.0,7415.0
2026-09-17,6278,136242.0,9000.0,-22840.0
2026-09-17,3645,111417.0,0.0,2818.0
2026-09-17,6426,123000.0,0.0,-10114.0
2026-09-17,2301,24125.0,42000.0,40662.0
2026-09-17,6205,101078.0,0.0,-687.0
2026-09-17,2466,96067.0,0.0,2000.0
2026-09-17,3055,87975.0,0.0,7000.0
2026-09-17,6533,65608.0,0.0,28301.0
2026-09-17,6526,90250.0,0.0,-65.0
2026-09-17,3563,76678.0,0.0,3798.0
2026-09-17,3008,-10634.0,33546.0,53517.0
2026-09-17,2360,70641.0,-27193.0,31224.0
2026-09-17,6834,46457.0,0.0,26472.0
2026-09-17,3653,39491.0,51947.0,-18859.0
2026-09-17,7769,44008.0,-1000.0,18680.0
2026-09-17,7711,38996.0,0.0,15618.0
2026-09-17,7822,50000.0,0.0,3632.0
2026-09-17,2406,43000.0,0.0,-14001.0
2026-09-17,6456,1915.0,0.0,25234.0
2026-09-17,1519,16882.0,3000.0,1244.0
2026-09-17,3533,25689.0,-50054.0,34716.0
2026-09-17,3443,-410128.0,430200.0,-12465.0
2026-09-17,1709,-122335.0,0.0,128493.0
2026-09-17,2342,-10262.0,0.0,8445.0
2026-09-17,6166,-1574.0,0.0,-714.0
2026-09-17,6831,2833.0,0.0,-6605.0
2026-09-17,6944,-9101.0,0.0,4465.0
2026-09-17,6861,7236.0,0.0,-15750.0
2026-09-17,2357,218598.0,-298000.0,65131.0
2026-09-17,7750,-27015.0,6000.0,1800.0
2026-09-17,2059,-124112.0,68056.0,6572.0
2026-09-17,6789,-59193.0,-1000.0,-6332.0
2026-09-17,6196,-67925.0,1000.0,-859.0
2026-09-17,2356,-219969.0,16000.0,128103.0
2026-09-17,2404,-16618.0,-55000.0,-11573.0
2026-09-17,3090,-53408.0,0.0,-33372.0
2026-09-17,3017,-154755.0,11229.0,55613.0
2026-09-17,4919,-52660.0,0.0,-36686.0
2026-09-17,8996,-102561.0,-16000.0,25811.0
2026-09-17,6830,-82187.0,0.0,-11050.0
2026-09-17,8210,-49134.0,-57000.0,2463.0
2026-09-17,6415,-88239.0,-1000.0,-18581.0
2026-09-17,2493,-201300.0,0.0,89652.0
2026-09-17,6515,-77437.0,-41016.0,1311.0
2026-09-17,2467,-136068.0,0.0,9201.0
2026-09-17,7610,-128961.0,0.0,646.0
2026-09-17,1504,-248659.0,31000.0,82001.0
2026-09-17,6691,-126334.0,-5000.0,-4565.0
2026-09-17,6451,-124444.0,0.0,-12836.0
2026-09-17,7795,-181590.0,0.0,35938.0
2026-09-17,8261,-69234.0,0.0,-80370.0
2026-09-17,2308,-662977.0,253498.0,254228.0
2026-09-17,2383,275422.0,-743000.0,293974.0
2026-09-17,2458,-165000.0,0.0,-8974.0
2026-09-17,2472,313151.0,-500000.0,-9292.0
2026-09-17,1476,-254004.0,53000.0,4393.0
2026-09-17,5871,-112350.0,-118000.0,29624.0
2026-09-17,1590,-227512.0,-1092.0,1244.0
2026-09-17,3167,-513881.0,250000.0,-7967.0
2026-09-17,6443,-256609.0,0.0,-27561.0
2026-09-17,2885,7850133.0,-8334690.0,172473.0
2026-09-17,8103,-362991.0,0.0,40703.0
2026-09-17,2498,-307157.0,0.0,-36154.0
2026-09-17,4967,-309991.0,0.0,-55019.0
2026-09-17,6933,-384338.0,0.0,43.0
2026-09-17,3532,-385703.0,0.0,-49033.0
2026-09-17,3376,-395883.0,0.0,-61303.0
2026-09-17,1717,-419790.0,0.0,-50481.0
2026-09-17,2451,-331663.0,-104000.0,-54786.0
2026-09-17,6446,-529891.0,2000.0,18345.0
2026-09-17,3019,-412351.0,0.0,-104765.0
2026-09-17,6531,-531350.0,9000.0,-7469.0
2026-09-17,6669,64967.0,-580500.0,-18813.0
2026-09-17,6139,-323838.0,-214000.0,-62918.0
2026-09-17,3037,806925.0,-1519000.0,97536.0
2026-09-17,3044,-565096.0,-22000.0,-62303.0
2026-09-17,6442,-430971.0,-175000.0,-45315.0
2026-09-17,2345,480351.0,-1210000.0,34833.0
2026-09-17,2486,-715716.0,0.0,10112.0
2026-09-17,3661,-411193.0,-363500.0,28350.0
2026-09-17,3406,-860842.0,-30000.0,102742.0
2026-09-17,6706,-823000.0,0.0,-111345.0
2026-09-17,6209,-904967.0,0.0,-80503.0
2026-09-17,2324,-1455877.0,4000.0,393038.0
2026-09-17,3714,-1157260.0,0.0,77320.0
2026-09-17,3715,-1055070.0,0.0,-63163.0
2026-09-17,8046,-1303101.0,115000.0,53281.0
2026-09-17,6116,-687897.0,0.0,-449547.0
2026-09-17,3016,-1247702.0,0.0,-94444.0
2026-09-17,3006,-1276211.0,0.0,-72451.0
2026-09-17,2464,-1298066.0,11000.0,-73745.0
2026-09-17,2882,528383.0,-1737000.0,-205267.0
2026-09-17,8112,-1451109.0,0.0,-2202.0
2026-09-17,6672,-1423957.0,0.0,-74864.0
2026-09-17,2327,-2052950.0,156000.0,129284.0
2026-09-17,8110,-1892710.0,0.0,-7654.0
2026-09-17,2002,-2671748.0,79000.0,423451.0
2026-09-17,8039,-476958.0,-1585000.0,-234607.0
2026-09-17,2426,-2431443.0,0.0,52565.0
2026-09-17,3450,-3168969.0,869000.0,-131045.0
2026-09-17,3189,-3703899.0,313000.0,70004.0
2026-09-17,2368,-3669475.0,36000.0,242134.0
2026-09-17,2337,-3470365.0,-12000.0,-37446.0
2026-09-17,3481,-3825990.0,-1204000.0,54366.0
2026-09-17,2887,-13872550.0,8063000.0,403597.0
2026-09-17,2492,-4678098.0,-1523000.0,25588.0
2026-09-17,4958,-6621778.0,-542000.0,-262269.0
2026-09-17,2313,-8055735.0,560000.0,15402.0
2026-09-17,2344,-10245462.0,-51000.0,1057983.0
2026-09-17,2481,-12215249.0,1908000.0,-119812.0
2026-09-17,6213,-12078005.0,356000.0,19847.0
2026-09-16,2409,52472596.0,4000.0,4134486.0
2026-09-16,6770,42640791.0,423000.0,1992694.0
2026-09-16,3481,20867981.0,3000.0,6082416.0
2026-09-16,2344,18474026.0,177000.0,2261017.0
2026-09-16,2887,7598667.0,8184340.0,836074.0
2026-09-16,2884,6518233.0,7852000.0,63626.0
2026-09-16,2481,9276631.0,3761600.0,422374.0
2026-09-16,2891,2219592.0,9254589.0,1466650.0
2026-09-16,2609,13282855.0,-883000.0,194977.0
2026-09-16,2883,2108080.0,11139000.0,-729434.0
2026-09-16,2303,6968509.0,3910000.0,1279156.0
2026-09-16,2353,5967010.0,1007027.0,4692942.0
2026-09-16,2801,-1367186.0,12195000.0,140975.0
2026-09-16,2408,6507978.0,823000.0,806832.0
2026-09-16,2892,1700986.0,5959000.0,308027.0
2026-09-16,2834,11140556.0,-4371679.0,-45000.0
2026-09-16,2489,6108900.0,-23000.0,265702.0
2026-09-16,6116,5426269.0,0.0,667586.0
2026-09-16,2412,5858787.0,-328774.0,41000.0
2026-09-16,2305,4869912.0,0.0,-4830.0
2026-09-16,1709,4542390.0,0.0,-8192.0
2026-09-16,5880,1449488.0,2791000.0,234402.0
2026-09-16,2337,4067604.0,211000.0,92290.0
2026-09-16,2382,-157642.0,3774542.0,714229.0
2026-09-16,2882,-5144129.0,9138000.0,254843.0
2026-09-16,2890,-12738874.0,16189000.0,698117.0
2026-09-16,3714,3812929.0,18000.0,135442.0
2026-09-16,1314,3962934.0,0.0,-164434.0
2026-09-16,2615,3038414.0,-77000.0,776602.0
2026-09-16,2603,1055253.0,1741000.0,570711.0
2026-09-16,2377,1081110.0,953212.0,646782.0
2026-09-16,1802,1384637.0,21000.0,1250364.0
2026-09-16,6168,2518692.0,0.0,59222.0
2026-09-16,2426,2442990.0,0.0,93316.0
2026-09-16,8150,2600224.0,6000.0,-132668.0
2026-09-16,2027,2416.0,1983000.0,394992.0
2026-09-16,1727,2140327.0,0.0,68688.0
2026-09-16,3045,2247997.0,425061.0,-522407.0
2026-09-16,3532,1020549.0,99000.0,841680.0
2026-09-16,3006,1766701.0,32000.0,119300.0
2026-09-16,2302,1742151.0,0.0,17567.0
2026-09-16,2363,1673303.0,0.0,28811.0
2026-09-16,2342,1674726.0,0.0,8366.0
2026-09-16,3711,2606164.0,-1038000.0,95086.0
2026-09-16,4958,1779283.0,299000.0,-427844.0
2026-09-16,3042,1725301.0,6300.0,-364759.0
2026-09-16,2484,1265181.0,0.0,38163.0
2026-09-16,3605,1066850.0,0.0,183719.0
2026-09-16,4956,1203569.0,0.0,-1001.0
2026-09-16,3450,845100.0,257000.0,58656.0
2026-09-16,6209,957436.0,0.0,168978.0
2026-09-16,2885,735963.0,183000.0,198033.0
2026-09-16,3019,437577.0,0.0,641257.0
2026-09-16,3034,603662.0,343000.0,109565.0
2026-09-16,4967,956708.0,-400.0,80349.0
2026-09-16,9945,244995.0,558000.0,207614.0
2026-09-16,1504,-1024081.0,1742000.0,287561.0
2026-09-16,2436,885295.0,0.0,47709.0
2026-09-16,2881,-5296098.0,6000000.0,226192.0
2026-09-16,6443,1027420.0,0.0,-107000.0
2026-09-16,2379,949632.0,-29000.0,-26867.0
2026-09-16,8110,844524.0,0.0,4920.0
2026-09-16,2354,690218.0,-95000.0,243588.0
2026-09-16,5871,-434701.0,1212118.0,1966.0
2026-09-16,6239,1435719.0,-806000.0,113988.0
2026-09-16,2449,469437.0,-130390.0,392676.0
2026-09-16,2454,997028.0,-483152.0,215266.0
2026-09-16,2030,592988.0,0.0,132000.0
2026-09-16,6456,661809.0,0.0,59261.0
2026-09-16,6451,704551.0,2000.0,-47115.0
2026-09-16,1101,-1181801.0,1483000.0,339882.0
2026-09-16,8261,509527.0,0.0,99064.0
2026-09-16,2880,2310385.0,-1547000.0,-163425.0
2026-09-16,5269,555896.0,3000.0,20071.0
2026-09-16,2498,330849.0,0.0,247048.0
2026-09-16,3016,433173.0,0.0,134324.0
2026-09-16,3094,561258.0,0.0,-1892.0
2026-09-16,6672,495718.0,9000.0,24774.0
2026-09-16,3706,1117027.0,-506000.0,-102392.0
2026-09-16,3090,420056.0,7000.0,32865.0
2026-09-16,3014,430043.0,9978.0,1018.0
2026-09-16,6531,405547.0,-8000.0,20463.0
2026-09-16,1216,547433.0,66614.0,-203443.0
2026-09-16,2451,625504.0,-297100.0,74275.0
2026-09-16,3715,387218.0,0.0,7854.0
2026-09-16,6271,206417.0,210000.0,-28494.0
2026-09-16,7799,340704.0,14000.0,31004.0
2026-09-16,6426,356175.0,0.0,23512.0
2026-09-16,3026,125747.0,256300.0,-2801.0
2026-09-16,6715,193079.0,87000.0,74388.0
2026-09-16,3035,336702.0,0.0,17283.0
2026-09-16,2351,531077.0,0.0,-182550.0
2026-09-16,2406,441354.0,0.0,-132999.0
2026-09-16,3717,310594.0,0.0,-7100.0
2026-09-16,4919,250647.0,10000.0,31880.0
2026-09-16,6213,-77775.0,512000.0,-146776.0
2026-09-16,8996,290475.0,-5000.0,-10991.0
2026-09-16,1809,274595.0,0.0,-1900.0
2026-09-16,6805,297673.0,-64000.0,7198.0
2026-09-16,6442,214665.0,0.0,23067.0
2026-09-16,2812,2123566.0,-1934312.0,26000.0
2026-09-16,2376,-1171985.0,1097000.0,285310.0
2026-09-16,4916,191035.0,0.0,7359.0
2026-09-16,2395,387308.0,-149000.0,-41117.0
2026-09-16,3055,205007.0,0.0,-14000.0
2026-09-16,8028,-1447130.0,1590000.0,41814.0
2026-09-16,1519,-25977.0,195365.0,2965.0
2026-09-16,3518,170470.0,0.0,0.0
2026-09-16,2356,-2062473.0,596000.0,1615059.0
2026-09-16,2474,-1128123.0,1215501.0,57832.0
2026-09-16,4566,97120.0,0.0,42948.0
2026-09-16,2357,-626615.0,861000.0,-97170.0
2026-09-16,3645,135259.0,0.0,1896.0
2026-09-16,6257,825928.0,-645000.0,-60366.0
2026-09-16,3653,175582.0,-55000.0,-10626.0
2026-09-16,3533,228945.0,-65350.0,-69238.0
2026-09-16,6834,93484.0,0.0,-2816.0
2026-09-16,7711,54000.0,0.0,30002.0
2026-09-16,6533,67214.0,10000.0,-120.0
2026-09-16,2458,-103187.0,-6682.0,185007.0
2026-09-16,2466,64691.0,0.0,0.0
2026-09-16,1476,-38114.0,88000.0,6690.0
2026-09-16,6789,478674.0,-456000.0,26106.0
2026-09-16,6197,102103.0,-9000.0,-46016.0
2026-09-16,7822,32000.0,0.0,3926.0
2026-09-16,2472,537893.0,-513800.0,-140.0
2026-09-16,6691,200379.0,-200000.0,12586.0
2026-09-16,4770,9000.0,0.0,-662.0
2026-09-16,6205,9000.0,0.0,-3978.0
2026-09-16,7795,22197.0,-4000.0,-13654.0
2026-09-16,6831,-2164.0,0.0,3844.0
2026-09-16,6526,218964.0,-221000.0,-1680.0
2026-09-16,6166,-10210.0,0.0,2309.0
2026-09-16,2404,61299.0,-43000.0,-28385.0
2026-09-16,7769,-37200.0,11000.0,686.0
2026-09-16,2059,-63429.0,59000.0,-24668.0
2026-09-16,3443,-14527.0,31300.0,-48047.0
2026-09-16,7750,-38636.0,1000.0,-1659.0
2026-09-16,2855,-1602306.0,1559000.0,0.0
2026-09-16,3563,-44727.0,-2000.0,-4309.0
2026-09-16,6214,-71859.0,157.0,3811.0
2026-09-16,6933,-82114.0,0.0,10839.0
2026-09-16,6515,-43819.0,-34000.0,6406.0
2026-09-16,8046,77772.0,5000.0,-154769.0
2026-09-16,1560,-108065.0,38000.0,-2913.0
2026-09-16,2360,-103031.0,25486.0,1560.0
2026-09-16,6196,-79186.0,550.0,377.0
2026-09-16,3017,-200344.0,80000.0,30090.0
2026-09-16,6919,-79608.0,-55000.0,28650.0
2026-09-16,2912,-496802.0,386882.0,3000.0
2026-09-16,6944,-93440.0,454.0,-22795.0
2026-09-16,3189,-20476.0,151000.0,-247924.0
2026-09-16,3008,-18961.0,-38292.0,-64785.0
2026-09-16,2421,-99080.0,-26000.0,-12058.0
2026-09-16,8210,98956.0,-243000.0,393.0
2026-09-16,2383,67823.0,-147000.0,-74794.0
2026-09-16,6830,-170125.0,-3000.0,3684.0
2026-09-16,6415,-208349.0,4000.0,31474.0
2026-09-16,3576,-176500.0,0.0,-2000.0
2026-09-16,2467,-197741.0,0.0,691.0
2026-09-16,6446,-114832.0,-84375.0,2035.0
2026-09-16,1590,-209352.0,2000.0,4698.0
2026-09-16,1717,-1504274.0,175000.0,1112182.0
2026-09-16,2542,-4409817.0,3911000.0,276991.0
2026-09-16,1708,-253668.0,0.0,22750.0
2026-09-16,2493,-355556.0,0.0,104392.0
2026-09-16,2464,-395429.0,9000.0,125998.0
2026-09-16,6139,-28162.0,-130500.0,-105452.0
2026-09-16,2049,-192384.0,-2000.0,-86652.0
2026-09-16,3406,-151777.0,-60000.0,-94348.0
2026-09-16,3665,-251094.0,6213.0,-81093.0
2026-09-16,6278,-407185.0,12000.0,66462.0
2026-09-16,2492,166320.0,-59000.0,-439966.0
2026-09-16,2441,-162244.0,10000.0,-191900.0
2026-09-16,6861,-372256.0,0.0,27014.0
2026-09-16,3167,-351852.0,1000.0,2472.0
2026-09-16,7610,-387009.0,0.0,-459.0
2026-09-16,3044,-887201.0,481000.0,-24128.0
2026-09-16,4763,-1182039.0,771520.0,-42835.0
2026-09-16,2345,-258252.0,-128504.0,-112584.0
2026-09-16,3661,-441386.0,-36000.0,-24777.0
2026-09-16,2886,-1771630.0,883000.0,345019.0
2026-09-16,2308,-844243.0,551888.0,-273963.0
2026-09-16,2368,-349215.0,-269060.0,-18076.0
2026-09-16,2486,-322819.0,5000.0,-329075.0
2026-09-16,2618,-2897687.0,2100585.0,64772.0
2026-09-16,3376,-787464.0,70000.0,-26003.0
2026-09-16,4938,-1015008.0,155845.0,101842.0
2026-09-16,3702,-203169.0,-423994.0,-172333.0
2026-09-16,1102,-1274294.0,309528.0,36487.0
2026-09-16,8103,-1019522.0,0.0,64682.0
2026-09-16,8021,-972920.0,2000.0,-2568.0
2026-09-16,3029,-975741.0,-1041.0,-5345.0
2026-09-16,2313,-1741460.0,330410.0,289503.0
2026-09-16,6706,-1414895.0,0.0,255394.0
2026-09-16,3037,-1301686.0,-169000.0,-37256.0
2026-09-16,2455,-1483357.0,-64290.0,-180728.0
2026-09-16,8039,-1365697.0,12000.0,-591171.0
2026-09-16,1326,-1952804.0,0.0,-108616.0
2026-09-16,3036,-2061888.0,-309152.0,296965.0
2026-09-16,6285,-1565050.0,-736000.0,51060.0
2026-09-16,2317,-1688228.0,1281857.0,-2183450.0
2026-09-16,2301,-1279251.0,12000.0,-1366149.0
2026-09-16,8112,-2668274.0,13795.0,-362195.0
2026-09-16,6669,-2768693.0,213780.0,-599492.0
2026-09-16,2324,-2774177.0,-28000.0,-577925.0
2026-09-16,2610,-4188173.0,1008000.0,-305462.0
2026-09-16,1303,-6798444.0,2714701.0,274434.0
2026-09-16,1301,-4953433.0,0.0,-470892.0
2026-09-16,2327,-6396915.0,678020.0,-351270.0
2026-09-16,6505,-7951540.0,2583000.0,-940942.0
2026-09-16,2330,-8744380.0,166543.0,762216.0
2026-09-16,3231,-9686915.0,1993000.0,-1706679.0
2026-09-16,2002,-16480507.0,-4022000.0,137003.0
2026-09-15,2891,13796579.0,2998538.0,-249750.0
2026-09-15,2412,11835598.0,-33000.0,99000.0
2026-09-15,2887,-429822.0,3580000.0,256762.0
2026-09-15,2880,3528163.0,-627200.0,456390.0
2026-09-15,2609,2547014.0,86000.0,-171176.0
2026-09-15,3045,2396812.0,-46000.0,-191870.0
2026-09-15,3042,1992635.0,55000.0,65265.0
2026-09-15,2354,2185499.0,65000.0,-149790.0
2026-09-15,2049,1641970.0,23000.0,93935.0
2026-09-15,9945,1607431.0,26000.0,59636.0
2026-09-15,2441,1199272.0,73000.0,46003.0
2026-09-15,3406,694552.0,395000.0,125052.0
2026-09-15,3189,539042.0,695000.0,-101486.0
2026-09-15,2308,1846904.0,-964339.0,247861.0
2026-09-15,2382,522204.0,432942.0,86442.0
2026-09-15,6214,1020537.0,44408.0,-83195.0
2026-09-15,2395,881674.0,-10000.0,43136.0
2026-09-15,1102,710351.0,230952.0,-61196.0
2026-09-15,6139,814584.0,-11000.0,41230.0
2026-09-15,8046,520242.0,153000.0,115858.0
2026-09-15,2615,920976.0,-48000.0,-169519.0
2026-09-15,6213,733544.0,119000.0,-152225.0
2026-09-15,3702,906969.0,-154000.0,-91318.0
2026-09-15,2351,730753.0,8000.0,-93502.0
2026-09-15,6672,500330.0,90000.0,11116.0
2026-09-15,6271,483806.0,0.0,40409.0
2026-09-15,2492,1482191.0,-1523000.0,518206.0
2026-09-15,2484,467944.0,0.0,1210.0
2026-09-15,3017,500572.0,-46000.0,-21804.0
2026-09-15,3029,431246.0,0.0,-3443.0
2026-09-15,6442,592891.0,-245000.0,-31594.0
2026-09-15,2404,312111.0,-27000.0,24278.0
2026-09-15,6196,228493.0,1000.0,13577.0
2026-09-15,6805,405904.0,-154000.0,-41191.0
2026-09-15,2030,180566.0,0.0,22000.0
2026-09-15,6278,145122.0,50000.0,-2648.0
2026-09-15,6715,214066.0,-61000.0,17481.0
2026-09-15,6168,178287.0,0.0,-7898.0
2026-09-15,6446,153994.0,-3591.0,4494.0
2026-09-15,2472,703312.0,-558000.0,-20110.0
2026-09-15,3014,92221.0,16122.0,978.0
2026-09-15,2493,100088.0,-1000.0,-6120.0
2026-09-15,2027,701000.0,100000.0,-708438.0
2026-09-15,2886,-5029761.0,5013000.0,109166.0
2026-09-15,2912,4326.0,60523.0,24898.0
2026-09-15,3008,368333.0,-285913.0,2971.0
2026-09-15,3055,110100.0,0.0,-30000.0
2026-09-15,4919,80795.0,70000.0,-72578.0
2026-09-15,3605,-101342.0,0.0,164460.0
2026-09-15,3645,54622.0,0.0,-186.0
2026-09-15,5269,-19167.0,52000.0,10979.0
2026-09-15,8996,60880.0,1000.0,-22226.0
2026-09-15,2379,-60226.0,139000.0,-40217.0
2026-09-15,6209,35397.0,0.0,-5397.0
2026-09-15,7610,28707.0,0.0,547.0
2026-09-15,7799,-5000.0,30000.0,0.0
2026-09-15,1727,-35745.0,0.0,59775.0
2026-09-15,6166,20548.0,0.0,3076.0
2026-09-15,2466,13916.0,0.0,-2000.0
2026-09-15,3518,10362.0,0.0,0.0
2026-09-15,1590,5252.0,1900.0,2931.0
2026-09-15,7822,2000.0,0.0,6690.0
2026-09-15,6526,6161.0,1000.0,1260.0
2026-09-15,3653,-49307.0,19440.0,33682.0
2026-09-15,1708,50028.0,0.0,-47355.0
2026-09-15,1476,-12550.0,17000.0,-2924.0
2026-09-15,6944,-8614.0,6460.0,-333.0
2026-09-15,6285,-192688.0,242000.0,-56995.0
2026-09-15,4566,-17000.0,0.0,777.0
2026-09-15,6789,18537.0,-20000.0,-17787.0
2026-09-15,7750,-21843.0,0.0,831.0
2026-09-15,6933,-18700.0,0.0,-5401.0
2026-09-15,2059,-41776.0,4000.0,7193.0
2026-09-15,6691,-42088.0,4000.0,5370.0
2026-09-15,3563,-23000.0,-11000.0,-249.0
2026-09-15,6830,-24154.0,-5000.0,-8428.0
2026-09-15,6415,-16927.0,-6000.0,-16316.0
2026-09-15,6205,-42964.0,0.0,548.0
2026-09-15,6831,8475.0,-21000.0,-31323.0
2026-09-15,4770,-43999.0,-1000.0,-3930.0
2026-09-15,3037,-387537.0,347600.0,-19617.0
2026-09-15,6515,4638.0,-67000.0,-1150.0
2026-09-15,2360,-73294.0,-12847.0,21305.0
2026-09-15,7769,-60515.0,-3000.0,-1579.0
2026-09-15,6834,-44838.0,0.0,-21347.0
2026-09-15,8021,-92465.0,13000.0,10564.0
2026-09-15,3026,-263093.0,176000.0,10340.0
2026-09-15,8103,-81293.0,0.0,4367.0
2026-09-15,3443,-197458.0,103000.0,11917.0
2026-09-15,3533,-47619.0,-6100.0,-30022.0
2026-09-15,2357,-295469.0,237700.0,-31798.0
2026-09-15,6533,-90000.0,0.0,-2213.0
2026-09-15,2421,45366.0,-11000.0,-134275.0
2026-09-15,8261,-60320.0,0.0,-44224.0
2026-09-15,3090,-123446.0,49000.0,-32534.0
2026-09-15,8110,-106060.0,0.0,-11089.0
2026-09-15,3715,-21551.0,0.0,-103256.0
2026-09-15,4916,-118000.0,0.0,-8968.0
2026-09-15,2377,159803.0,-65000.0,-223339.0
2026-09-15,3717,-142000.0,0.0,4576.0
2026-09-15,4956,-137000.0,0.0,-488.0
2026-09-15,1560,-139752.0,-1000.0,2117.0
2026-09-15,6451,-137475.0,20000.0,-26996.0
2026-09-15,3665,-197760.0,29000.0,17174.0
2026-09-15,3035,-63993.0,0.0,-95535.0
2026-09-15,1519,-28608.0,-116513.0,-29856.0
2026-09-15,6197,-155980.0,-20000.0,-10685.0
2026-09-15,2451,-163770.0,-13600.0,-14478.0
2026-09-15,7795,-126647.0,-10000.0,-65007.0
2026-09-15,2467,-210144.0,1000.0,-7057.0
2026-09-15,2890,-3338525.0,3331000.0,-228350.0
2026-09-15,1809,-244010.0,0.0,674.0
2026-09-15,2458,-63915.0,-174000.0,-8983.0
2026-09-15,8210,-268512.0,20000.0,979.0
2026-09-15,6426,-243031.0,0.0,-29388.0
2026-09-15,2383,-176927.0,-99300.0,-1823.0
2026-09-15,6257,-278153.0,-14000.0,4315.0
2026-09-15,3714,-459683.0,125000.0,6628.0
2026-09-15,2455,-131090.0,-64000.0,-137770.0
2026-09-15,3661,-132959.0,-154500.0,-77540.0
2026-09-15,3036,-495174.0,36533.0,88556.0
2026-09-15,1709,-385959.0,0.0,-5218.0
2026-09-15,3034,-472872.0,85500.0,-65629.0
2026-09-15,6669,-772694.0,-8000.0,327216.0
2026-09-15,2327,-686673.0,197000.0,16338.0
2026-09-15,3532,-555029.0,-15000.0,84530.0
2026-09-15,6239,-470432.0,-9000.0,-20745.0
2026-09-15,2406,-510000.0,0.0,3314.0
2026-09-15,2302,-528770.0,0.0,-18559.0
2026-09-15,2345,-536354.0,6150.0,-17781.0
2026-09-15,2376,-692211.0,162000.0,-31501.0
2026-09-15,6706,-453863.0,0.0,-119504.0
2026-09-15,2498,-582548.0,0.0,-38644.0
2026-09-15,2313,-22055.0,-451000.0,-161266.0
2026-09-15,6456,-606000.0,0.0,-32761.0
2026-09-15,3167,-696894.0,69000.0,-11090.0
2026-09-15,6861,-658465.0,0.0,15808.0
2026-09-15,2464,-634203.0,0.0,-20021.0
2026-09-15,3044,-667180.0,16000.0,-46505.0
2026-09-15,6531,-665198.0,0.0,-40771.0
2026-09-15,2892,-4150526.0,3370000.0,42706.0
2026-09-15,3019,-698164.0,0.0,-49839.0
2026-09-15,7711,-774946.0,0.0,23347.0
2026-09-15,4967,-702526.0,0.0,-63000.0
2026-09-15,2486,-824070.0,41000.0,5600.0
2026-09-15,2363,-636260.0,0.0,-193287.0
2026-09-15,2368,-350849.0,-181000.0,-302156.0
2026-09-15,3231,-1692485.0,974000.0,-131279.0
2026-09-15,3094,-853372.0,0.0,1839.0
2026-09-15,6919,-744092.0,-138000.0,18938.0
2026-09-15,8028,-1268508.0,394000.0,-285.0
2026-09-15,6443,-848500.0,0.0,-37777.0
2026-09-15,8039,-1324159.0,61000.0,326105.0
2026-09-15,2454,-999999.0,-19057.0,35344.0
2026-09-15,1504,-982256.0,-69000.0,-9326.0
2026-09-15,3706,-172554.0,-502000.0,-420374.0
2026-09-15,2474,-1036001.0,-50000.0,-18632.0
2026-09-15,3450,-620406.0,-387000.0,-99325.0
2026-09-15,6116,-1048394.0,0.0,-270021.0
2026-09-15,5871,-1402601.0,33941.0,14562.0
2026-09-15,2603,-2746255.0,1435800.0,-100757.0
2026-09-15,3576,-1425760.0,0.0,8000.0
2026-09-15,2337,-1312556.0,-32000.0,-88378.0
2026-09-15,2542,-2607103.0,1123400.0,23922.0
2026-09-15,2426,-1159776.0,0.0,-301734.0
2026-09-15,2305,-1322802.0,0.0,-145577.0
2026-09-15,3376,-1259039.0,-15000.0,-206785.0
2026-09-15,4958,-1784423.0,-6000.0,303471.0
2026-09-15,2436,-1581000.0,37000.0,-99869.0
2026-09-15,3006,-1601440.0,-6000.0,-163320.0
2026-09-15,2342,-1779759.0,0.0,-604.0
2026-09-15,8112,-1843786.0,100000.0,-62219.0
2026-09-15,2855,-3273167.0,1457900.0,0.0
2026-09-15,1717,-1735462.0,4000.0,-243645.0
2026-09-15,2449,-1874741.0,-61000.0,-143786.0
2026-09-15,2353,-2088764.0,236000.0,-306452.0
2026-09-15,2317,-2393248.0,-91147.0,317717.0
2026-09-15,4938,-1180496.0,-389000.0,-630236.0
2026-09-15,1216,-2092996.0,-221421.0,97116.0
2026-09-15,2881,-4298703.0,1807960.0,155726.0
2026-09-15,2489,-2270058.0,-29800.0,-53169.0
2026-09-15,2356,-1538374.0,-966000.0,-107606.0
2026-09-15,8150,-3098044.0,69000.0,-114199.0
2026-09-15,1314,-3189885.0,0.0,40221.0
2026-09-15,2301,-3201494.0,20000.0,27894.0
2026-09-15,4763,-3787497.0,140881.0,307197.0
2026-09-15,3016,-3056715.0,7000.0,-293052.0
2026-09-15,2618,-5970145.0,2515052.0,8716.0
2026-09-15,1802,-3211871.0,4000.0,-479354.0
2026-09-15,2330,-4226760.0,-13848.0,350547.0
2026-09-15,5880,-4900459.0,-46000.0,1030916.0
2026-09-15,6505,-4083116.0,12000.0,-373011.0
2026-09-15,2884,-9521342.0,4558000.0,486845.0
2026-09-15,2882,-6081599.0,1243000.0,197787.0
2026-09-15,2812,-5600525.0,11000.0,169000.0
2026-09-15,1301,-5809722.0,-5000.0,-51270.0
2026-09-15,3711,-5096924.0,-972000.0,-74295.0
2026-09-15,1326,-7503086.0,27000.0,-232049.0
2026-09-15,2408,-6568377.0,-1525000.0,167468.0
2026-09-15,3481,-6356831.0,-200.0,-1952908.0
2026-09-15,2344,-4095284.0,-5474000.0,1037727.0
2026-09-15,2481,-10846456.0,892000.0,-370807.0
2026-09-15,2610,-10365354.0,-231000.0,158192.0
2026-09-15,1101,-11863321.0,-201000.0,377641.0
2026-09-15,2885,-13466870.0,-197000.0,81613.0
2026-09-15,2834,-13984751.0,-63000.0,317412.0
2026-09-15,2303,-23400191.0,9489479.0,-600600.0
2026-09-15,2883,-16415364.0,-183000.0,550728.0
2026-09-15,1303,-16389070.0,3289.0,-763664.0
2026-09-15,2801,-21978244.0,3842000.0,224982.0
2026-09-15,2002,-20768018.0,-110000.0,258601.0
2026-09-15,2324,-19035391.0,-266000.0,-2089568.0
2026-09-15,2409,-37756960.0,0.0,-4132553.0
2026-09-15,6770,-72078419.0,52000.0,-2644329.0
2026-09-14,2834,22685447.0,0.0,285000.0
2026-09-14,2303,13698740.0,4381000.0,130594.0
2026-09-14,2481,16628668.0,0.0,485644.0
2026-09-14,2892,11783281.0,3923000.0,183096.0
2026-09-14,2887,8494102.0,5486000.0,-103311.0
2026-09-14,2412,11848698.0,87000.0,-334184.0
2026-09-14,2891,5212832.0,3131182.0,76932.0
2026-09-14,5880,7776695.0,-154150.0,187498.0
2026-09-14,2886,3940636.0,3063000.0,-133089.0
2026-09-14,6770,7338220.0,0.0,-880820.0
2026-09-14,2881,4519729.0,509000.0,461558.0
2026-09-14,2353,4348853.0,341000.0,-525139.0
2026-09-14,2883,1017954.0,2189000.0,938622.0
2026-09-14,2327,3710640.0,740002.0,-402097.0
2026-09-14,2449,4106950.0,-77000.0,-123868.0
2026-09-14,2885,1904398.0,1838000.0,24189.0
2026-09-14,2890,-2211161.0,5357000.0,545230.0
2026-09-14,2855,1854587.0,1188300.0,0.0
2026-09-14,1314,2355097.0,0.0,130000.0
2026-09-14,2880,2490065.0,15000.0,-212815.0
2026-09-14,5871,2055108.0,105941.0,-19038.0
2026-09-14,3034,1861407.0,6000.0,103268.0
2026-09-14,3045,1956373.0,-112000.0,3011.0
2026-09-14,6168,1668552.0,0.0,93339.0
2026-09-14,2812,1624835.0,0.0,99000.0
2026-09-14,2363,1448421.0,0.0,63216.0
2026-09-14,3702,1592696.0,26000.0,-108036.0
2026-09-14,3042,1872151.0,-175000.0,-234852.0
2026-09-14,2377,1601774.0,68000.0,-210095.0
2026-09-14,2801,-4173657.0,6073000.0,-449000.0
2026-09-14,2882,191196.0,826000.0,305647.0
2026-09-14,3094,1224093.0,0.0,-1551.0
2026-09-14,2436,1127032.0,0.0,79074.0
2026-09-14,1504,968771.0,140000.0,94924.0
2026-09-14,2317,179403.0,799600.0,99172.0
2026-09-14,2379,1062967.0,4000.0,-7997.0
2026-09-14,3037,950991.0,331000.0,-224440.0
2026-09-14,4919,789415.0,0.0,238312.0
2026-09-14,8150,940985.0,0.0,55065.0
2026-09-14,3035,751643.0,0.0,118554.0
2026-09-14,2302,871664.0,0.0,-7323.0
2026-09-14,2454,734793.0,106094.0,11185.0
2026-09-14,2342,835911.0,0.0,2143.0
2026-09-14,2615,1088143.0,-110000.0,-160814.0
2026-09-14,8046,782253.0,-91000.0,109617.0
2026-09-14,2489,324116.0,4900.0,453560.0
2026-09-14,2484,759275.0,0.0,379.0
2026-09-14,2455,684992.0,-2000.0,68740.0
2026-09-14,2305,582592.0,0.0,165237.0
2026-09-14,6196,688635.0,7000.0,37230.0
2026-09-14,3481,-78895.0,2100.0,799726.0
2026-09-14,6239,1359132.0,-945000.0,304866.0
2026-09-14,6213,929114.0,13000.0,-258551.0
2026-09-14,3605,515586.0,0.0,142365.0
2026-09-14,2301,1091011.0,69000.0,-517661.0
2026-09-14,1102,958837.0,-89048.0,-232826.0
2026-09-14,1802,694571.0,60000.0,-119814.0
2026-09-14,2441,520104.0,10000.0,104422.0
2026-09-14,8261,601403.0,0.0,16008.0
2026-09-14,8110,590590.0,0.0,-13252.0
2026-09-14,2382,300468.0,256942.0,11324.0
2026-09-14,3036,532092.0,12533.0,-8821.0
2026-09-14,6446,519089.0,2409.0,4066.0
2026-09-14,2357,293483.0,205100.0,-19621.0
2026-09-14,3090,469086.0,0.0,5101.0
2026-09-14,2618,1229515.0,-525948.0,-243247.0
2026-09-14,2368,1316961.0,-692640.0,-177166.0
2026-09-14,4956,420214.0,0.0,2689.0
2026-09-14,2912,393886.0,4523.0,3482.0
2026-09-14,6257,334181.0,9000.0,9252.0
2026-09-14,8021,331541.0,0.0,19291.0
2026-09-14,2308,308015.0,-78509.0,120163.0
2026-09-14,2458,308911.0,25000.0,-17287.0
2026-09-14,6531,353401.0,-6000.0,-46496.0
2026-09-14,3661,331248.0,0.0,-32864.0
2026-09-14,2313,-370979.0,1137617.0,-476321.0
2026-09-14,3044,316811.0,-61000.0,32724.0
2026-09-14,2356,193831.0,-2000.0,96480.0
2026-09-14,6672,251794.0,0.0,26032.0
2026-09-14,6451,280257.0,0.0,-7934.0
2026-09-14,6415,221976.0,4230.0,42215.0
2026-09-14,6278,218792.0,15000.0,34488.0
2026-09-14,3406,484474.0,6620.0,-234343.0
2026-09-14,2603,-3593482.0,4197600.0,-353609.0
2026-09-14,6805,270858.0,-48000.0,11905.0
2026-09-14,3443,-46036.0,345600.0,-64905.0
2026-09-14,3014,222437.0,1000.0,1784.0
2026-09-14,6706,-230906.0,0.0,446230.0
2026-09-14,7795,202151.0,1000.0,10736.0
2026-09-14,9945,84824.0,0.0,120758.0
2026-09-14,6426,243246.0,-33000.0,-6987.0
2026-09-14,2345,324662.0,-202480.0,77925.0
2026-09-14,3645,178286.0,0.0,-1828.0
2026-09-14,6933,172725.0,0.0,2792.0
2026-09-14,6830,190265.0,0.0,-14982.0
2026-09-14,3055,156125.0,0.0,5964.0
2026-09-14,2395,143335.0,25000.0,-8678.0
2026-09-14,3653,-46514.0,175000.0,18210.0
2026-09-14,5269,79920.0,4000.0,38312.0
2026-09-14,8210,117021.0,0.0,-2978.0
2026-09-14,6271,142903.0,0.0,-29454.0
2026-09-14,6116,212014.0,0.0,-102343.0
2026-09-14,6789,117842.0,0.0,-10913.0
2026-09-14,2404,128619.0,-37000.0,13453.0
2026-09-14,2493,76073.0,0.0,22480.0
2026-09-14,6526,99951.0,0.0,-2066.0
2026-09-14,1809,96062.0,0.0,502.0
2026-09-14,1519,100241.0,1487.0,-13186.0
2026-09-14,2351,-12664.0,0.0,85866.0
2026-09-14,1708,82000.0,0.0,-10539.0
2026-09-14,3532,-592061.0,636000.0,27278.0
2026-09-14,2421,223179.0,-19000.0,-141807.0
2026-09-14,8039,-436112.0,10000.0,484062.0
2026-09-14,6715,55318.0,0.0,454.0
2026-09-14,2472,557802.0,-500000.0,-3165.0
2026-09-14,4916,57389.0,0.0,-10359.0
2026-09-14,6944,38037.0,460.0,5471.0
2026-09-14,3518,43968.0,0.0,0.0
2026-09-14,3717,17999.0,0.0,22831.0
2026-09-14,7769,45322.0,-7620.0,1853.0
2026-09-14,2498,43185.0,0.0,-5744.0
2026-09-14,7799,33095.0,0.0,-6000.0
2026-09-14,6205,26000.0,0.0,-514.0
2026-09-14,7822,-6000.0,0.0,10303.0
2026-09-14,6285,-37987.0,25000.0,15187.0
2026-09-14,1476,69123.0,10000.0,-77106.0
2026-09-14,6861,-14000.0,0.0,15723.0
2026-09-14,6691,3564.0,1000.0,-7025.0
2026-09-14,2360,-47166.0,3273.0,41067.0
2026-09-14,4770,2100.0,0.0,-10074.0
2026-09-14,6515,57590.0,-67570.0,991.0
2026-09-14,6166,168100.0,0.0,-177850.0
2026-09-14,2383,199707.0,-182780.0,-27789.0
2026-09-14,6533,-12000.0,0.0,833.0
2026-09-14,2059,9819.0,1117.0,-29415.0
2026-09-14,6197,9691.0,0.0,-33080.0
2026-09-14,2451,-20902.0,3300.0,-16595.0
2026-09-14,3008,172353.0,-84393.0,-122405.0
2026-09-14,1590,-40242.0,5000.0,-833.0
2026-09-14,2474,-15873.0,-6000.0,-20454.0
2026-09-14,7711,-38000.0,0.0,-7155.0
2026-09-14,6456,-54787.0,0.0,-4628.0
2026-09-14,3715,-118000.0,0.0,50060.0
2026-09-14,2486,31127.0,6000.0,-119341.0
2026-09-14,3563,-79000.0,0.0,-8542.0
2026-09-14,8103,-107752.0,0.0,16462.0
2026-09-14,1727,-90362.0,0.0,-1533.0
2026-09-14,2467,-89256.0,0.0,-3989.0
2026-09-14,3711,-8328.0,22000.0,-119479.0
2026-09-14,7750,-125846.0,1000.0,-318.0
2026-09-14,3017,68939.0,-183237.0,-16982.0
2026-09-14,2030,-218197.0,0.0,67000.0
2026-09-14,6442,-104015.0,12000.0,-62349.0
2026-09-14,7610,-153900.0,0.0,-727.0
2026-09-14,3167,-151620.0,0.0,-3911.0
2026-09-14,8028,-578633.0,425000.0,-3759.0
2026-09-14,3714,-146789.0,0.0,-11644.0
2026-09-14,6831,-134995.0,-20000.0,-5362.0
2026-09-14,4566,-180000.0,0.0,1161.0
2026-09-14,2406,-172000.0,0.0,-15972.0
2026-09-14,3665,26508.0,-304220.0,65000.0
2026-09-14,6139,-114698.0,-99000.0,-4254.0
2026-09-14,6669,-337202.0,120617.0,-29334.0
2026-09-14,6214,-268373.0,-10592.0,-31942.0
2026-09-14,3533,-330982.0,1000.0,-16789.0
2026-09-14,3576,-325621.0,0.0,-28000.0
2026-09-14,4958,-906328.0,407000.0,105913.0
2026-09-14,6919,-399876.0,0.0,-3526.0
2026-09-14,1560,-688818.0,289000.0,-23722.0
2026-09-14,2376,-996484.0,612000.0,-113016.0
2026-09-14,2466,-546868.0,0.0,2000.0
2026-09-14,4763,-933157.0,-326119.0,624123.0
2026-09-14,3026,-830111.0,190002.0,-15677.0
2026-09-14,6443,-524995.0,0.0,-147000.0
2026-09-14,1216,-750768.0,11579.0,26631.0
2026-09-14,4938,-1430450.0,126000.0,567862.0
2026-09-14,6209,-536441.0,0.0,-248956.0
2026-09-14,6834,-735771.0,0.0,-93294.0
2026-09-14,2027,-1694695.0,61000.0,691516.0
2026-09-14,4967,-893859.0,0.0,-87786.0
2026-09-14,8112,-955551.0,0.0,-36226.0
2026-09-14,2354,-620207.0,0.0,-421110.0
2026-09-14,3189,-672436.0,-219000.0,-187445.0
2026-09-14,3450,-1128605.0,-11000.0,-9786.0
2026-09-14,3019,-927000.0,0.0,-278108.0
2026-09-14,2324,-765826.0,0.0,-532625.0
2026-09-14,3376,-1630908.0,0.0,209404.0
2026-09-14,1709,-1386894.0,0.0,-105900.0
2026-09-14,2464,-1419948.0,-34000.0,-181664.0
2026-09-14,8996,-1477847.0,-267000.0,84032.0
2026-09-14,1303,-4077521.0,2900289.0,-509685.0
2026-09-14,3016,-2014321.0,0.0,277769.0
2026-09-14,2610,-2382756.0,160000.0,-116492.0
2026-09-14,3029,-2652882.0,0.0,83816.0
2026-09-14,1717,-2359819.0,0.0,-319306.0
2026-09-14,2492,-1171635.0,-1787000.0,182405.0
2026-09-14,2426,-3067900.0,0.0,31601.0
2026-09-14,2542,-3578450.0,550700.0,-101008.0
2026-09-14,3006,-3097002.0,0.0,-245507.0
2026-09-14,3706,-3504190.0,40000.0,-250664.0
2026-09-14,6505,-3621850.0,0.0,-102524.0
2026-09-14,2609,-4253885.0,51000.0,-364132.0
2026-09-14,2049,-5345259.0,0.0,-221340.0
2026-09-14,2337,-6086062.0,0.0,-141226.0
2026-09-14,1326,-5645180.0,-1029230.0,-787809.0
2026-09-14,2884,-13037488.0,4386000.0,-292586.0
2026-09-14,1301,-9538584.0,0.0,-660138.0
2026-09-14,2330,-11191022.0,532435.0,196288.0
2026-09-14,3231,-13030814.0,1228000.0,-401232.0
2026-09-14,2002,-13084990.0,335000.0,-567017.0
2026-09-14,2408,-8623959.0,-3540000.0,-1358407.0
2026-09-14,1101,-26519711.0,242000.0,-117933.0
2026-09-14,2344,-42266711.0,-8203000.0,-2743260.0
2026-09-14,2409,-88041079.0,0.0,-10268338.0
2026-09-11,2609,22998285.0,102106.0,647311.0
2026-09-11,2812,21953538.0,0.0,-75134.0
2026-09-11,2892,8456876.0,9873505.0,505691.0
2026-09-11,2801,10395977.0,7592000.0,473010.0
2026-09-11,2883,16650690.0,260509.0,434953.0
2026-09-11,2886,3944819.0,9392945.0,532597.0
2026-09-11,5880,13147409.0,-16000.0,7636.0
2026-09-11,2887,9777200.0,920834.0,1642378.0
2026-09-11,2884,9208157.0,1514362.0,502210.0
2026-09-11,2412,9937005.0,113299.0,-64000.0
2026-09-11,2618,8039075.0,239528.0,151398.0
2026-09-11,2880,7557154.0,-41000.0,765963.0
2026-09-11,2354,7730747.0,-4000.0,543514.0
2026-09-11,2610,6370212.0,325000.0,201438.0
2026-09-11,2890,-2753663.0,7980068.0,755402.0
2026-09-11,2603,2566379.0,1206800.0,300718.0
2026-09-11,2027,3477159.0,2040000.0,-1720055.0
2026-09-11,3045,2846660.0,60163.0,-166976.0
2026-09-11,2891,1164599.0,335289.0,987030.0
2026-09-11,2377,2405530.0,75000.0,-50175.0
2026-09-11,2426,2055122.0,0.0,348297.0
2026-09-11,3231,3259040.0,-1049148.0,113523.0
2026-09-11,2615,2304972.0,-6422.0,-34315.0
2026-09-11,9945,2222329.0,0.0,-30153.0
2026-09-11,1102,1525411.0,461236.0,-12101.0
2026-09-11,2382,665935.0,957155.0,97567.0
2026-09-11,2855,405711.0,1128900.0,0.0
2026-09-11,4958,1233268.0,125.0,251790.0
2026-09-11,1560,1376566.0,208600.0,-122806.0
2026-09-11,2885,-388965.0,1513041.0,36278.0
2026-09-11,6706,950679.0,0.0,88700.0
2026-09-11,2351,918372.0,0.0,39163.0
2026-09-11,6168,937858.0,0.0,12812.0
2026-09-11,4967,915747.0,0.0,29834.0
2026-09-11,2305,909572.0,0.0,18555.0
2026-09-11,2542,-149892.0,1049900.0,16188.0
2026-09-11,3037,406132.0,456775.0,5717.0
2026-09-11,6834,717624.0,0.0,150042.0
2026-09-11,2395,820735.0,45000.0,-18157.0
2026-09-11,3714,932672.0,0.0,-98995.0
2026-09-11,2834,1001215.0,0.0,-214128.0
2026-09-11,8046,616806.0,49000.0,97172.0
2026-09-11,3034,646936.0,103842.0,655.0
2026-09-11,2464,794004.0,0.0,-152150.0
2026-09-11,3044,292906.0,342942.0,5016.0
2026-09-11,6214,866299.0,-220184.0,-16551.0
2026-09-11,3189,518865.0,160000.0,-97456.0
2026-09-11,2379,613030.0,66906.0,-120498.0
2026-09-11,8996,-262058.0,762000.0,29168.0
2026-09-11,2368,1692365.0,-1072045.0,-94809.0
2026-09-11,2466,483227.0,0.0,-1000.0
2026-09-11,1326,570179.0,-5000.0,-107488.0
2026-09-11,2455,416139.0,-15000.0,14117.0
2026-09-11,4763,272819.0,15764.0,124220.0
2026-09-11,6278,211697.0,335000.0,-137178.0
2026-09-11,2472,758493.0,-430000.0,1541.0
2026-09-11,2882,234845.0,34591.0,55744.0
2026-09-11,2484,323271.0,0.0,-7790.0
2026-09-11,2912,298765.0,47.0,-8173.0
2026-09-11,2356,407843.0,-21461.0,-100155.0
2026-09-11,2360,143404.0,92941.0,-11149.0
2026-09-11,8110,245220.0,0.0,-23119.0
2026-09-11,4566,221230.0,0.0,-1317.0
2026-09-11,1314,388826.0,0.0,-173485.0
2026-09-11,2406,210110.0,0.0,1250.0
2026-09-11,3702,704435.0,-238000.0,-270269.0
2026-09-11,6805,297908.0,-98000.0,-4601.0
2026-09-11,2421,239459.0,0.0,-61650.0
2026-09-11,6166,175322.0,0.0,-1565.0
2026-09-11,2493,204809.0,-35000.0,-9864.0
2026-09-11,8261,186260.0,0.0,-33044.0
2026-09-11,3532,-138092.0,337000.0,-58930.0
2026-09-11,3008,-11798.0,177174.0,-43580.0
2026-09-11,1709,25442.0,0.0,65818.0
2026-09-11,2049,86857.0,0.0,4239.0
2026-09-11,3019,112145.0,0.0,-26674.0
2026-09-11,4956,84010.0,0.0,-619.0
2026-09-11,6196,70729.0,26000.0,-16149.0
2026-09-11,3167,-76926.0,154000.0,-6197.0
2026-09-11,2383,-22914.0,110982.0,-18863.0
2026-09-11,6451,81926.0,0.0,-15607.0
2026-09-11,3014,49514.0,17719.0,-1758.0
2026-09-11,6526,68113.0,0.0,-2885.0
2026-09-11,6205,56000.0,0.0,844.0
2026-09-11,1708,66050.0,0.0,-11044.0
2026-09-11,3653,-40200.0,82000.0,-4535.0
2026-09-11,1590,21584.0,0.0,7147.0
2026-09-11,2303,-3985101.0,1636225.0,2374180.0
2026-09-11,6933,23750.0,0.0,1404.0
2026-09-11,8021,-15636.0,0.0,39000.0
2026-09-11,4770,33755.0,0.0,-14192.0
2026-09-11,1809,17022.0,0.0,260.0
2026-09-11,2059,60367.0,-35019.0,-8806.0
2026-09-11,7610,11731.0,0.0,93.0
2026-09-11,6533,16200.0,0.0,-5899.0
2026-09-11,3645,19250.0,0.0,-10541.0
2026-09-11,2030,-11072.0,0.0,16000.0
2026-09-11,6831,102535.0,-109000.0,3897.0
2026-09-11,1519,20152.0,974.0,-33568.0
2026-09-11,6515,-28185.0,10000.0,4058.0
2026-09-11,3042,164291.0,0.0,-185700.0
2026-09-11,3563,-15045.0,0.0,-16955.0
2026-09-11,7822,-34018.0,0.0,-1919.0
2026-09-11,6830,-59885.0,0.0,8800.0
2026-09-11,2474,-278602.0,221000.0,-466.0
2026-09-11,7711,-43900.0,0.0,-14640.0
2026-09-11,2489,356065.0,12900.0,-430848.0
2026-09-11,7769,-16114.0,-47554.0,-825.0
2026-09-11,6944,-67571.0,919.0,-1326.0
2026-09-11,3518,-83000.0,0.0,0.0
2026-09-11,2498,-61260.0,0.0,-23942.0
2026-09-11,2458,-94188.0,3000.0,5601.0
2026-09-11,2345,572143.0,-651700.0,-6812.0
2026-09-11,3017,-98551.0,45000.0,-39537.0
2026-09-11,3026,-897088.0,757500.0,36841.0
2026-09-11,5269,-97303.0,0.0,-5645.0
2026-09-11,7750,-92804.0,0.0,-13137.0
2026-09-11,8210,-111932.0,1000.0,-2684.0
2026-09-11,1476,-68165.0,17679.0,-67677.0
2026-09-11,3094,-131838.0,0.0,6850.0
2026-09-11,2486,-100000.0,0.0,-25695.0
2026-09-11,6456,-98587.0,0.0,-27977.0
2026-09-11,6197,-101077.0,0.0,-25508.0
2026-09-11,6213,-80357.0,3000.0,-62078.0
2026-09-11,6443,-76098.0,0.0,-66000.0
2026-09-11,3443,-167311.0,74678.0,-50221.0
2026-09-11,2353,-361988.0,240308.0,-31349.0
2026-09-11,6715,-155824.0,0.0,-2968.0
2026-09-11,3717,-193770.0,0.0,25852.0
2026-09-11,4916,-173995.0,0.0,5128.0
2026-09-11,7795,-224977.0,28000.0,-2000.0
2026-09-11,7799,-172915.0,0.0,-41469.0
2026-09-11,6691,-203225.0,0.0,-15942.0
2026-09-11,1727,-224025.0,0.0,3312.0
2026-09-11,6789,-180745.0,-4000.0,-45335.0
2026-09-11,3665,-413592.0,181984.0,-1795.0
2026-09-11,2302,-234573.0,0.0,-8.0
2026-09-11,6446,-253310.0,819.0,-6546.0
2026-09-11,6442,-247468.0,-1000.0,-51208.0
2026-09-11,6426,-279909.0,0.0,-20286.0
2026-09-11,3605,-254087.0,0.0,-50147.0
2026-09-11,2467,-297810.0,-1000.0,-12253.0
2026-09-11,3715,-254308.0,0.0,-116371.0
2026-09-11,6531,-591330.0,211000.0,3517.0
2026-09-11,2313,5937.0,15000.0,-430806.0
2026-09-11,6285,-350585.0,-3485.0,-62486.0
2026-09-11,6669,-500608.0,63028.0,17625.0
2026-09-11,2404,-332338.0,-47000.0,-44548.0
2026-09-11,1717,-244643.0,-1000.0,-189224.0
2026-09-11,2881,-162762.0,-838.0,-271815.0
2026-09-11,8028,-464360.0,35000.0,-13017.0
2026-09-11,2342,-474922.0,0.0,-849.0
2026-09-11,3533,-494161.0,0.0,11861.0
2026-09-11,6415,-476741.0,-8000.0,-3950.0
2026-09-11,3036,-442614.0,-2058.0,-46917.0
2026-09-11,6672,-520923.0,0.0,1510.0
2026-09-11,8103,-611477.0,0.0,85556.0
2026-09-11,4919,-525353.0,0.0,-14651.0
2026-09-11,6271,-537751.0,0.0,-48877.0
2026-09-11,2451,-569596.0,-100.0,-36626.0
2026-09-11,3450,-407269.0,-240000.0,3242.0
2026-09-11,2454,-742040.0,108022.0,-21777.0
2026-09-11,3090,-564431.0,0.0,-95308.0
2026-09-11,1802,-380672.0,21000.0,-325447.0
2026-09-11,3055,-641136.0,0.0,-61455.0
2026-09-11,3576,-706004.0,0.0,-3000.0
2026-09-11,1504,-800069.0,101000.0,-66953.0
2026-09-11,2441,-732041.0,-1000.0,-44501.0
2026-09-11,6861,-818716.0,0.0,6355.0
2026-09-11,3406,-1585468.0,720000.0,50755.0
2026-09-11,8039,-569140.0,3000.0,-322176.0
2026-09-11,6209,-987087.0,0.0,51190.0
2026-09-11,2436,-971682.0,58000.0,-62789.0
2026-09-11,3029,-946170.0,0.0,-36147.0
2026-09-11,3016,-1193660.0,0.0,157436.0
2026-09-11,2376,-1567809.0,548394.0,-30682.0
2026-09-11,8112,-1117402.0,0.0,58992.0
2026-09-11,4938,-1341450.0,193000.0,52024.0
2026-09-11,3376,-976339.0,35000.0,-166026.0
2026-09-11,1301,-1001746.0,0.0,-241418.0
2026-09-11,5871,-1419450.0,144883.0,1575.0
2026-09-11,6139,-987183.0,-101000.0,-204429.0
2026-09-11,1216,-1487301.0,-4840.0,85044.0
2026-09-11,2337,-1482631.0,-6000.0,-84494.0
2026-09-11,2357,-2253386.0,881044.0,-278719.0
2026-09-11,2301,-701616.0,-856772.0,-139892.0
2026-09-11,3035,-1458027.0,0.0,-405614.0
2026-09-11,3661,-2000286.0,-4000.0,-176144.0
2026-09-11,2363,-1973500.0,0.0,-384479.0
2026-09-11,6257,-2510056.0,48000.0,-141095.0
2026-09-11,1101,-3141519.0,410000.0,-269475.0
2026-09-11,2317,-3750910.0,410025.0,-44908.0
2026-09-11,2308,-3572586.0,-535404.0,303552.0
2026-09-11,6919,-3835918.0,0.0,-46206.0
2026-09-11,2449,-3501385.0,-7406.0,-568425.0
2026-09-11,3706,-4443432.0,-10000.0,-144527.0
2026-09-11,2327,-5586469.0,565106.0,-538420.0
2026-09-11,2481,-4940958.0,0.0,-858051.0
2026-09-11,6239,-5891794.0,-17000.0,-589775.0
2026-09-11,3006,-6834131.0,10000.0,-450944.0
2026-09-11,3711,-8052251.0,679076.0,-444989.0
2026-09-11,2492,-6755248.0,75000.0,-1221100.0
2026-09-11,2330,-8251130.0,-180854.0,-400461.0
2026-09-11,6505,-13533826.0,5199000.0,-1159926.0
2026-09-11,8150,-10511849.0,5000.0,-680381.0
2026-09-11,2324,-11204022.0,-57949.0,-719413.0
2026-09-11,2408,-13102614.0,-114464.0,-202409.0
2026-09-11,1303,-13147321.0,194580.0,-751660.0
2026-09-11,6116,-13982547.0,0.0,-81374.0
2026-09-11,2002,-14889089.0,566000.0,-355086.0
2026-09-11,3481,-18794410.0,-61342.0,-3908510.0
2026-09-11,2344,-31177692.0,-1577238.0,-1568421.0
2026-09-11,6770,-39064713.0,-11000.0,-2630523.0
2026-09-11,2409,-101829368.0,-32803.0,-7091948.0
2026-09-10,6770,28000856.0,-21000.0,2199738.0
2026-09-10,2409,18535003.0,-40451.0,5147393.0
2026-09-10,2892,10641739.0,5934376.0,87881.0
2026-09-10,2883,13778581.0,601627.0,-236164.0
2026-09-10,1303,7355596.0,2065000.0,-29639.0
2026-09-10,2884,1374571.0,7183091.0,-165819.0
2026-09-10,2812,8707597.0,-261846.0,-174683.0
2026-09-10,1101,6800000.0,226000.0,68486.0
2026-09-10,2886,6735026.0,150736.0,3145.0
2026-09-10,2834,6721030.0,-4000.0,-542280.0
2026-09-10,6257,5844345.0,-4000.0,288017.0
2026-09-10,2481,5094162.0,370000.0,-189061.0
2026-09-10,3016,4507474.0,0.0,222489.0
2026-09-10,3711,4770417.0,-20481.0,-411759.0
2026-09-10,3702,3852032.0,-49000.0,138039.0
2026-09-10,2412,3915042.0,99325.0,-79000.0
2026-09-10,2880,3886166.0,88000.0,-276077.0
2026-09-10,2354,3382915.0,-4000.0,13581.0
2026-09-10,5880,2814301.0,119000.0,-98665.0
2026-09-10,1102,2471985.0,225582.0,-159710.0
2026-09-10,2313,2464475.0,-76000.0,-136174.0
2026-09-10,3189,1849475.0,344000.0,9296.0
2026-09-10,2881,2417568.0,83790.0,-350085.0
2026-09-10,2454,1717011.0,55475.0,8677.0
2026-09-10,2305,1585372.0,0.0,150663.0
2026-09-10,2885,1267090.0,324892.0,-196699.0
2026-09-10,3045,1515639.0,15041.0,-137005.0
2026-09-10,2891,-993294.0,2497621.0,-121558.0
2026-09-10,2449,1574604.0,-230101.0,-30746.0
2026-09-10,2303,-10293057.0,12517806.0,-977878.0
2026-09-10,6531,65744.0,850000.0,24832.0
2026-09-10,2363,836915.0,0.0,82504.0
2026-09-10,2882,956064.0,-8352.0,-51313.0
2026-09-10,3034,907989.0,-7040.0,-9083.0
2026-09-10,3006,764053.0,25000.0,75752.0
2026-09-10,6239,809657.0,-42000.0,96991.0
2026-09-10,1802,718552.0,35000.0,36475.0
2026-09-10,1216,786612.0,-26000.0,-122180.0
2026-09-10,2030,568666.0,0.0,12299.0
2026-09-10,2357,677210.0,141836.0,-239507.0
2026-09-10,3090,472719.0,-22000.0,100928.0
2026-09-10,3706,558862.0,-7000.0,-32532.0
2026-09-10,3029,507994.0,0.0,-12000.0
2026-09-10,5871,391914.0,116000.0,-25111.0
2026-09-10,3406,-1955789.0,2305000.0,132806.0
2026-09-10,2379,527463.0,-62023.0,7289.0
2026-09-10,1504,271217.0,61000.0,17209.0
2026-09-10,6834,335133.0,0.0,7007.0
2026-09-10,6442,92857.0,164000.0,22696.0
2026-09-10,3035,233200.0,0.0,34659.0
2026-09-10,6706,230837.0,0.0,36962.0
2026-09-10,2302,265662.0,0.0,4.0
2026-09-10,3017,279081.0,9000.0,-28482.0
2026-09-10,2855,-1064000.0,1303500.0,0.0
2026-09-10,6214,292735.0,-22000.0,-48171.0
2026-09-10,3094,218921.0,0.0,-2338.0
2026-09-10,2342,204310.0,0.0,-893.0
2026-09-10,2472,807968.0,-611000.0,5667.0
2026-09-10,3443,142242.0,36519.0,21285.0
2026-09-10,2912,208656.0,0.0,-21066.0
2026-09-10,6443,127000.0,0.0,58707.0
2026-09-10,8261,181407.0,0.0,-91.0
2026-09-10,6861,170990.0,0.0,10271.0
2026-09-10,3008,19616.0,125000.0,29858.0
2026-09-10,2441,345338.0,-168000.0,-7649.0
2026-09-10,2455,133544.0,-28000.0,58126.0
2026-09-10,2436,-62759.0,195000.0,26179.0
2026-09-10,4956,156751.0,0.0,411.0
2026-09-10,3014,141306.0,11381.0,-3843.0
2026-09-10,6830,122280.0,-5000.0,23355.0
2026-09-10,6505,-6548523.0,6517000.0,171113.0
2026-09-10,3714,160508.0,0.0,-34357.0
2026-09-10,1560,121331.0,-2000.0,-7326.0
2026-09-10,7799,57950.0,0.0,52469.0
2026-09-10,3661,28576.0,-21000.0,75961.0
2026-09-10,3653,-19306.0,119000.0,-23165.0
2026-09-10,6197,122010.0,-5000.0,-40521.0
2026-09-10,2395,73138.0,17000.0,-16464.0
2026-09-10,2404,92654.0,-10000.0,-16758.0
2026-09-10,6526,53232.0,-3000.0,3955.0
2026-09-10,6139,109429.0,-28000.0,-44902.0
2026-09-10,4916,42000.0,0.0,-7822.0
2026-09-10,7711,41746.0,0.0,-11356.0
2026-09-10,6933,6677.0,0.0,5493.0
2026-09-10,6205,13000.0,0.0,-2133.0
2026-09-10,6805,160242.0,-109000.0,-43712.0
2026-09-10,6533,7000.0,0.0,-3976.0
2026-09-10,2493,30000.0,-36000.0,-1195.0
2026-09-10,2059,14498.0,-26005.0,-340.0
2026-09-10,1590,-17688.0,3000.0,-2806.0
2026-09-10,2467,-16625.0,0.0,-5549.0
2026-09-10,6944,-30784.0,1000.0,-10067.0
2026-09-10,7750,-35180.0,0.0,-6099.0
2026-09-10,6515,-64442.0,16000.0,-1587.0
2026-09-10,6789,-27046.0,-5000.0,-20387.0
2026-09-10,8021,-6697.0,-160000.0,112095.0
2026-09-10,6451,-39461.0,0.0,-18059.0
2026-09-10,6196,-68947.0,1000.0,1647.0
2026-09-10,3533,3037.0,-52000.0,-17382.0
2026-09-10,7795,-66926.0,3000.0,-4000.0
2026-09-10,7822,-62000.0,0.0,-7354.0
2026-09-10,3518,-75000.0,0.0,0.0
2026-09-10,5269,-70041.0,-2000.0,-12083.0
2026-09-10,6166,-101000.0,0.0,2650.0
2026-09-10,3665,-83793.0,9996.0,-36578.0
2026-09-10,6271,-1171868.0,1049000.0,12310.0
2026-09-10,6691,-117975.0,0.0,-1309.0
2026-09-10,3563,-88938.0,-18000.0,-12736.0
2026-09-10,4770,-137861.0,0.0,6504.0
2026-09-10,1727,-136340.0,0.0,-1252.0
2026-09-10,6278,-113293.0,-10000.0,-16598.0
2026-09-10,2486,261100.0,-400000.0,-4495.0
2026-09-10,2383,-47554.0,-92851.0,-5154.0
2026-09-10,7769,-135441.0,-30696.0,-8483.0
2026-09-10,8103,-190713.0,0.0,14578.0
2026-09-10,6209,-221840.0,0.0,40399.0
2026-09-10,2474,-196775.0,-6000.0,297.0
2026-09-10,6672,-189119.0,-3000.0,-13753.0
2026-09-10,2351,-65918.0,0.0,-144668.0
2026-09-10,3019,-167778.0,0.0,-49558.0
2026-09-10,4919,-174692.0,-3000.0,-40934.0
2026-09-10,2489,103460.0,-1500.0,-327948.0
2026-09-10,2466,-230740.0,0.0,2000.0
2026-09-10,6446,-212533.0,5000.0,-21862.0
2026-09-10,2406,-233990.0,0.0,-2525.0
2026-09-10,2484,-223470.0,0.0,-14338.0
2026-09-10,3055,-351400.0,0.0,101729.0
2026-09-10,2421,-226729.0,-13000.0,-13068.0
2026-09-10,1519,-190717.0,0.0,-63698.0
2026-09-10,7610,-266522.0,0.0,-689.0
2026-09-10,6715,-274978.0,0.0,-150.0
2026-09-10,6213,-388917.0,7000.0,103230.0
2026-09-10,1809,-280093.0,0.0,988.0
2026-09-10,8210,106534.0,-386000.0,-149.0
2026-09-10,3717,-299000.0,0.0,2861.0
2026-09-10,2498,-256145.0,0.0,-43299.0
2026-09-10,2345,62693.0,-393000.0,7177.0
2026-09-10,8996,-317433.0,-48500.0,-9171.0
2026-09-10,3167,-378317.0,-47000.0,43925.0
2026-09-10,6669,-486894.0,25964.0,77354.0
2026-09-10,2458,-135000.0,-249000.0,-12491.0
2026-09-10,1708,-382530.0,0.0,-17051.0
2026-09-10,6831,-417428.0,-15000.0,-6866.0
2026-09-10,3576,-503150.0,0.0,-5000.0
2026-09-10,8110,-515629.0,0.0,-26697.0
2026-09-10,2027,-2392410.0,2164000.0,-329319.0
2026-09-10,2360,-543081.0,-25891.0,-21528.0
2026-09-10,6426,-621053.0,0.0,8406.0
2026-09-10,2609,27944.0,248777.0,-890060.0
2026-09-10,2451,-599786.0,-500.0,-28372.0
2026-09-10,1476,-630574.0,23920.0,-23080.0
2026-09-10,4566,-645000.0,0.0,888.0
2026-09-10,3532,-653612.0,17000.0,-20215.0
2026-09-10,6919,-626770.0,-21000.0,-23119.0
2026-09-10,9945,-666353.0,0.0,-26206.0
2026-09-10,6285,-596150.0,-37228.0,-98080.0
2026-09-10,3037,-806160.0,182000.0,-155396.0
2026-09-10,4967,-768778.0,0.0,-61577.0
2026-09-10,4938,-2077070.0,1386000.0,-158547.0
2026-09-10,2353,-622000.0,96577.0,-330488.0
2026-09-10,3450,-457922.0,-552000.0,129981.0
2026-09-10,3044,-778933.0,4985.0,-135451.0
2026-09-10,8046,-851823.0,7000.0,-107417.0
2026-09-10,2368,-638250.0,-144441.0,-193831.0
2026-09-10,6415,-937131.0,-19000.0,-21806.0
2026-09-10,2049,-856426.0,0.0,-127393.0
2026-09-10,2603,-2159720.0,1325900.0,-182868.0
2026-09-10,8028,-1128513.0,0.0,-5285.0
2026-09-10,2376,-1594167.0,410849.0,44484.0
2026-09-10,1709,-1231206.0,0.0,73000.0
2026-09-10,6168,-1199425.0,0.0,-1365.0
2026-09-10,2002,2005930.0,351123.0,-3572422.0
2026-09-10,2464,-1308762.0,50000.0,-27527.0
2026-09-10,3036,-1614527.0,171969.0,89918.0
2026-09-10,3026,-1495974.0,8000.0,112569.0
2026-09-10,6456,-1388000.0,0.0,-80356.0
2026-09-10,2327,-1948021.0,-216099.0,515431.0
2026-09-10,4763,-1940925.0,166000.0,86832.0
2026-09-10,1717,-1719072.0,-1000.0,-150328.0
2026-09-10,8112,-1866121.0,0.0,-5367.0
2026-09-10,3645,-1849000.0,0.0,-29042.0
2026-09-10,8039,-1544048.0,-354000.0,-47042.0
2026-09-10,3605,-1985323.0,0.0,-36928.0
2026-09-10,2492,-1885487.0,-9000.0,-197332.0
2026-09-10,2301,-711240.0,-929193.0,-686338.0
2026-09-10,2890,-3633375.0,1449517.0,-166276.0
2026-09-10,2330,-1944284.0,-447800.0,-97293.0
2026-09-10,4958,-2555060.0,-7719.0,-12650.0
2026-09-10,1326,-2121734.0,-1000.0,-562548.0
2026-09-10,2408,-2510088.0,-323116.0,115010.0
2026-09-10,3715,-2828000.0,0.0,-233411.0
2026-09-10,2887,-15043708.0,11650209.0,17607.0
2026-09-10,8150,-3195257.0,0.0,-186060.0
2026-09-10,2618,-3457627.0,25855.0,-93551.0
2026-09-10,2382,-1507712.0,-1077338.0,-1045965.0
2026-09-10,6116,-3899600.0,0.0,-310391.0
2026-09-10,1314,-4181316.0,0.0,-67000.0
2026-09-10,2317,-3394986.0,1011039.0,-2191464.0
2026-09-10,1301,-3660095.0,-1000.0,-1025257.0
2026-09-10,2801,-10643004.0,5926825.0,-71772.0
2026-09-10,2610,-4801834.0,154000.0,-174294.0
2026-09-10,3042,-4670872.0,0.0,-198004.0
2026-09-10,2337,-4327455.0,-1173000.0,-69973.0
2026-09-10,2344,-5588552.0,-708059.0,599975.0
2026-09-10,2377,-5707454.0,3000.0,-374945.0
2026-09-10,2426,-6582775.0,0.0,-112857.0
2026-09-10,3376,-6986642.0,0.0,-591013.0
2026-09-10,2542,-8067570.0,631900.0,-175944.0
2026-09-10,2356,-7101355.0,-72115.0,-563520.0
2026-09-10,2324,-7696194.0,-120987.0,-711720.0
2026-09-10,2615,-9470054.0,-166356.0,-1320337.0
2026-09-10,2308,-8707912.0,-1663079.0,-933287.0
2026-09-10,3481,-30148089.0,-54586.0,-1807718.0
2026-09-10,3231,-33754076.0,777463.0,-455582.0
2026-09-09,3481,81974817.0,-43913.0,6415259.0
2026-09-09,2409,65132714.0,-7705.0,-1655932.0
2026-09-09,2303,14643151.0,5044134.0,492660.0
2026-09-09,1101,17399680.0,100000.0,106991.0
2026-09-09,6505,13247972.0,31947.0,1592417.0
2026-09-09,2002,12051068.0,95000.0,2385260.0
2026-09-09,2382,13098744.0,5545.0,493559.0
2026-09-09,2834,13334421.0,-43000.0,-2001.0
2026-09-09,1326,12280711.0,151000.0,540219.0
2026-09-09,1301,12839198.0,0.0,-55192.0
2026-09-09,6770,11374866.0,-3000.0,73049.0
2026-09-09,8150,10401423.0,-4000.0,-52924.0
2026-09-09,1314,9275384.0,0.0,170069.0
2026-09-09,3711,8806904.0,389070.0,246837.0
2026-09-09,2609,7542512.0,-5340.0,-131034.0
2026-09-09,2353,7398331.0,97462.0,-205597.0
2026-09-09,2356,6651342.0,-323691.0,115598.0
2026-09-09,2892,4065954.0,1612075.0,32205.0
2026-09-09,2412,4571037.0,898447.0,-86000.0
2026-09-09,3231,6387999.0,-1865993.0,368701.0
2026-09-09,6239,5010185.0,-24000.0,-139078.0
2026-09-09,3037,3790792.0,870789.0,-122990.0
2026-09-09,2049,4129104.0,101000.0,136014.0
2026-09-09,1102,4294987.0,95449.0,-311457.0
2026-09-09,3045,3244508.0,905947.0,-177941.0
2026-09-09,3006,3512171.0,-9000.0,401116.0
2026-09-09,2377,4610167.0,-893000.0,149738.0
2026-09-09,1709,3804850.0,0.0,371.0
2026-09-09,2426,3733150.0,0.0,-59457.0
2026-09-09,6116,3106065.0,0.0,78343.0
2026-09-09,2618,3359310.0,-228029.0,4694.0
2026-09-09,2603,2413213.0,248395.0,302078.0
2026-09-09,5880,2699832.0,-36846.0,229920.0
2026-09-09,2542,1376735.0,1342000.0,68807.0
2026-09-09,2317,3133336.0,-34206.0,-514232.0
2026-09-09,1802,2411652.0,49000.0,123831.0
2026-09-09,8046,2669623.0,-18197.0,-146631.0
2026-09-09,6257,2051333.0,255000.0,20161.0
2026-09-09,3189,2236692.0,106000.0,-22977.0
2026-09-09,2354,2235159.0,0.0,-157901.0
2026-09-09,3042,1881124.0,0.0,168425.0
2026-09-09,6168,1861000.0,0.0,-3389.0
2026-09-09,3532,337737.0,1401000.0,-8176.0
2026-09-09,6531,1161939.0,496000.0,48087.0
2026-09-09,2615,1780351.0,-8133.0,-208401.0
2026-09-09,3034,1490330.0,-25052.0,21982.0
2026-09-09,6271,1408069.0,0.0,61340.0
2026-09-09,8996,1094654.0,242000.0,-57072.0
2026-09-09,6278,451836.0,840000.0,-24857.0
2026-09-09,2379,1245215.0,-69141.0,11687.0
2026-09-09,3019,1042869.0,0.0,114396.0
2026-09-09,3044,1052807.0,-15087.0,64475.0
2026-09-09,9945,1114466.0,0.0,-44726.0
2026-09-09,2455,1147685.0,49800.0,-158152.0
2026-09-09,1504,993203.0,53000.0,-19891.0
2026-09-09,3576,965562.0,0.0,-5000.0
2026-09-09,6196,885011.0,2000.0,14643.0
2026-09-09,6672,824817.0,-2000.0,46904.0
2026-09-09,2345,1647241.0,-849623.0,32959.0
2026-09-09,6209,803987.0,0.0,-1917.0
2026-09-09,6213,835300.0,0.0,-53771.0
2026-09-09,3035,662895.0,0.0,77617.0
2026-09-09,2360,-9051.0,715116.0,15068.0
2026-09-09,2301,1655974.0,-964952.0,28903.0
2026-09-09,3715,411277.0,0.0,294728.0
2026-09-09,3702,2605310.0,-807000.0,-1103348.0
2026-09-09,2351,576100.0,-16000.0,86150.0
2026-09-09,4919,632031.0,0.0,5439.0
2026-09-09,2406,632500.0,-14000.0,-5474.0
2026-09-09,1708,630978.0,-10000.0,-16003.0
2026-09-09,2337,408108.0,-29000.0,214445.0
2026-09-09,6443,550051.0,0.0,9293.0
2026-09-09,2357,610300.0,-65360.0,-4965.0
2026-09-09,2466,493080.0,-7000.0,-4000.0
2026-09-09,4938,-722482.0,1141878.0,51943.0
2026-09-09,1519,404322.0,0.0,40072.0
2026-09-09,8039,671633.0,-264000.0,36569.0
2026-09-09,2305,343437.0,-4000.0,103983.0
2026-09-09,2308,898023.0,-432453.0,-30266.0
2026-09-09,6456,444098.0,0.0,-17001.0
2026-09-09,8103,390385.0,0.0,13516.0
2026-09-09,2498,391754.0,0.0,5274.0
2026-09-09,6715,375045.0,0.0,1534.0
2026-09-09,2451,323214.0,-2000.0,25175.0
2026-09-09,6805,12970.0,312000.0,20987.0
2026-09-09,4770,270971.0,0.0,14751.0
2026-09-09,2484,285966.0,-6000.0,-2233.0
2026-09-09,1560,371669.0,11000.0,-120216.0
2026-09-09,8261,267310.0,-4000.0,-1023.0
2026-09-09,3014,240896.0,7380.0,-1147.0
2026-09-09,2474,314758.0,-96000.0,-7011.0
2026-09-09,6789,172637.0,-7000.0,36440.0
2026-09-09,2324,982368.0,-44924.0,-747078.0
2026-09-09,2855,-2044676.0,2228629.0,0.0
2026-09-09,6933,187000.0,0.0,-11000.0
2026-09-09,2404,135101.0,1000.0,21447.0
2026-09-09,3653,146719.0,56920.0,-59990.0
2026-09-09,2493,148709.0,-5000.0,-997.0
2026-09-09,6214,146947.0,-2000.0,-4539.0
2026-09-09,2912,161603.0,-17000.0,-4614.0
2026-09-09,6831,160520.0,-40000.0,8310.0
2026-09-09,4916,118154.0,0.0,-15733.0
2026-09-09,7769,90795.0,9948.0,-3674.0
2026-09-09,3533,66987.0,-1000.0,14719.0
2026-09-09,6205,78161.0,0.0,518.0
2026-09-09,6944,65947.0,0.0,-291.0
2026-09-09,6834,58908.0,-2000.0,6715.0
2026-09-09,4566,63173.0,0.0,-505.0
2026-09-09,7610,58930.0,0.0,1911.0
2026-09-09,8210,315720.0,-259000.0,-6703.0
2026-09-09,3443,5382.0,45642.0,-1735.0
2026-09-09,6166,48980.0,0.0,-3102.0
2026-09-09,3008,-55885.0,31914.0,67500.0
2026-09-09,3036,47864.0,-53188.0,44653.0
2026-09-09,6197,11439.0,0.0,23579.0
2026-09-09,2302,33961.0,-4000.0,2853.0
2026-09-09,6919,74579.0,0.0,-41774.0
2026-09-09,6526,29358.0,-3000.0,4839.0
2026-09-09,3017,55280.0,5706.0,-30124.0
2026-09-09,3518,28001.0,0.0,0.0
2026-09-09,7799,14478.0,0.0,2000.0
2026-09-09,2342,11006.0,0.0,816.0
2026-09-09,6691,18310.0,-7000.0,-66.0
2026-09-09,2458,255590.0,-236390.0,-8724.0
2026-09-09,7822,2090.0,0.0,4195.0
2026-09-09,2059,41909.0,-44080.0,-6244.0
2026-09-09,4956,-22616.0,0.0,-236.0
2026-09-09,2421,27720.0,-89000.0,37719.0
2026-09-09,1590,-20457.0,-4031.0,-16.0
2026-09-09,2383,174095.0,-162294.0,-36940.0
2026-09-09,7750,-24506.0,0.0,-3337.0
2026-09-09,4967,-38313.0,0.0,4904.0
2026-09-09,5269,-63726.0,2000.0,-3217.0
2026-09-09,3563,-63005.0,0.0,-3291.0
2026-09-09,2885,81943.0,-97460.0,-52943.0
2026-09-09,2395,-29019.0,-32423.0,-15363.0
2026-09-09,3717,-80847.0,0.0,-4043.0
2026-09-09,6706,-62471.0,0.0,-22936.0
2026-09-09,2436,-650300.0,419000.0,136508.0
2026-09-09,6533,-78000.0,-20000.0,107.0
2026-09-09,6830,-98396.0,0.0,-10239.0
2026-09-09,3406,-993525.0,865000.0,19790.0
2026-09-09,2472,376356.0,-500000.0,-5278.0
2026-09-09,6415,-139494.0,-10000.0,14601.0
2026-09-09,2486,14554.0,-150000.0,-5217.0
2026-09-09,6515,-288208.0,136000.0,4271.0
2026-09-09,3026,-1265483.0,1052000.0,56653.0
2026-09-09,6861,-156804.0,0.0,-776.0
2026-09-09,6139,-54247.0,-95000.0,-17683.0
2026-09-09,6285,-51499.0,-55143.0,-68477.0
2026-09-09,1727,-209012.0,0.0,33123.0
2026-09-09,7711,-212687.0,0.0,21636.0
2026-09-09,1809,-194861.0,0.0,-3474.0
2026-09-09,6442,-104566.0,-111000.0,8934.0
2026-09-09,2880,34805.0,-159520.0,-104243.0
2026-09-09,3029,-219502.0,-3321.0,-39033.0
2026-09-09,2441,137221.0,-385000.0,-35975.0
2026-09-09,3665,-173554.0,-159017.0,38085.0
2026-09-09,2449,-314723.0,-41656.0,59424.0
2026-09-09,6451,-267506.0,0.0,-69632.0
2026-09-09,7795,-335072.0,2000.0,-9154.0
2026-09-09,8028,-276123.0,0.0,-87574.0
2026-09-09,8021,-430500.0,-8000.0,63716.0
2026-09-09,3090,-434555.0,-8000.0,-17941.0
2026-09-09,1216,-243074.0,-80534.0,-148890.0
2026-09-09,3167,-261657.0,-194000.0,-30678.0
2026-09-09,8110,-486197.0,0.0,-10497.0
2026-09-09,3645,-513804.0,0.0,-6966.0
2026-09-09,2030,-574084.0,0.0,-2000.0
2026-09-09,2363,-564000.0,0.0,-18663.0
2026-09-09,3661,-526193.0,-41072.0,-24285.0
2026-09-09,2890,-612257.0,92083.0,-74913.0
2026-09-09,2454,-757599.0,177346.0,-27232.0
2026-09-09,2368,-1101149.0,498617.0,-9406.0
2026-09-09,6426,-776763.0,0.0,9116.0
2026-09-09,2886,-813236.0,-216428.0,258657.0
2026-09-09,3094,-782113.0,0.0,-4921.0
2026-09-09,3055,-832866.0,0.0,-19299.0
2026-09-09,2467,-869196.0,0.0,-20847.0
2026-09-09,3376,-794413.0,0.0,-214326.0
2026-09-09,3605,-1100507.0,0.0,76505.0
2026-09-09,1476,-1012570.0,1518.0,-19317.0
2026-09-09,3016,-925991.0,0.0,-106568.0
2026-09-09,6669,-52369.0,-1016503.0,1433.0
2026-09-09,2610,-1154916.0,-114000.0,102180.0
2026-09-09,2464,-1220996.0,70000.0,-20603.0
2026-09-09,6446,-1342178.0,-4000.0,-4629.0
2026-09-09,2489,-1308206.0,1000.0,-182849.0
2026-09-09,3450,-355136.0,-1406000.0,260496.0
2026-09-09,4958,-2080070.0,445988.0,111081.0
2026-09-09,2027,-2131878.0,-107000.0,431673.0
2026-09-09,2881,-1855708.0,-3966.0,-142444.0
2026-09-09,2376,-1955320.0,-3909.0,-55780.0
2026-09-09,3714,-1941982.0,0.0,-99457.0
2026-09-09,2492,-2711864.0,-20000.0,673298.0
2026-09-09,4763,-2245000.0,1000.0,145453.0
2026-09-09,1717,-2410077.0,23000.0,49472.0
2026-09-09,3706,-1273202.0,81000.0,-1425027.0
2026-09-09,2330,-2558862.0,-203593.0,41730.0
2026-09-09,2481,-2695995.0,0.0,-73445.0
2026-09-09,5871,-3431780.0,426019.0,-23332.0
2026-09-09,2327,-3385808.0,-11036.0,-130061.0
2026-09-09,2882,-3185305.0,-20864.0,-323992.0
2026-09-09,1303,-3926448.0,132480.0,133158.0
2026-09-09,2313,349168.0,-4432970.0,-54002.0
2026-09-09,2408,-4399399.0,-238743.0,-352353.0
2026-09-09,8112,-9362079.0,1986000.0,58633.0
2026-09-09,2891,-11359763.0,1348489.0,10909.0
2026-09-09,2812,-11757967.0,-24000.0,89213.0
2026-09-09,2887,-32416064.0,20378964.0,-69174.0
2026-09-09,2801,-12910123.0,599000.0,105826.0
2026-09-09,2883,-21916643.0,8068312.0,-244237.0
2026-09-09,2884,-20077285.0,3131878.0,-230626.0
2026-09-09,2344,-57990387.0,-420196.0,-2636427.0
2026-09-08,2344,92597119.0,3923737.0,1171037.0
2026-09-08,2409,85222973.0,-27578.0,4815167.0
2026-09-08,2408,34279509.0,141176.0,564017.0
2026-09-08,2834,26847992.0,-44000.0,-36977.0
2026-09-08,2887,3169551.0,15113630.0,-10688.0
2026-09-08,2884,4935106.0,11345953.0,536941.0
2026-09-08,2892,16065437.0,-1250293.0,-68457.0
2026-09-08,2886,13421779.0,-623761.0,-203476.0
2026-09-08,2610,8979364.0,171000.0,-180705.0
2026-09-08,2027,8156179.0,0.0,-6689.0
2026-09-08,5880,8125490.0,-255938.0,207610.0
2026-09-08,2337,7861552.0,-38000.0,-280320.0
2026-09-08,2801,-1163284.0,8441000.0,-154435.0
2026-09-08,2890,8553467.0,-1631496.0,-60141.0
2026-09-08,2330,5496736.0,1204619.0,-397962.0
2026-09-08,1216,6184731.0,-9233.0,-68798.0
2026-09-08,2891,856194.0,5208864.0,-147400.0
2026-09-08,6116,5588605.0,0.0,204862.0
2026-09-08,2002,5946999.0,-654000.0,-148278.0
2026-09-08,2412,5816785.0,-604764.0,-92213.0
2026-09-08,2880,5178985.0,-245408.0,-225961.0
2026-09-08,3167,4047198.0,500000.0,-171064.0
2026-09-08,2885,4780563.0,-296672.0,-113284.0
2026-09-08,5871,4277491.0,29942.0,-15530.0
2026-09-08,2812,4218945.0,-20000.0,-41722.0
2026-09-08,2618,4138414.0,120549.0,-265126.0
2026-09-08,1301,4554565.0,0.0,-1009707.0
2026-09-08,3045,2986160.0,-13876.0,-24446.0
2026-09-08,1102,2782519.0,162494.0,-61526.0
2026-09-08,1314,2900832.0,0.0,-25000.0
2026-09-08,1303,-857481.0,4349483.0,-718857.0
2026-09-08,6426,2157174.0,0.0,-8300.0
2026-09-08,4967,2150583.0,0.0,-8353.0
2026-09-08,2030,1778543.0,0.0,-46000.0
2026-09-08,2455,1807486.0,-777000.0,549734.0
2026-09-08,3715,1257771.0,0.0,100882.0
2026-09-08,3711,2144829.0,-673307.0,-371161.0
2026-09-08,2855,-338559.0,1428700.0,0.0
2026-09-08,2883,2820443.0,-1782085.0,22976.0
2026-09-08,6446,906451.0,51410.0,-8052.0
2026-09-08,2360,441059.0,564933.0,-137553.0
2026-09-08,3029,806996.0,0.0,17928.0
2026-09-08,8103,846526.0,0.0,-48423.0
2026-09-08,9945,794577.0,0.0,-52665.0
2026-09-08,3037,1802661.0,-194484.0,-882305.0
2026-09-08,4958,1187976.0,-476795.0,-97735.0
2026-09-08,2351,528334.0,50000.0,-28483.0
2026-09-08,1708,533717.0,0.0,-27105.0
2026-09-08,8021,621032.0,-125000.0,-31494.0
2026-09-08,7769,155691.0,294430.0,5590.0
2026-09-08,2451,430526.0,-1000.0,-5717.0
2026-09-08,2489,552004.0,15600.0,-176190.0
2026-09-08,1809,372402.0,0.0,-385.0
2026-09-08,7610,424801.0,0.0,-92915.0
2026-09-08,1709,269431.0,0.0,23000.0
2026-09-08,3055,282324.0,0.0,-10654.0
2026-09-08,6830,237837.0,0.0,-2909.0
2026-09-08,2454,270931.0,187562.0,-224374.0
2026-09-08,2912,232816.0,2524.0,-6306.0
2026-09-08,6442,1202.0,207000.0,12223.0
2026-09-08,6515,119296.0,93500.0,-4559.0
2026-09-08,4956,203966.0,0.0,-1.0
2026-09-08,6139,260637.0,-17000.0,-43222.0
2026-09-08,3702,8054.0,80000.0,102097.0
2026-09-08,6834,145023.0,0.0,-3321.0
2026-09-08,2467,115491.0,-71.0,-6561.0
2026-09-08,2493,113594.0,1000.0,-11134.0
2026-09-08,2421,330076.0,10000.0,-241480.0
2026-09-08,6706,88734.0,0.0,5016.0
2026-09-08,7795,73609.0,9000.0,2139.0
2026-09-08,6443,46370.0,0.0,31000.0
2026-09-08,6526,67332.0,0.0,-402.0
2026-09-08,6933,31959.0,0.0,1000.0
2026-09-08,3518,30865.0,0.0,0.0
2026-09-08,1560,137079.0,-100000.0,-26435.0
2026-09-08,3653,230862.0,-221032.0,721.0
2026-09-08,3016,-126317.0,0.0,135319.0
2026-09-08,6805,16627.0,1000.0,-12016.0
2026-09-08,3443,-111009.0,118257.0,-19518.0
2026-09-08,7799,-23464.0,0.0,0.0
2026-09-08,6205,-30271.0,0.0,240.0
2026-09-08,3026,-383628.0,490000.0,-145234.0
2026-09-08,8110,-835.0,0.0,-45995.0
2026-09-08,7822,-54499.0,0.0,2528.0
2026-09-08,6944,-43956.0,460.0,-15203.0
2026-09-08,6831,-336.0,-57000.0,-2853.0
2026-09-08,4770,-53589.0,0.0,-9051.0
2026-09-08,3576,-49412.0,0.0,-17000.0
2026-09-08,6197,-61914.0,0.0,-6878.0
2026-09-08,1590,-34287.0,-25000.0,-13052.0
2026-09-08,5269,-100619.0,44000.0,-26301.0
2026-09-08,3563,-92329.0,0.0,-6476.0
2026-09-08,6691,-98511.0,-1000.0,-3142.0
2026-09-08,2458,95420.0,-206000.0,-243.0
2026-09-08,3661,-47374.0,-72028.0,-13612.0
2026-09-08,7750,-116605.0,-12000.0,-9120.0
2026-09-08,6789,-130359.0,-5000.0,-12480.0
2026-09-08,2059,17951.0,-198537.0,29845.0
2026-09-08,2466,-160464.0,0.0,2000.0
2026-09-08,3406,-188286.0,0.0,27516.0
2026-09-08,3017,442002.0,-578118.0,-31883.0
2026-09-08,3532,-172199.0,9000.0,-10161.0
2026-09-08,4566,-181025.0,0.0,574.0
2026-09-08,6451,-159992.0,0.0,-28908.0
2026-09-08,3034,-297975.0,158632.0,-52241.0
2026-09-08,2542,-569600.0,553900.0,-192892.0
2026-09-08,6533,-210785.0,-1000.0,419.0
2026-09-08,3717,-318541.0,0.0,97362.0
2026-09-08,2404,-224590.0,50000.0,-47423.0
2026-09-08,6861,-253238.0,0.0,27896.0
2026-09-08,3094,-222357.0,0.0,-5536.0
2026-09-08,2881,517253.0,-212794.0,-537782.0
2026-09-08,6715,-239791.0,0.0,5958.0
2026-09-08,8046,1189152.0,-1387078.0,-39511.0
2026-09-08,3533,-229140.0,1000.0,-18118.0
2026-09-08,3014,-270830.0,24100.0,-2711.0
2026-09-08,2383,-177118.0,-12122.0,-60746.0
2026-09-08,3008,84203.0,-534447.0,188054.0
2026-09-08,1727,-255628.0,0.0,-13123.0
2026-09-08,4916,-232897.0,0.0,-47708.0
2026-09-08,2474,-613089.0,460000.0,-127770.0
2026-09-08,7711,-271066.0,0.0,-12327.0
2026-09-08,8210,265347.0,-482000.0,-72951.0
2026-09-08,2406,-295933.0,0.0,-5316.0
2026-09-08,6531,-261382.0,-34068.0,-29654.0
2026-09-08,6214,-323290.0,-4591.0,1.0
2026-09-08,2472,341380.0,-600000.0,-88571.0
2026-09-08,3035,-69680.0,40000.0,-347553.0
2026-09-08,1519,-276702.0,-26013.0,-80519.0
2026-09-08,6196,-399776.0,3000.0,-15624.0
2026-09-08,3044,-384256.0,25949.0,-55856.0
2026-09-08,6285,-233984.0,-79844.0,-112714.0
2026-09-08,8996,39617.0,-568000.0,-619.0
2026-09-08,6278,-756956.0,219000.0,-31076.0
2026-09-08,2882,-1112450.0,469767.0,66583.0
2026-09-08,3090,-541067.0,-11000.0,-24667.0
2026-09-08,2368,-730909.0,162834.0,-53687.0
2026-09-08,3376,-624154.0,0.0,-525.0
2026-09-08,6415,-598782.0,-6000.0,-20448.0
2026-09-08,2484,-581590.0,0.0,-44694.0
2026-09-08,4919,-505258.0,1000.0,-138022.0
2026-09-08,6168,-641275.0,0.0,-1233.0
2026-09-08,2395,48996.0,-621170.0,-74839.0
2026-09-08,6166,-693489.0,0.0,-1785.0
2026-09-08,2342,-709945.0,0.0,-1005.0
2026-09-08,1476,-725928.0,9719.0,-5836.0
2026-09-08,2379,-405286.0,32775.0,-360372.0
2026-09-08,6271,-981228.0,177000.0,-39698.0
2026-09-08,6209,-845688.0,0.0,-12718.0
2026-09-08,2302,-882515.0,0.0,-1384.0
2026-09-08,2486,-1000657.0,45000.0,-39300.0
2026-09-08,3665,-619256.0,-339080.0,-43582.0
2026-09-08,6213,-894858.0,8000.0,-119137.0
2026-09-08,8261,-1032132.0,0.0,-21741.0
2026-09-08,3019,-1043757.0,0.0,-93623.0
2026-09-08,2049,-1211297.0,150000.0,-81124.0
2026-09-08,2498,-840180.0,0.0,-303198.0
2026-09-08,3605,-1047179.0,220000.0,-338869.0
2026-09-08,6456,-1120429.0,0.0,-47645.0
2026-09-08,2603,-808818.0,17802.0,-397461.0
2026-09-08,2357,-2377279.0,1237478.0,-91720.0
2026-09-08,2363,-1255967.0,0.0,17997.0
2026-09-08,3450,-59390.0,-1171000.0,-20458.0
2026-09-08,6672,-1239951.0,-2000.0,-25672.0
2026-09-08,2308,-739438.0,-515192.0,-27633.0
2026-09-08,3714,-1249597.0,0.0,-78358.0
2026-09-08,2492,-1302135.0,-1000.0,-120555.0
2026-09-08,6505,-1226608.0,56578.0,-337533.0
2026-09-08,6669,159828.0,-1638241.0,-31254.0
2026-09-08,1504,-1128592.0,41000.0,-444407.0
2026-09-08,6919,-1602202.0,0.0,-57359.0
2026-09-08,4763,-1618072.0,7884.0,-136929.0
2026-09-08,2305,-1865222.0,0.0,110162.0
2026-09-08,3645,-1869443.0,0.0,10475.0
2026-09-08,3042,-1891128.0,-8000.0,-237017.0
2026-09-08,2327,-1169304.0,-900691.0,-73185.0
2026-09-08,3189,-1386310.0,-537092.0,-280847.0
2026-09-08,2376,-2745569.0,651470.0,-294629.0
2026-09-08,3036,-2084492.0,-5576.0,-302932.0
2026-09-08,2609,-1662332.0,245218.0,-986392.0
2026-09-08,2441,-2210345.0,10000.0,-212743.0
2026-09-08,8112,-2520951.0,100000.0,-25973.0
2026-09-08,8028,-2895225.0,475000.0,-60532.0
2026-09-08,8150,-2576144.0,20000.0,-61864.0
2026-09-08,3006,-2474911.0,-40000.0,-108870.0
2026-09-08,2615,-2314136.0,-8744.0,-368388.0
2026-09-08,1101,-1521887.0,46000.0,-1262935.0
2026-09-08,2464,-2711220.0,66000.0,-133313.0
2026-09-08,1717,-2383676.0,-270595.0,-236473.0
2026-09-08,2301,-2934651.0,233107.0,-191875.0
2026-09-08,2345,-2124416.0,-799032.0,27270.0
2026-09-08,2377,-2810788.0,223000.0,-465484.0
2026-09-08,1802,-3080163.0,44000.0,-256727.0
2026-09-08,6257,-3564867.0,-5129.0,-66758.0
2026-09-08,6239,-3573679.0,-17196.0,-223345.0
2026-09-08,2426,-4044239.0,0.0,-58778.0
2026-09-08,3706,-5041718.0,561000.0,213309.0
2026-09-08,4938,-6626178.0,2150000.0,-93676.0
2026-09-08,2354,-4192258.0,-5000.0,-396199.0
2026-09-08,2449,-4911644.0,-153608.0,-246295.0
2026-09-08,2436,-5116593.0,-20000.0,-232061.0
2026-09-08,1326,-6522487.0,0.0,-472892.0
2026-09-08,8039,-6719964.0,27000.0,-819918.0
2026-09-08,2313,-106387.0,-7169000.0,-508965.0
2026-09-08,2481,-8247649.0,340000.0,-655746.0
2026-09-08,6770,-7823991.0,-22000.0,-1889695.0
2026-09-08,2382,-13586379.0,357051.0,-182876.0
2026-09-08,2317,-13289577.0,-24702.0,-1068270.0
2026-09-08,2353,-14607859.0,150020.0,-676376.0
2026-09-08,2356,-18177771.0,1013597.0,-722468.0
2026-09-08,2324,-28275282.0,-32956.0,-762138.0
2026-09-08,3231,-46059330.0,2068012.0,646440.0
2026-09-08,3481,-42072853.0,-172499.0,-2429816.0
2026-09-08,2303,-63878408.0,4779375.0,653029.0
2026-09-07,2409,156579623.0,3873.0,21239157.0
2026-09-07,6770,112644189.0,7427000.0,6002433.0
2026-09-07,2303,38568009.0,14860005.0,-848961.0
2026-09-07,2344,47386632.0,-1360001.0,3928430.0
2026-09-07,3481,44175133.0,-37714.0,3761839.0
2026-09-07,3711,18355617.0,-510015.0,673419.0
2026-09-07,2330,16135314.0,-367588.0,720108.0
2026-09-07,2408,13693266.0,351710.0,610286.0
2026-09-07,4958,9974569.0,2722203.0,475301.0
2026-09-07,3006,9409456.0,-1000.0,274765.0
2026-09-07,2449,6996163.0,1560575.0,314947.0
2026-09-07,1326,8559103.0,-8000.0,258514.0
2026-09-07,2492,8312240.0,-4000.0,354278.0
2026-09-07,2337,7691316.0,-6000.0,882263.0
2026-09-07,2886,6344973.0,1207840.0,271781.0
2026-09-07,2327,6448279.0,-109246.0,947566.0
2026-09-07,1802,5993804.0,113000.0,291188.0
2026-09-07,2436,5950205.0,0.0,135449.0
2026-09-07,1301,4911152.0,-10000.0,579973.0
2026-09-07,2892,-1733101.0,6620441.0,139294.0
2026-09-07,2454,2913002.0,920029.0,443554.0
2026-09-07,1303,-1305492.0,5483000.0,-83571.0
2026-09-07,5880,3338139.0,-55000.0,653721.0
2026-09-07,2883,-3641620.0,7322068.0,176531.0
2026-09-07,8150,3203633.0,117000.0,244971.0
2026-09-07,2880,3458094.0,0.0,85512.0
2026-09-07,2885,3640352.0,-44474.0,-200204.0
2026-09-07,8021,3583716.0,-212000.0,11905.0
2026-09-07,6116,2529725.0,0.0,268709.0
2026-09-07,2610,1101916.0,1261000.0,219582.0
2026-09-07,2834,2080695.0,-26000.0,231000.0
2026-09-07,3037,1079698.0,360000.0,646113.0
2026-09-07,2855,1951236.0,-15000.0,0.0
2026-09-07,3042,1512302.0,-40000.0,225377.0
2026-09-07,6239,1441177.0,-12392.0,74265.0
2026-09-07,2489,1422078.0,-1000.0,58892.0
2026-09-07,2412,959297.0,312.0,138012.0
2026-09-07,2884,-8346532.0,8972726.0,441052.0
2026-09-07,3034,994432.0,30441.0,16391.0
2026-09-07,5871,687574.0,138000.0,124736.0
2026-09-07,6505,666879.0,131000.0,140086.0
2026-09-07,1560,801026.0,-1000.0,78000.0
2026-09-07,6531,792799.0,37364.0,41523.0
2026-09-07,2305,688702.0,0.0,33553.0
2026-09-07,2603,87305.0,495000.0,118906.0
2026-09-07,2455,128636.0,-19000.0,581161.0
2026-09-07,2360,570699.0,31241.0,64244.0
2026-09-07,2451,621917.0,31000.0,12939.0
2026-09-07,2382,-627210.0,1083154.0,201467.0
2026-09-07,3026,402943.0,81000.0,151489.0
2026-09-07,1519,483735.0,112000.0,27992.0
2026-09-07,2615,553743.0,-56389.0,102030.0
2026-09-07,4967,558381.0,0.0,3822.0
2026-09-07,2049,511895.0,-1000.0,-16150.0
2026-09-07,6446,526547.0,-60000.0,19297.0
2026-09-07,6426,434919.0,0.0,32038.0
2026-09-07,3532,-415320.0,897000.0,-16337.0
2026-09-07,3702,-109218.0,473000.0,81201.0
2026-09-07,3045,392413.0,-7398.0,33285.0
2026-09-07,6672,401864.0,-2000.0,13339.0
2026-09-07,7769,339158.0,60150.0,6279.0
2026-09-07,4770,305058.0,0.0,42080.0
2026-09-07,2368,166760.0,-7028.0,174784.0
2026-09-07,8028,-87610.0,370000.0,48690.0
2026-09-07,3094,296600.0,0.0,15000.0
2026-09-07,2466,304122.0,0.0,-2000.0
2026-09-07,2441,268829.0,11000.0,17747.0
2026-09-07,2467,287904.0,-1141.0,8510.0
2026-09-07,6691,233455.0,0.0,18660.0
2026-09-07,3450,394140.0,-1000.0,-145098.0
2026-09-07,7795,269200.0,9000.0,-42985.0
2026-09-07,2308,186882.0,-9759.0,47910.0
2026-09-07,2404,167840.0,33000.0,-4029.0
2026-09-07,2484,183892.0,0.0,10171.0
2026-09-07,6715,188841.0,0.0,3865.0
2026-09-07,6944,161473.0,0.0,14738.0
2026-09-07,6805,150973.0,10100.0,-156.0
2026-09-07,2383,131003.0,30759.0,-17252.0
2026-09-07,7799,147141.0,0.0,-3000.0
2026-09-07,6257,110829.0,-33258.0,49930.0
2026-09-07,1809,123196.0,0.0,0.0
2026-09-07,6139,182232.0,-1000.0,-59394.0
2026-09-07,6214,111517.0,4000.0,3680.0
2026-09-07,2493,80158.0,0.0,18346.0
2026-09-07,3563,82185.0,0.0,4268.0
2026-09-07,6196,68848.0,-2000.0,10821.0
2026-09-07,3044,15964.0,33416.0,27208.0
2026-09-07,7610,22000.0,0.0,42594.0
2026-09-07,2458,163952.0,-102000.0,-4987.0
2026-09-07,7750,49631.0,0.0,-1173.0
2026-09-07,8110,45772.0,0.0,1953.0
2026-09-07,2406,35043.0,0.0,4783.0
2026-09-07,7822,38108.0,0.0,-1003.0
2026-09-07,3518,35630.0,0.0,0.0
2026-09-07,6933,-3217.0,0.0,36000.0
2026-09-07,2609,-538008.0,171442.0,392363.0
2026-09-07,6789,5493.0,-4000.0,21192.0
2026-09-07,3533,13167.0,989.0,3202.0
2026-09-07,2345,13602.0,32130.0,-29124.0
2026-09-07,6861,10101.0,0.0,5640.0
2026-09-07,6451,-4041.0,0.0,12420.0
2026-09-07,5269,-40056.0,36000.0,5797.0
2026-09-07,1590,-8818.0,1614.0,662.0
2026-09-07,6278,-1074035.0,1092000.0,-27848.0
2026-09-07,2059,-23187.0,20988.0,-8521.0
2026-09-07,2379,-226011.0,130568.0,82906.0
2026-09-07,3645,-17146.0,0.0,-346.0
2026-09-07,4919,-174815.0,0.0,146478.0
2026-09-07,6205,-26286.0,0.0,-3023.0
2026-09-07,6526,-34244.0,-2000.0,4747.0
2026-09-07,6515,-79461.0,32000.0,6003.0
2026-09-07,8261,-72673.0,0.0,30053.0
2026-09-07,3167,-22102.0,0.0,-24266.0
2026-09-07,6830,-30295.0,0.0,-32832.0
2026-09-07,8039,-115124.0,0.0,48150.0
2026-09-07,3406,-89088.0,-16000.0,29556.0
2026-09-07,4916,-79150.0,0.0,-4808.0
2026-09-07,2376,-370378.0,464621.0,-184182.0
2026-09-07,3443,78418.0,-116064.0,-53788.0
2026-09-07,3576,-119800.0,0.0,28000.0
2026-09-07,3035,-107285.0,0.0,8173.0
2026-09-07,3014,-130443.0,21061.0,1524.0
2026-09-07,6533,-132000.0,0.0,1384.0
2026-09-07,2354,-194578.0,-5000.0,52033.0
2026-09-07,8103,-160893.0,0.0,8912.0
2026-09-07,3653,-135007.0,-21000.0,3027.0
2026-09-07,6834,-161228.0,0.0,5125.0
2026-09-07,6443,-95700.0,0.0,-65000.0
2026-09-07,3715,-217326.0,0.0,56127.0
2026-09-07,4566,-169000.0,0.0,-1.0
2026-09-07,2302,-194045.0,0.0,121.0
2026-09-07,6442,-207180.0,4500.0,-8726.0
2026-09-07,3016,-226472.0,0.0,5376.0
2026-09-07,3029,-245831.0,0.0,16922.0
2026-09-07,6706,-273760.0,0.0,-29139.0
2026-09-07,7711,-269252.0,0.0,-48929.0
2026-09-07,1476,-374191.0,31799.0,8789.0
2026-09-07,2342,-362029.0,0.0,-4754.0
2026-09-07,3661,-257986.0,-153000.0,6344.0
2026-09-07,6197,-301827.0,-1000.0,-114880.0
2026-09-07,6831,-300788.0,-129000.0,3148.0
2026-09-07,8046,260966.0,-584000.0,-106756.0
2026-09-07,3055,-438834.0,0.0,-1559.0
2026-09-07,1709,-482101.0,0.0,20834.0
2026-09-07,1504,-589850.0,66000.0,-4092.0
2026-09-07,6456,-472585.0,0.0,-77041.0
2026-09-07,2472,-112157.0,-488000.0,10293.0
2026-09-07,6415,-609264.0,-1000.0,8689.0
2026-09-07,3017,-811711.0,207000.0,-9322.0
2026-09-07,3665,-615935.0,2990.0,-8430.0
2026-09-07,2912,-664836.0,5000.0,19000.0
2026-09-07,2474,-706717.0,55000.0,1752.0
2026-09-07,3008,-257699.0,-458360.0,-21689.0
2026-09-07,2363,-1366182.0,0.0,621313.0
2026-09-07,2486,-764904.0,0.0,-2704.0
2026-09-07,2542,-3640620.0,2705000.0,120375.0
2026-09-07,6285,-780254.0,-39675.0,-38507.0
2026-09-07,2030,-890867.0,0.0,-34122.0
2026-09-07,1216,-945238.0,15000.0,2268.0
2026-09-07,8210,-675999.0,-332000.0,-21605.0
2026-09-07,3717,-1075000.0,0.0,31763.0
2026-09-07,3036,-935137.0,-58078.0,-59092.0
2026-09-07,2351,-1126315.0,0.0,54158.0
2026-09-07,2498,-981016.0,0.0,-126967.0
2026-09-07,2357,-2433140.0,1435590.0,-143865.0
2026-09-07,2002,-1414983.0,27000.0,220000.0
2026-09-07,1708,-1204200.0,0.0,3625.0
2026-09-07,6919,-1294958.0,-4000.0,53233.0
2026-09-07,4763,-1323800.0,-3000.0,68980.0
2026-09-07,6168,-1262186.0,0.0,21.0
2026-09-07,2881,-1750605.0,-58524.0,504000.0
2026-09-07,1102,-1896791.0,455956.0,60682.0
2026-09-07,3376,-1262517.0,-1000.0,-124581.0
2026-09-07,8112,-1493011.0,-11000.0,39138.0
2026-09-07,6166,-1490965.0,0.0,805.0
2026-09-07,3714,-1721598.0,0.0,110454.0
2026-09-07,2395,-1495197.0,-121000.0,-30522.0
2026-09-07,1727,-1677326.0,0.0,19732.0
2026-09-07,4956,-1720000.0,0.0,-434.0
2026-09-07,3605,-1959592.0,7000.0,146308.0
2026-09-07,9945,-2082884.0,0.0,149832.0
2026-09-07,6209,-1969486.0,0.0,-59823.0
2026-09-07,6669,-1105688.0,-748929.0,-227114.0
2026-09-07,8996,-889710.0,-1139000.0,-61276.0
2026-09-07,3019,-2050116.0,0.0,-58557.0
2026-09-07,2421,-2228553.0,9000.0,104599.0
2026-09-07,2618,-3882705.0,1951638.0,-207496.0
2026-09-07,1314,-2318362.0,0.0,55000.0
2026-09-07,6271,-2194308.0,0.0,-116909.0
2026-09-07,2882,-2282868.0,-14380.0,-58620.0
2026-09-07,6213,-2514270.0,26000.0,28561.0
2026-09-07,3706,-3550003.0,879000.0,205391.0
2026-09-07,2890,-3805852.0,1124793.0,138776.0
2026-09-07,3189,-2890685.0,116315.0,-55900.0
2026-09-07,2317,-2609789.0,39195.0,-727708.0
2026-09-07,3090,-3396275.0,-11000.0,2515.0
2026-09-07,2464,-3790164.0,64000.0,217450.0
2026-09-07,4938,-6319662.0,2684000.0,-117534.0
2026-09-07,2812,-4522000.0,-11000.0,140345.0
2026-09-07,2481,-6994150.0,1940000.0,122861.0
2026-09-07,2891,-9028350.0,3535551.0,385673.0
2026-09-07,2801,-10130267.0,4234000.0,306378.0
2026-09-07,2377,-5731696.0,425000.0,-375103.0
2026-09-07,2887,-23784110.0,15310022.0,1284963.0
2026-09-07,3231,-10618915.0,2948657.0,220180.0
2026-09-07,1101,-8736816.0,31000.0,151904.0
2026-09-07,1717,-8480191.0,-5191.0,-166616.0
2026-09-07,2027,-13276789.0,3092000.0,775939.0
2026-09-07,2301,-9722056.0,107734.0,-464424.0
2026-09-07,2356,-11254244.0,-114288.0,-382523.0
2026-09-07,2426,-12948884.0,0.0,210939.0
2026-09-07,2353,-15924698.0,1431443.0,-23949.0
2026-09-07,2313,-17596478.0,-3788590.0,370077.0
2026-09-07,2324,-51963880.0,-50968.0,-1602550.0
2026-09-04,2324,69366284.0,-21000.0,1671047.0
2026-09-04,2317,26407791.0,1145278.0,1370181.0
2026-09-04,2303,26550699.0,2474000.0,-838039.0
2026-09-04,3231,23925305.0,3435000.0,366699.0
2026-09-04,2327,18525832.0,-42000.0,261593.0
2026-09-04,2886,13042537.0,3457000.0,-621933.0
2026-09-04,2892,14323628.0,1307000.0,102019.0
2026-09-04,2353,14303460.0,165000.0,587667.0
2026-09-04,2356,13444182.0,282000.0,449138.0
2026-09-04,2377,10951518.0,1518000.0,884993.0
2026-09-04,2382,12836784.0,242000.0,85397.0
2026-09-04,2884,8186726.0,5238000.0,-685222.0
2026-09-04,2426,11198762.0,0.0,93835.0
2026-09-04,2492,10242177.0,-2000.0,389747.0
2026-09-04,2883,10007300.0,442000.0,96068.0
2026-09-04,4938,9303010.0,25941.0,345407.0
2026-09-04,3714,9578120.0,0.0,-5805.0
2026-09-04,2885,7943464.0,1036000.0,-211785.0
2026-09-04,5880,7784848.0,-73000.0,220000.0
2026-09-04,2891,5083286.0,2060000.0,-301564.0
2026-09-04,2301,4774853.0,512000.0,303181.0
2026-09-04,2313,3876584.0,786000.0,638609.0
2026-09-04,3090,4896896.0,82000.0,13833.0
2026-09-04,6271,4342944.0,123000.0,103882.0
2026-09-04,2880,3976996.0,-25000.0,-83320.0
2026-09-04,2881,3294593.0,-36000.0,149819.0
2026-09-04,3094,2835897.0,0.0,2109.0
2026-09-04,2357,2385514.0,113722.0,61087.0
2026-09-04,2002,2116673.0,314000.0,43000.0
2026-09-04,3045,2166757.0,375000.0,-92602.0
2026-09-04,2882,2098088.0,2000.0,72374.0
2026-09-04,2330,1885085.0,-322024.0,406740.0
2026-09-04,2412,1584238.0,167000.0,91000.0
2026-09-04,1216,1856640.0,-42000.0,2452.0
2026-09-04,2887,-653248.0,2957000.0,-494386.0
2026-09-04,2308,1406988.0,264940.0,123059.0
2026-09-04,2337,2750766.0,-1008000.0,42785.0
2026-09-04,2376,1823547.0,-558000.0,308171.0
2026-09-04,2354,1358228.0,-7000.0,222241.0
2026-09-04,3026,1429482.0,98000.0,-56100.0
2026-09-04,1709,1389818.0,0.0,-9272.0
2026-09-04,2395,945509.0,340000.0,94557.0
2026-09-04,6834,1364319.0,0.0,11658.0
2026-09-04,2049,1090698.0,139000.0,140386.0
2026-09-04,4763,800218.0,189000.0,332305.0
2026-09-04,4956,1200961.0,0.0,-2323.0
2026-09-04,6285,1148676.0,-213375.0,88231.0
2026-09-04,2472,936415.0,-1000.0,65558.0
2026-09-04,2454,534504.0,339361.0,103292.0
2026-09-04,8046,2022145.0,-1163000.0,98538.0
2026-09-04,3017,448987.0,462500.0,43773.0
2026-09-04,2890,-1641845.0,2641000.0,-78796.0
2026-09-04,1504,886381.0,92000.0,-132436.0
2026-09-04,6166,834361.0,0.0,1742.0
2026-09-04,4919,769882.0,0.0,61276.0
2026-09-04,3189,732130.0,-55000.0,103394.0
2026-09-04,4967,740723.0,21000.0,-1658.0
2026-09-04,3702,610976.0,119000.0,-3326.0
2026-09-04,6443,652874.0,0.0,4000.0
2026-09-04,9945,646291.0,0.0,-24448.0
2026-09-04,3532,555700.0,12000.0,22288.0
2026-09-04,3605,284573.0,0.0,268857.0
2026-09-04,2363,532085.0,0.0,2434.0
2026-09-04,2302,466540.0,0.0,5755.0
2026-09-04,2610,390045.0,257000.0,-203782.0
2026-09-04,8261,480632.0,0.0,-38456.0
2026-09-04,6209,508442.0,0.0,-66884.0
2026-09-04,3029,403235.0,-1660.0,11194.0
2026-09-04,2542,-2882898.0,3334000.0,-46729.0
2026-09-04,3167,311623.0,-1000.0,71054.0
2026-09-04,2455,1267333.0,-98000.0,-803926.0
2026-09-04,1519,282634.0,2650.0,69120.0
2026-09-04,6672,266000.0,0.0,82007.0
2026-09-04,6214,298476.0,42000.0,-15000.0
2026-09-04,2406,321220.0,0.0,-442.0
2026-09-04,1476,294436.0,6238.0,2979.0
2026-09-04,1727,280164.0,0.0,14407.0
2026-09-04,3406,264779.0,-17000.0,43534.0
2026-09-04,3034,226078.0,57593.0,3728.0
2026-09-04,3016,292839.0,0.0,-23799.0
2026-09-04,4770,256697.0,-1000.0,12606.0
2026-09-04,3717,255407.0,0.0,3932.0
2026-09-04,3661,185451.0,2000.0,66995.0
2026-09-04,6197,135416.0,-1000.0,112289.0
2026-09-04,1809,214222.0,0.0,1046.0
2026-09-04,8210,174344.0,-6000.0,37468.0
2026-09-04,2421,-231108.0,65000.0,359519.0
2026-09-04,7795,190019.0,-1000.0,1000.0
2026-09-04,2474,147807.0,69000.0,-36275.0
2026-09-04,7750,159573.0,3000.0,17431.0
2026-09-04,6831,266000.0,-98000.0,6230.0
2026-09-04,2458,255522.0,12806.0,-118652.0
2026-09-04,8110,144389.0,0.0,-2025.0
2026-09-04,2493,134198.0,0.0,-2761.0
2026-09-04,7711,66441.0,0.0,55342.0
2026-09-04,2436,133006.0,0.0,-23630.0
2026-09-04,2464,1960.0,120000.0,-15743.0
2026-09-04,6933,106815.0,0.0,-6000.0
2026-09-04,6139,179958.0,-152000.0,69330.0
2026-09-04,6715,86500.0,0.0,7834.0
2026-09-04,6456,82855.0,0.0,2644.0
2026-09-04,6706,48498.0,0.0,22030.0
2026-09-04,6861,63638.0,0.0,2120.0
2026-09-04,7799,62000.0,0.0,0.0
2026-09-04,3653,98892.0,-19000.0,-20486.0
2026-09-04,3665,-283417.0,333000.0,741.0
2026-09-04,2466,34410.0,0.0,2000.0
2026-09-04,7769,40559.0,-6000.0,-1998.0
2026-09-04,7822,28000.0,0.0,1530.0
2026-09-04,7610,-4000.0,0.0,32987.0
2026-09-04,2379,-182315.0,142000.0,68130.0
2026-09-04,6205,13092.0,0.0,0.0
2026-09-04,6830,8670.0,12000.0,-7993.0
2026-09-04,6805,6593.0,0.0,4954.0
2026-09-04,4916,23904.0,0.0,-16852.0
2026-09-04,3563,4136.0,8000.0,-6489.0
2026-09-04,4566,3511.0,0.0,-50.0
2026-09-04,3376,23601.0,-1000.0,-21482.0
2026-09-04,3443,63245.0,3600.0,-69665.0
2026-09-04,6526,9867.0,-11000.0,-1795.0
2026-09-04,2059,86229.0,-89500.0,-2297.0
2026-09-04,1590,-8096.0,-1000.0,1890.0
2026-09-04,3533,-8417.0,-1000.0,-7851.0
2026-09-04,3450,-252930.0,-1000.0,232986.0
2026-09-04,2467,-15113.0,18000.0,-29325.0
2026-09-04,6196,-10462.0,1000.0,-31158.0
2026-09-04,6515,-243544.0,201500.0,-1985.0
2026-09-04,6789,-30818.0,-2000.0,-18656.0
2026-09-04,6426,-146575.0,89000.0,-551.0
2026-09-04,3035,-33622.0,0.0,-35816.0
2026-09-04,8996,-312013.0,33000.0,203977.0
2026-09-04,6451,-89609.0,0.0,-1218.0
2026-09-04,6278,-498539.0,482000.0,-75221.0
2026-09-04,3008,-7956.0,-141000.0,56522.0
2026-09-04,2404,-150882.0,14000.0,42733.0
2026-09-04,2342,-90948.0,0.0,-4619.0
2026-09-04,2609,-13633.0,38000.0,-125811.0
2026-09-04,8028,-112890.0,-1000.0,11864.0
2026-09-04,3518,-109707.0,0.0,0.0
2026-09-04,6691,-159601.0,39000.0,-234.0
2026-09-04,2912,-114897.0,-2000.0,-8000.0
2026-09-04,6944,-137788.0,1000.0,2226.0
2026-09-04,5269,-121142.0,11000.0,-29229.0
2026-09-04,6415,-164134.0,-1000.0,6297.0
2026-09-04,8021,203058.0,-373000.0,6936.0
2026-09-04,1708,-161770.0,0.0,-3022.0
2026-09-04,3576,-199924.0,0.0,11000.0
2026-09-04,2030,-190750.0,0.0,900.0
2026-09-04,2484,-187248.0,0.0,-4043.0
2026-09-04,6533,-217174.0,0.0,-842.0
2026-09-04,3645,-214900.0,0.0,-5266.0
2026-09-04,2383,-20749.0,-208500.0,8750.0
2026-09-04,2360,-293171.0,-31000.0,32538.0
2026-09-04,6669,-432408.0,325544.0,-208700.0
2026-09-04,8103,-400353.0,0.0,70339.0
2026-09-04,2351,-596085.0,200000.0,63381.0
2026-09-04,2345,-265365.0,-63900.0,-17164.0
2026-09-04,3044,-339036.0,31000.0,-55456.0
2026-09-04,2855,-633479.0,218818.0,0.0
2026-09-04,2489,847185.0,-2000.0,-1288735.0
2026-09-04,6531,-443077.0,1000.0,-8933.0
2026-09-04,2441,-509924.0,5000.0,-2335.0
2026-09-04,6442,-467559.0,-105000.0,23139.0
2026-09-04,3014,-619447.0,30621.0,2324.0
2026-09-04,3055,-620776.0,0.0,-14677.0
2026-09-04,1560,-408801.0,-209000.0,-33235.0
2026-09-04,6168,-669000.0,0.0,1053.0
2026-09-04,6446,-754957.0,47000.0,6032.0
2026-09-04,3715,-819900.0,0.0,6005.0
2026-09-04,3706,-1014508.0,164000.0,23369.0
2026-09-04,1102,-1502076.0,651481.0,-67825.0
2026-09-04,6116,-752738.0,0.0,-215149.0
2026-09-04,6505,-1903940.0,250000.0,649074.0
2026-09-04,6213,-1043550.0,8000.0,-6425.0
2026-09-04,1301,-768205.0,0.0,-326688.0
2026-09-04,2615,-518206.0,36000.0,-640914.0
2026-09-04,3042,-897953.0,-89000.0,-147482.0
2026-09-04,2305,-1151958.0,0.0,14158.0
2026-09-04,2408,429943.0,-1954000.0,289096.0
2026-09-04,8112,-1420089.0,100000.0,59928.0
2026-09-04,6239,-927418.0,-116000.0,-225342.0
2026-09-04,3019,-1236509.0,0.0,-107317.0
2026-09-04,2368,-1463009.0,103000.0,-14587.0
2026-09-04,2451,-1387388.0,6000.0,-12652.0
2026-09-04,2618,-2466867.0,1014423.0,-162075.0
2026-09-04,5871,-1844219.0,232710.0,-4113.0
2026-09-04,1802,-1489290.0,30000.0,-181385.0
2026-09-04,2812,-1689150.0,28000.0,18153.0
2026-09-04,6919,-1854594.0,0.0,6256.0
2026-09-04,3037,2585200.0,-4448000.0,-82104.0
2026-09-04,2344,5354719.0,-6914000.0,-407914.0
2026-09-04,6257,-2040429.0,42000.0,-55977.0
2026-09-04,2498,-2077281.0,-7000.0,13298.0
2026-09-04,2027,-4372029.0,2590000.0,-403002.0
2026-09-04,2486,-2088909.0,-5000.0,-179586.0
2026-09-04,1326,-2269633.0,0.0,-141600.0
2026-09-04,3036,-2273367.0,-60000.0,-105777.0
2026-09-04,2801,-6872322.0,4205000.0,73000.0
2026-09-04,8150,-2380533.0,-6000.0,-334039.0
2026-09-04,3711,-3581433.0,12000.0,92691.0
2026-09-04,8039,-3816273.0,56000.0,205858.0
2026-09-04,1314,-3873634.0,0.0,26685.0
2026-09-04,1717,-1704495.0,-1995000.0,-1097216.0
2026-09-04,1101,-5210414.0,238000.0,142662.0
2026-09-04,2449,-4993569.0,-99000.0,170579.0
2026-09-04,3006,-5051999.0,18000.0,-89601.0
2026-09-04,1303,-5624819.0,-29000.0,85334.0
2026-09-04,2603,-8088631.0,1381197.0,-294443.0
2026-09-04,4958,-7534100.0,-208000.0,415478.0
2026-09-04,2481,-14570120.0,1249000.0,-94877.0
2026-09-04,2409,-14772865.0,0.0,-1490758.0
2026-09-04,6770,-16245709.0,0.0,-696596.0
2026-09-04,3481,-16944973.0,-28000.0,-330070.0
2026-09-04,2834,-19378086.0,-388316.0,-171274.0
2026-09-03,2409,55437100.0,-1129000.0,1131816.0
2026-09-03,2886,23261199.0,-688000.0,226308.0
2026-09-03,2481,16999031.0,2850000.0,-62170.0
2026-09-03,2885,17375409.0,1505000.0,481222.0
2026-09-03,3231,2762894.0,14547000.0,564054.0
2026-09-03,3481,19021801.0,-3000.0,-2356958.0
2026-09-03,2303,22021498.0,-8976000.0,2778622.0
2026-09-03,5880,17430887.0,-3264000.0,-57045.0
2026-09-03,2618,9151935.0,3324857.0,-24421.0
2026-09-03,2884,8980461.0,671000.0,1236820.0
2026-09-03,2610,10292524.0,570000.0,-91441.0
2026-09-03,2892,12524298.0,-1997000.0,-122851.0
2026-09-03,2609,9500135.0,-21000.0,447242.0
2026-09-03,3045,8687824.0,1205000.0,-287862.0
2026-09-03,2002,9049125.0,173000.0,-73884.0
2026-09-03,2882,3771554.0,3242000.0,448667.0
2026-09-03,2890,5955641.0,1771000.0,-343362.0
2026-09-03,2891,4234700.0,3353000.0,-326904.0
2026-09-03,1301,7770197.0,-474000.0,-321029.0
2026-09-03,2542,3082247.0,3213000.0,24009.0
2026-09-03,2883,5273176.0,78000.0,720942.0
2026-09-03,1326,5283031.0,108000.0,-370078.0
2026-09-03,2412,5233493.0,-329000.0,-27000.0
2026-09-03,2027,2193093.0,2098000.0,367358.0
2026-09-03,2880,7509088.0,-2636630.0,-370130.0
2026-09-03,2812,7409309.0,-3312000.0,177000.0
2026-09-03,2801,4743176.0,-475000.0,-131207.0
2026-09-03,2603,2444378.0,1494395.0,163958.0
2026-09-03,2615,3218849.0,299000.0,574864.0
2026-09-03,2354,4999623.0,-6000.0,-1040118.0
2026-09-03,2382,3774802.0,177000.0,-138968.0
2026-09-03,3711,3487906.0,225000.0,-133987.0
2026-09-03,2881,1922806.0,937000.0,231800.0
2026-09-03,2455,2690798.0,713000.0,-402251.0
2026-09-03,1102,4126.0,2803973.0,-81277.0
2026-09-03,2308,2108352.0,137504.0,203169.0
2026-09-03,6213,2052230.0,52000.0,33340.0
2026-09-03,2454,1172391.0,455055.0,60267.0
2026-09-03,8150,2165963.0,6000.0,-486911.0
2026-09-03,3605,1683547.0,0.0,-82175.0
2026-09-03,8039,1956328.0,-46000.0,-309915.0
2026-09-03,6426,1264901.0,0.0,-12713.0
2026-09-03,2464,1055450.0,0.0,108119.0
2026-09-03,6196,1220533.0,-110000.0,44404.0
2026-09-03,3714,976032.0,0.0,110917.0
2026-09-03,3094,1077718.0,0.0,805.0
2026-09-03,2030,972904.0,0.0,34000.0
2026-09-03,6442,432070.0,535000.0,-83143.0
2026-09-03,2313,1786589.0,65000.0,-1057012.0
2026-09-03,3042,1295852.0,-69000.0,-502800.0
2026-09-03,3532,-50301.0,806000.0,-97427.0
2026-09-03,1476,632487.0,7000.0,8384.0
2026-09-03,9945,654424.0,0.0,-16953.0
2026-09-03,2855,-761010.0,1366648.0,0.0
2026-09-03,6278,621587.0,9000.0,-61445.0
2026-09-03,1708,536091.0,-5000.0,21315.0
2026-09-03,3017,375859.0,104084.0,-58851.0
2026-09-03,3026,631597.0,-113000.0,-121702.0
2026-09-03,3406,493609.0,-23000.0,-111596.0
2026-09-03,2302,325839.0,-2000.0,-6829.0
2026-09-03,3090,-301278.0,619000.0,-3236.0
2026-09-03,6446,156915.0,138000.0,2732.0
2026-09-03,6533,256184.0,0.0,1076.0
2026-09-03,2342,237524.0,0.0,4039.0
2026-09-03,7610,210775.0,0.0,2179.0
2026-09-03,8103,176787.0,0.0,13500.0
2026-09-03,2887,-547827.0,1333000.0,-600144.0
2026-09-03,2360,210293.0,-24250.0,-4895.0
2026-09-03,7769,167333.0,-13500.0,8285.0
2026-09-03,7711,159601.0,0.0,-9392.0
2026-09-03,3450,185095.0,-178000.0,138498.0
2026-09-03,2912,185417.0,-21000.0,-20000.0
2026-09-03,2368,1453645.0,-1298000.0,-12101.0
2026-09-03,3443,87746.0,62700.0,-11817.0
2026-09-03,2493,162197.0,-2000.0,-28176.0
2026-09-03,2404,102275.0,-5000.0,31160.0
2026-09-03,6861,116467.0,0.0,-1511.0
2026-09-03,2472,232202.0,-47000.0,-71583.0
2026-09-03,3044,37917.0,68000.0,-26323.0
2026-09-03,2467,-21839.0,111000.0,-10078.0
2026-09-03,2351,91156.0,167000.0,-184635.0
2026-09-03,3653,85502.0,4654.0,-25016.0
2026-09-03,1560,-102360.0,107000.0,33965.0
2026-09-03,6139,127138.0,-97000.0,-1134.0
2026-09-03,6933,27671.0,0.0,1000.0
2026-09-03,6515,-206954.0,227900.0,2878.0
2026-09-03,4770,21227.0,0.0,656.0
2026-09-03,6526,14474.0,-11000.0,1776.0
2026-09-03,7822,-16994.0,0.0,719.0
2026-09-03,5269,-8299.0,784.0,-9627.0
2026-09-03,6691,-22869.0,-12000.0,3204.0
2026-09-03,2377,367224.0,45000.0,-458294.0
2026-09-03,7795,-35968.0,0.0,-11000.0
2026-09-03,2363,27091.0,0.0,-75158.0
2026-09-03,1216,246299.0,-147000.0,-153462.0
2026-09-03,7750,-45030.0,-1000.0,-8143.0
2026-09-03,6830,-27513.0,0.0,-26984.0
2026-09-03,1590,-43287.0,-2591.0,-9845.0
2026-09-03,6831,-63917.0,0.0,-3982.0
2026-09-03,7799,-67900.0,0.0,0.0
2026-09-03,3029,-84075.0,-3315.0,19426.0
2026-09-03,3533,3835.0,-37361.0,-35012.0
2026-09-03,1727,-64729.0,0.0,-4717.0
2026-09-03,8210,-26084.0,-11000.0,-34781.0
2026-09-03,6789,-17828.0,-16000.0,-53827.0
2026-09-03,2059,-15792.0,-85286.0,6127.0
2026-09-03,2395,-146628.0,91000.0,-40593.0
2026-09-03,6944,-35581.0,-72000.0,-3166.0
2026-09-03,6205,-112030.0,0.0,-1507.0
2026-09-03,8261,-191844.0,-1000.0,71488.0
2026-09-03,6672,-77852.0,-2000.0,-59958.0
2026-09-03,2356,575995.0,-29000.0,-694096.0
2026-09-03,6715,-156602.0,0.0,7850.0
2026-09-03,3167,26007.0,-141000.0,-42530.0
2026-09-03,3016,-178859.0,0.0,17176.0
2026-09-03,3702,27014.0,-237000.0,41912.0
2026-09-03,3661,-102914.0,33000.0,-113205.0
2026-09-03,3008,-222691.0,9650.0,-444.0
2026-09-03,3035,-112682.0,0.0,-103733.0
2026-09-03,6271,-156699.0,0.0,-73201.0
2026-09-03,3563,-208426.0,0.0,-38347.0
2026-09-03,2421,-124304.0,2000.0,-130310.0
2026-09-03,6805,163842.0,-425000.0,8367.0
2026-09-03,3717,-290001.0,0.0,29438.0
2026-09-03,2383,-151720.0,-99500.0,-13613.0
2026-09-03,1809,-268000.0,0.0,901.0
2026-09-03,6443,-277800.0,0.0,-34000.0
2026-09-03,3376,162640.0,0.0,-493690.0
2026-09-03,8110,-288447.0,0.0,-50364.0
2026-09-03,4956,-350000.0,0.0,-482.0
2026-09-03,3014,-347863.0,2250.0,-5842.0
2026-09-03,2049,-155962.0,-83000.0,-113035.0
2026-09-03,2357,-472853.0,359445.0,-240807.0
2026-09-03,3645,-350755.0,0.0,-16130.0
2026-09-03,4566,-370804.0,0.0,-93.0
2026-09-03,3518,-371906.0,0.0,0.0
2026-09-03,1519,-327143.0,1000.0,-48695.0
2026-09-03,3034,-273979.0,-61813.0,-40462.0
2026-09-03,3576,-406846.0,0.0,-13000.0
2026-09-03,6834,-422000.0,-2000.0,-3787.0
2026-09-03,8996,-550026.0,138000.0,-17447.0
2026-09-03,4919,-281152.0,0.0,-183068.0
2026-09-03,2436,-502501.0,0.0,-71130.0
2026-09-03,6456,-515468.0,0.0,-61098.0
2026-09-03,2345,-245551.0,-353000.0,11642.0
2026-09-03,6285,-90851.0,-310465.0,-185786.0
2026-09-03,6239,-473546.0,-118000.0,-29856.0
2026-09-03,8028,-634552.0,0.0,-26372.0
2026-09-03,2406,-650067.0,-8000.0,-3070.0
2026-09-03,2458,-728760.0,4614.0,-5353.0
2026-09-03,3055,-598069.0,0.0,-136083.0
2026-09-03,3665,-723938.0,-7000.0,-22889.0
2026-09-03,6197,-666932.0,-91000.0,-19178.0
2026-09-03,2498,-784569.0,-1000.0,7244.0
2026-09-03,2441,-247922.0,-498000.0,-41588.0
2026-09-03,6531,-1165660.0,434000.0,-61850.0
2026-09-03,4916,-758378.0,0.0,-54856.0
2026-09-03,6415,-276715.0,-527000.0,-16732.0
2026-09-03,6214,-1036548.0,190000.0,282.0
2026-09-03,2305,-924997.0,-2000.0,55630.0
2026-09-03,2466,-870785.0,-3000.0,-39.0
2026-09-03,6168,-894362.0,0.0,2194.0
2026-09-03,6166,-959446.0,0.0,1073.0
2026-09-03,3715,-898264.0,0.0,-79813.0
2026-09-03,2330,-960755.0,51332.0,-88899.0
2026-09-03,2474,-1048794.0,25000.0,13210.0
2026-09-03,1709,-1029778.0,0.0,5002.0
2026-09-03,6706,-1032645.0,0.0,-26981.0
2026-09-03,2484,-1096573.0,-3000.0,-12262.0
2026-09-03,2379,-1530340.0,418000.0,-66421.0
2026-09-03,2376,-1039088.0,55000.0,-420049.0
2026-09-03,1717,-97726.0,0.0,-1329467.0
2026-09-03,6669,-1881390.0,392976.0,13593.0
2026-09-03,2451,-1467991.0,-7000.0,-32942.0
2026-09-03,3006,-1392754.0,118000.0,-284831.0
2026-09-03,4967,-1587562.0,121000.0,-100401.0
2026-09-03,3037,209682.0,-1912000.0,84163.0
2026-09-03,2489,-55837.0,0.0,-1654148.0
2026-09-03,1504,-963997.0,-476000.0,-358961.0
2026-09-03,3706,-3061107.0,1647000.0,-817832.0
2026-09-03,1314,-1769434.0,0.0,-479000.0
2026-09-03,6209,-2126524.0,0.0,-215594.0
2026-09-03,4763,-3651883.0,1202000.0,-132129.0
2026-09-03,2317,-2322698.0,-248444.0,-109462.0
2026-09-03,4938,-4311486.0,1499886.0,-56890.0
2026-09-03,5871,-3027825.0,50024.0,-7502.0
2026-09-03,2426,-2962872.0,0.0,-133101.0
2026-09-03,2492,-2503662.0,-62000.0,-574008.0
2026-09-03,6257,-3100364.0,-196000.0,-140304.0
2026-09-03,6451,-4001264.0,0.0,19064.0
2026-09-03,3036,-3943409.0,-194000.0,134888.0
2026-09-03,6919,-4082916.0,0.0,-100833.0
2026-09-03,8112,-4281624.0,0.0,6462.0
2026-09-03,8021,-4627981.0,79000.0,-70934.0
2026-09-03,2353,-4636639.0,561000.0,-554084.0
2026-09-03,3019,-3912499.0,0.0,-793545.0
2026-09-03,2486,-5344443.0,0.0,-137643.0
2026-09-03,1101,-5934846.0,284000.0,-132956.0
2026-09-03,2327,-4641033.0,-648000.0,-515645.0
2026-09-03,1802,-4926376.0,36000.0,-1310451.0
2026-09-03,3189,-5453156.0,-1426000.0,-105021.0
2026-09-03,2301,-7190766.0,352000.0,-723762.0
2026-09-03,6505,-7245203.0,-1000.0,-407482.0
2026-09-03,8046,-4925463.0,-2319000.0,-482030.0
2026-09-03,2449,-7545113.0,-8000.0,-292298.0
2026-09-03,1303,-6894789.0,155000.0,-1443465.0
2026-09-03,2324,-6202525.0,-777000.0,-1214615.0
2026-09-03,6116,-8431234.0,0.0,-38973.0
2026-09-03,4958,-10271226.0,-589000.0,-1479462.0
2026-09-03,2337,-15138475.0,-159000.0,-804456.0
2026-09-03,6770,-18954441.0,-2000.0,-3647513.0
2026-09-03,2834,-23184056.0,-4314740.0,155559.0
2026-09-03,2344,-26737222.0,71000.0,-5232756.0
2026-09-03,2408,-34399366.0,-1992000.0,-2911571.0
2026-09-03,1569,-368000,0,-1031
2026-09-04,1569,195000,0,7519
2026-09-07,1569,-265000,0,22321
2026-09-08,1569,-187605,0,-8182
2026-09-09,1569,174029,0,-1025
2026-09-10,1569,101000,0,3999
2026-09-11,1569,557100,0,5781
2026-09-14,1569,-357386,0,-2011
2026-09-15,1569,112000,0,-9000
2026-09-16,1569,264000,0,11004
2026-09-17,1569,279023,0,-2900
2026-09-18,1569,522045,0,28285
2026-09-21,1569,1239354,0,33029
2026-09-22,1569,1100949,0,2174
2026-09-23,1569,36402,0,-16078
2026-09-03,1785,-1111922,0,2081
2026-09-04,1785,400501,0,-123
2026-09-07,1785,344895,-610,-320
2026-09-08,1785,-832746,-305,-592
2026-09-09,1785,605802,0,443
2026-09-10,1785,-1752206,0,7896
2026-09-11,1785,438279,0,2217
2026-09-14,1785,70044,-4000,-28864
2026-09-15,1785,-180845,0,-2629
2026-09-16,1785,175543,0,-46283
2026-09-17,1785,-2756499,4000,124726
2026-09-18,1785,-500947,3000,1009
2026-09-21,1785,-146923,0,236
2026-09-22,1785,-383792,0,-195
2026-09-23,1785,-226998,0,-2680
2026-09-03,1815,7402359,16000,-1973477
2026-09-04,1815,1670103,-1982000,-481392
2026-09-07,1815,18325118,4741000,713175
2026-09-08,1815,725800,10541000,329511
2026-09-09,1815,-29928922,10982000,-697009
2026-09-10,1815,-11539992,11431000,24442
2026-09-11,1815,-5551636,7612000,-92490
2026-09-14,1815,-10446827,-1521000,-653451
2026-09-15,1815,-2933863,3611000,-349451
2026-09-16,1815,-4509942,-1274000,520571
2026-09-17,1815,-14836284,-1505000,-651532
2026-09-18,1815,11647126,-827000,920274
2026-09-21,1815,-653497,1185000,88664
2026-09-22,1815,-7827674,0,301900
2026-09-23,1815,-3263129,0,38609
2026-09-03,2221,-107393,0,3079
2026-09-04,2221,-835948,0,2233
2026-09-07,2221,417896,0,-5254
2026-09-08,2221,-577481,0,-690
2026-09-09,2221,111738,0,531
2026-09-10,2221,717000,0,2715
2026-09-11,2221,-767006,0,108689
2026-09-14,2221,-547500,0,60732
2026-09-15,2221,587588,0,-11093
2026-09-16,2221,-834947,0,21240
2026-09-17,2221,20450,0,-16615
2026-09-18,2221,245950,0,-24353
2026-09-21,2221,642000,0,32432
2026-09-22,2221,-27000,0,324
2026-09-23,2221,-530061,0,-2857
2026-09-03,3081,606438,-65000,-46981
2026-09-04,3081,626465,-547000,33317
2026-09-07,3081,-233121,-74000,49214
2026-09-08,3081,818902,-263000,-89585
2026-09-09,3081,-475491,-324000,-3114
2026-09-10,3081,-182347,-168400,21699
2026-09-11,3081,-41,-64000,-69030
2026-09-14,3081,-96464,13706,-68057
2026-09-15,3081,65996,-56400,20590
2026-09-16,3081,-1410412,452000,-355421
2026-09-17,3081,-709454,64540,47177
2026-09-18,3081,-142377,107535,10040
2026-09-21,3081,-837270,672000,-31599
2026-09-22,3081,-503213,105000,-19931
2026-09-23,3081,-40102,-308000,-22145
2026-09-03,3105,-435494,-12000,-809355
2026-09-04,3105,-3459463,-140000,-207152
2026-09-07,3105,-1820855,1835658,-29934
2026-09-08,3105,-2825077,3127830,-223253
2026-09-09,3105,3436422,2353000,-247658
2026-09-10,3105,-2341101,1846000,-145652
2026-09-11,3105,-3001020,60000,-178291
2026-09-14,3105,2655117,24000,217049
2026-09-15,3105,3170112,1866000,-365244
2026-09-16,3105,410378,26000,303425
2026-09-17,3105,-567889,1366200,777555
2026-09-18,3105,8879551,235900,691966
2026-09-21,3105,-2854952,707000,-99648
2026-09-22,3105,6516699,282000,170820
2026-09-23,3105,-3921900,795000,-249005
2026-09-03,3131,-576,500,-18265
2026-09-04,3131,-27131,3000,-5299
2026-09-07,3131,244496,6300,8170
2026-09-08,3131,-24119,97000,12427
2026-09-09,3131,-39036,-52100,-412
2026-09-10,3131,-51953,-27400,-5579
2026-09-11,3131,-77146,-41500,-12873
2026-09-14,3131,15350,-28605,-10623
2026-09-15,3131,14937,0,10290
2026-09-16,3131,-40075,2500,-4330
2026-09-17,3131,-19066,1063,4769
2026-09-18,3131,2345,3000,659
2026-09-21,3131,-142535,0,7624
2026-09-22,3131,-91961,-5000,-7248
2026-09-23,3131,-17041,-26000,-11533
2026-09-03,3147,-154500,0,-1663
2026-09-04,3147,216000,0,3201
2026-09-07,3147,-66800,0,-1800
2026-09-08,3147,-7993,0,-1869
2026-09-09,3147,185385,0,-292
2026-09-10,3147,-48680,0,-1657
2026-09-11,3147,61275,0,503
2026-09-14,3147,-104092,0,24057
2026-09-15,3147,-131742,0,6021
2026-09-16,3147,-65349,0,20047
2026-09-17,3147,41007,0,2487
2026-09-18,3147,203883,0,16208
2026-09-21,3147,-167353,0,-3421
2026-09-22,3147,130000,0,-2767
2026-09-23,3147,73110,0,-21822
2026-09-03,3163,3106,0,44566
2026-09-04,3163,207228,0,35931
2026-09-07,3163,-467252,0,-98991
2026-09-08,3163,-280850,0,-29899
2026-09-09,3163,-242848,-875,-13467
2026-09-10,3163,-84462,0,-1135
2026-09-11,3163,-127430,0,-16036
2026-09-14,3163,122505,0,2062
2026-09-15,3163,-179463,0,-9559
2026-09-16,3163,-70202,0,3951
2026-09-17,3163,-318099,-2000,-1973
2026-09-18,3163,-231299,0,-1445
2026-09-21,3163,-49798,-2000,-82
2026-09-22,3163,-221530,-13300,-644
2026-09-23,3163,-83468,-4000,201
2026-09-03,3211,-107340,-1426000,-96648
2026-09-04,3211,30380,40000,39570
2026-09-07,3211,-728875,2000,22758
2026-09-08,3211,-174959,1000,-38496
2026-09-09,3211,514109,-1154000,-11759
2026-09-10,3211,-99581,-52000,102919
2026-09-11,3211,-357522,16000,-138133
2026-09-14,3211,-154850,116300,-8340
2026-09-15,3211,-249058,308000,6683
2026-09-16,3211,-225082,90000,19570
2026-09-17,3211,-328700,-72200,-25520
2026-09-18,3211,-3000,900,13699
2026-09-21,3211,1257239,434000,122573
2026-09-22,3211,-648600,280000,-63550
2026-09-23,3211,-188716,90000,-36166
2026-09-03,3219,87209,0,-13684
2026-09-04,3219,82000,0,4033
2026-09-07,3219,212002,0,9916
2026-09-08,3219,-4677,0,-323
2026-09-09,3219,173183,0,20629
2026-09-10,3219,-26000,0,-8114
2026-09-11,3219,161000,0,-45244
2026-09-14,3219,27900,0,305
2026-09-15,3219,-23990,0,-4221
2026-09-16,3219,19981,0,-37200
2026-09-17,3219,46104,0,-6884
2026-09-18,3219,131000,0,7388
2026-09-21,3219,410350,0,52709
2026-09-22,3219,-195000,0,119261
2026-09-23,3219,343760,0,53144
2026-09-03,3234,142389,319000,-33149
2026-09-04,3234,-459296,53000,11399
2026-09-07,3234,-1222603,0,-29690
2026-09-08,3234,-658891,0,7922
2026-09-09,3234,743102,0,180
2026-09-10,3234,-180616,0,-584
2026-09-11,3234,906501,0,-16176
2026-09-14,3234,687500,-372000,-9383
2026-09-15,3234,648313,0,-254
2026-09-16,3234,-1162038,0,354
2026-09-17,3234,-970518,0,-756
2026-09-18,3234,-773070,0,226
2026-09-21,3234,96113,0,-695
2026-09-22,3234,186773,0,2072
2026-09-23,3234,117999,0,231
2026-09-03,3260,-4530841,80000,-405261
2026-09-04,3260,-1609264,66000,1065
2026-09-07,3260,2542229,0,323878
2026-09-08,3260,1398052,67800,594524
2026-09-09,3260,-323188,-2000,189475
2026-09-10,3260,-1995470,-600,-54207
2026-09-11,3260,-1938084,322600,172688
2026-09-14,3260,-1748100,100600,-24985
2026-09-15,3260,-1452534,-1000,-56257
2026-09-16,3260,-85345,87200,385813
2026-09-17,3260,-926025,127700,-72657
2026-09-18,3260,-269840,155600,159600
2026-09-21,3260,936605,-13000,-97088
2026-09-22,3260,-360825,-54000,-865153
2026-09-23,3260,-384022,-6500,-46277
2026-09-03,3264,-201054,357000,-139893
2026-09-04,3264,-328625,-248000,19631
2026-09-07,3264,-581143,14769,60583
2026-09-08,3264,-1576107,9885,-52140
2026-09-09,3264,1910895,-182000,336328
2026-09-10,3264,1681631,1165000,348213
2026-09-11,3264,-2513807,0,-287677
2026-09-14,3264,-54655,-66000,74136
2026-09-15,3264,-500795,0,-169227
2026-09-16,3264,-488031,-40400,-302776
2026-09-17,3264,4472329,2065000,165016
2026-09-18,3264,-403703,-438000,1473110
2026-09-21,3264,-917541,1689000,1196905
2026-09-22,3264,17273026,-2350000,362430
2026-09-23,3264,-782744,-6963000,-182434
2026-09-03,3293,-141104,12000,-1019
2026-09-04,3293,-128278,21000,-1157
2026-09-07,3293,-247718,62000,-9963
2026-09-08,3293,-170996,20000,-25106
2026-09-09,3293,-64691,3000,6791
2026-09-10,3293,-253286,7000,10165
2026-09-11,3293,-962746,35000,6571
2026-09-14,3293,97761,-14000,4109
2026-09-15,3293,-40232,6000,273
2026-09-16,3293,19985,301000,13807
2026-09-17,3293,1058669,239000,26837
2026-09-18,3293,-289612,257000,-4081
2026-09-21,3293,-49145,34000,2279
2026-09-22,3293,471861,56000,24255
2026-09-23,3293,277844,35000,-17341
2026-09-03,3294,-178533,0,-1227
2026-09-04,3294,11000,0,142
2026-09-07,3294,-81974,0,-1
2026-09-08,3294,-15130,0,-4664
2026-09-09,3294,26190,0,-781
2026-09-10,3294,-7000,0,619
2026-09-11,3294,35939,0,-648
2026-09-14,3294,38539,0,623
2026-09-15,3294,-2134,0,-8046
2026-09-16,3294,88400,0,-450
2026-09-17,3294,58000,0,200
2026-09-18,3294,-3990,0,242
2026-09-21,3294,72025,0,109
2026-09-22,3294,-119136,0,-395
2026-09-23,3294,202000,0,8712
2026-09-03,3317,-13780,0,-13757
2026-09-04,3317,217776,0,-960
2026-09-07,3317,42357,0,1000
2026-09-08,3317,-532611,0,-14978
2026-09-09,3317,211632,0,-5320
2026-09-10,3317,6142,0,-11605
2026-09-11,3317,81170,0,-3081
2026-09-14,3317,82929,0,0
2026-09-15,3317,6000,0,-4203
2026-09-16,3317,151919,0,0
2026-09-17,3317,9295,0,0
2026-09-18,3317,134840,0,-12000
2026-09-21,3317,53308,0,-1
2026-09-22,3317,21200,0,13076
2026-09-23,3317,-1546243,0,63665
2026-09-03,3324,1629,0,28
2026-09-04,3324,178445,0,-20728
2026-09-07,3324,77076,-1000,-46426
2026-09-08,3324,-32580,-513000,345981
2026-09-09,3324,243475,-165000,132659
2026-09-10,3324,136091,-2000,-41835
2026-09-11,3324,-315832,-1000,57809
2026-09-14,3324,-186993,-325,7997
2026-09-15,3324,211709,-2000,-168466
2026-09-16,3324,-1117452,1000,232007
2026-09-17,3324,-121669,311,193988
2026-09-18,3324,49918,26307,19698
2026-09-21,3324,-105632,119000,168066
2026-09-22,3324,-10091,211000,-32293
2026-09-23,3324,91886,217000,42700
2026-09-03,3339,-143673,0,-397
2026-09-04,3339,241912,0,176
2026-09-07,3339,-306422,0,-33
2026-09-08,3339,-174000,0,-66
2026-09-09,3339,191001,0,531
2026-09-10,3339,280862,0,-382
2026-09-11,3339,10284,0,101
2026-09-14,3339,-302679,0,635
2026-09-15,3339,-36015,0,-892
2026-09-16,3339,537528,0,591
2026-09-17,3339,599826,0,-309
2026-09-18,3339,60700,0,-94
2026-09-21,3339,678151,0,-215
2026-09-22,3339,-1217938,0,783
2026-09-23,3339,-176000,0,-416
2026-09-03,3363,890666,0,-3102
2026-09-04,3363,-1251271,0,-15160
2026-09-07,3363,47158,-65000,5187
2026-09-08,3363,-79744,-65000,-15243
2026-09-09,3363,-865973,0,9073
2026-09-10,3363,539845,300000,-5443
2026-09-11,3363,-495898,0,-4027
2026-09-14,3363,338208,0,-2963
2026-09-15,3363,-446432,0,-369
2026-09-16,3363,349798,0,8096
2026-09-17,3363,-1090822,89000,3470
2026-09-18,3363,210911,0,9421
2026-09-21,3363,-725468,0,7323
2026-09-22,3363,-219828,0,494
2026-09-23,3363,-82371,0,4099
2026-09-03,3374,929244,-4000,-234826
2026-09-04,3374,1339995,0,-235290
2026-09-07,3374,719979,0,212535
2026-09-08,3374,445425,0,-166432
2026-09-09,3374,247098,10000,74876
2026-09-10,3374,434285,0,93106
2026-09-11,3374,-143054,1732000,-545581
2026-09-14,3374,1587955,-67445,-233142
2026-09-15,3374,-110981,363000,-79465
2026-09-16,3374,-2174211,-32000,465547
2026-09-17,3374,-2022669,1932328,-18992
2026-09-18,3374,-927468,323,435022
2026-09-21,3374,-1040764,0,362375
2026-09-22,3374,1713024,1536000,-26725
2026-09-23,3374,-3182414,0,329315
2026-09-03,3455,-263940,0,51190
2026-09-04,3455,-4078,0,-21381
2026-09-07,3455,-107741,0,-12938
2026-09-08,3455,-65230,0,-14175
2026-09-09,3455,-6959,0,-3287
2026-09-10,3455,-275680,0,-19821
2026-09-11,3455,59821,0,11958
2026-09-14,3455,-11188,0,37673
2026-09-15,3455,2530,0,13634
2026-09-16,3455,197406,0,19362
2026-09-17,3455,499301,0,-1580
2026-09-18,3455,-199155,0,-21302
2026-09-21,3455,107344,0,9643
2026-09-22,3455,21593,0,-64380
2026-09-23,3455,-37927,0,-983
2026-09-03,3491,-148740,16000,-9423
2026-09-04,3491,-2920,331000,424
2026-09-07,3491,-262683,31670,14570
2026-09-08,3491,-323234,92000,-584
2026-09-09,3491,-79510,-1000,-60466
2026-09-10,3491,-329655,31000,-46214
2026-09-11,3491,370938,71000,8269
2026-09-14,3491,32321,43393,1603
2026-09-15,3491,-138964,15000,2901
2026-09-16,3491,148076,59150,2125
2026-09-17,3491,-382287,206254,24980
2026-09-18,3491,235557,155253,3644
2026-09-21,3491,-180109,2000,16484
2026-09-22,3491,-253158,-23000,-33787
2026-09-23,3491,302111,72000,-2397
2026-09-03,3498,190832,0,3031
2026-09-04,3498,-491699,0,-1393
2026-09-07,3498,28833,0,-5792
2026-09-08,3498,-182990,0,71960
2026-09-09,3498,-360291,0,44651
2026-09-10,3498,-86336,0,-1853
2026-09-11,3498,-431277,0,61621
2026-09-14,3498,83492,0,-8938
2026-09-15,3498,184961,0,-62000
2026-09-16,3498,200837,0,65320
2026-09-17,3498,-374612,0,-145143
2026-09-18,3498,390919,0,46121
2026-09-21,3498,-74032,0,-22889
2026-09-22,3498,209462,0,113257
2026-09-23,3498,-346403,0,-61467
2026-09-03,3529,-171705,4000,-31892
2026-09-04,3529,-192017,1000,14682
2026-09-07,3529,-780462,602948,93498
2026-09-08,3529,-411881,604974,59219
2026-09-09,3529,-436161,219000,-30786
2026-09-10,3529,-263976,161000,-10917
2026-09-11,3529,-30766,-42450,10209
2026-09-14,3529,-51279,7855,1103
2026-09-15,3529,-207888,129000,39840
2026-09-16,3529,-90070,9000,32550
2026-09-17,3529,-176390,111139,-324
2026-09-18,3529,-96005,121137,41131
2026-09-21,3529,-183013,2000,4389
2026-09-22,3529,-25441,170000,30243
2026-09-23,3529,-1085173,1080000,-62924
2026-09-03,3624,-240924,0,-188483
2026-09-04,3624,3653402,0,121066
2026-09-07,3624,-1804167,200000,76199
2026-09-08,3624,-1904445,200000,55946
2026-09-09,3624,866861,0,20291
2026-09-10,3624,-1486944,0,326193
2026-09-11,3624,-83243,2304000,348994
2026-09-14,3624,-1510424,0,142629
2026-09-15,3624,-2627712,0,-69287
2026-09-16,3624,-2198733,0,-154437
2026-09-17,3624,1575292,0,-155371
2026-09-18,3624,1346956,0,-235862
2026-09-21,3624,-1633491,0,285346
2026-09-22,3624,-1111477,0,-259571
2026-09-23,3624,3130325,0,64056
2026-09-03,3675,172781,0,35349
2026-09-04,3675,-60432,0,12629
2026-09-07,3675,78198,0,-17689
2026-09-08,3675,-199318,0,-22697
2026-09-09,3675,-50960,0,-35010
2026-09-10,3675,8100,0,-4393
2026-09-11,3675,5249,-70000,-19565
2026-09-14,3675,627000,-93000,83459
2026-09-15,3675,-53933,0,-45071
2026-09-16,3675,341220,0,18588
2026-09-17,3675,-287897,-60000,11075
2026-09-18,3675,-237849,0,79920
2026-09-21,3675,-115803,0,31746
2026-09-22,3675,124243,0,-35752
2026-09-23,3675,-176490,67000,35443
2026-09-03,3680,401771,0,-57240
2026-09-04,3680,29020,0,-4343
2026-09-07,3680,266105,0,84081
2026-09-08,3680,86305,0,83423
2026-09-09,3680,1853713,29000,118551
2026-09-10,3680,-823485,0,-67523
2026-09-11,3680,-454472,9000,-67635
2026-09-14,3680,-128243,-190,-65796
2026-09-15,3680,-393205,0,-58086
2026-09-16,3680,279962,0,-89178
2026-09-17,3680,473679,0,60687
2026-09-18,3680,65045,366,-15480
2026-09-21,3680,711818,0,62647
2026-09-22,3680,-65809,0,-90738
2026-09-23,3680,-96895,0,-37790
2026-09-03,3691,-126400,0,-196783
2026-09-04,3691,-32418,0,400
2026-09-07,3691,-9944,0,3734
2026-09-08,3691,-53082,0,-4451
2026-09-09,3691,39098,0,122
2026-09-10,3691,7000,0,-12266
2026-09-11,3691,-8000,0,17996
2026-09-14,3691,45128,0,6308
2026-09-15,3691,3000,0,-7730
2026-09-16,3691,62078,0,-15850
2026-09-17,3691,19006,0,-2193
2026-09-18,3691,39379,0,-2670
2026-09-21,3691,-130239,0,85442
2026-09-22,3691,483070,0,67748
2026-09-23,3691,117970,0,202323
2026-09-03,3693,841937,0,-17277
2026-09-04,3693,158484,0,-1282
2026-09-07,3693,389566,0,37785
2026-09-08,3693,537494,0,-30342
2026-09-09,3693,522025,0,60042
2026-09-10,3693,-2937,0,-60457
2026-09-11,3693,235682,0,-11018
2026-09-14,3693,-262057,-5000,12115
2026-09-15,3693,-453095,-6000,-40372
2026-09-16,3693,49695,-5000,5317
2026-09-17,3693,104,-5000,41719
2026-09-18,3693,-355206,0,-13090
2026-09-21,3693,234253,0,-6751
2026-09-22,3693,34550,-10000,-56667
2026-09-23,3693,417086,-5000,29812
2026-09-03,3707,214895,0,-3090
2026-09-04,3707,795235,0,177
2026-09-07,3707,-578755,0,546
2026-09-08,3707,-818000,0,-3118
2026-09-09,3707,283414,0,-708
2026-09-10,3707,-907931,0,499889
2026-09-11,3707,-1110080,0,-500770
2026-09-14,3707,840252,0,-2597
2026-09-15,3707,-872682,0,-6975
2026-09-16,3707,1640526,0,2564
2026-09-17,3707,-287542,0,9270
2026-09-18,3707,553195,0,-9091
2026-09-21,3707,540518,0,-1571
2026-09-22,3707,28488,0,39003
2026-09-23,3707,-7154278,0,135234
2026-09-03,4542,-95000,0,1646
2026-09-04,4542,19846,0,-444
2026-09-07,4542,33000,0,4017
2026-09-08,4542,-97900,0,-3996
2026-09-09,4542,73050,0,903
2026-09-10,4542,-37753,0,-774
2026-09-11,4542,-29000,0,495
2026-09-14,4542,28000,0,-1246
2026-09-15,4542,-7000,0,46
2026-09-16,4542,-18100,0,245
2026-09-17,4542,79000,0,-689
2026-09-18,4542,-235000,0,-147
2026-09-21,4542,251200,0,7774
2026-09-22,4542,-16000,0,-693
2026-09-23,4542,105931,0,-7551
2026-09-03,4749,-92818,-3000,-24318
2026-09-04,4749,105631,0,23675
2026-09-07,4749,-126169,0,19714
2026-09-08,4749,-73801,-1690,-8762
2026-09-09,4749,-109254,0,-14554
2026-09-10,4749,-48671,0,-17608
2026-09-11,4749,-131444,0,-62052
2026-09-14,4749,-1714,-3169,-20817
2026-09-15,4749,-73875,-1000,-1661
2026-09-16,4749,103993,-67000,6229
2026-09-17,4749,108229,0,11562
2026-09-18,4749,-7678,322,-17498
2026-09-21,4749,123357,-162000,-11299
2026-09-22,4749,49700,-168000,-35932
2026-09-23,4749,122327,-210110,-33145
2026-09-03,4908,-33986,0,7990
2026-09-04,4908,113910,0,6858
2026-09-07,4908,-98950,0,23651
2026-09-08,4908,103990,0,13124
2026-09-09,4908,123000,0,4150
2026-09-10,4908,530688,0,51227
2026-09-11,4908,121791,0,-10511
2026-09-14,4908,460913,0,-25247
2026-09-15,4908,-243168,0,12158
2026-09-16,4908,-755171,0,8652
2026-09-17,4908,-1210400,0,584
2026-09-18,4908,297091,0,21445
2026-09-21,4908,-390636,0,-46739
2026-09-22,4908,-304795,0,-8497
2026-09-23,4908,810622,0,-154443
2026-09-03,4931,39040,0,-128886
2026-09-04,4931,-114980,0,-19914
2026-09-07,4931,-571266,0,-15608
2026-09-08,4931,-947886,0,-25873
2026-09-09,4931,768000,0,76906
2026-09-10,4931,-1069875,0,-92177
2026-09-11,4931,-401170,0,-45021
2026-09-14,4931,214371,0,-92418
2026-09-15,4931,-262233,0,-65827
2026-09-16,4931,203200,0,15871
2026-09-17,4931,-700795,0,1478
2026-09-18,4931,-465480,0,2330
2026-09-21,4931,-722887,0,20892
2026-09-22,4931,-513940,0,48084
2026-09-23,4931,-163802,0,-27425
2026-09-03,4939,-19427,0,-14662
2026-09-04,4939,783000,0,-29996
2026-09-07,4939,261500,0,14276
2026-09-08,4939,214640,0,-45533
2026-09-09,4939,37000,0,-15592
2026-09-10,4939,-4021194,0,-75941
2026-09-11,4939,-1418999,0,116213
2026-09-14,4939,-590341,0,-34035
2026-09-15,4939,364308,0,-23646
2026-09-16,4939,32616,0,-4226
2026-09-17,4939,-613678,0,-68493
2026-09-18,4939,-293650,0,-16536
2026-09-21,4939,221099,0,-3843
2026-09-22,4939,-602647,0,-75371
2026-09-23,4939,521630,0,-14938
2026-09-03,4966,87936,-276000,285
2026-09-04,4966,102524,-12000,9199
2026-09-07,4966,25311,5000,-1231
2026-09-08,4966,-329848,-11000,-14475
2026-09-09,4966,45965,2000,2387
2026-09-10,4966,-68006,0,-4799
2026-09-11,4966,990,0,-13596
2026-09-14,4966,63695,8000,-2124
2026-09-15,4966,-95759,0,-8262
2026-09-16,4966,78766,0,21810
2026-09-17,4966,-182312,0,13751
2026-09-18,4966,-240239,0,3209
2026-09-21,4966,-287631,0,6831
2026-09-22,4966,-128637,0,31824
2026-09-23,4966,-362260,0,-72714
2026-09-03,4971,337353,0,-86371
2026-09-04,4971,-417497,0,-44333
2026-09-07,4971,-241020,0,-1415
2026-09-08,4971,-64727,0,-2005
2026-09-09,4971,-90219,0,368
2026-09-10,4971,-46591,0,2522
2026-09-11,4971,165458,0,3118
2026-09-14,4971,130733,0,2497
2026-09-15,4971,26020,0,3644
2026-09-16,4971,329001,0,4581
2026-09-17,4971,-431402,0,-2698
2026-09-18,4971,-42623,0,1105
2026-09-21,4971,-244619,0,988
2026-09-22,4971,-104474,0,379
2026-09-23,4971,28461,0,-1482
2026-09-03,4979,255937,-654000,70556
2026-09-04,4979,1118430,671000,-207977
2026-09-07,4979,-2074054,-657000,-169874
2026-09-08,4979,973845,1196000,-157784
2026-09-09,4979,-1855618,581000,-15902
2026-09-10,4979,-163265,-1378000,-25916
2026-09-11,4979,214086,-70000,25751
2026-09-14,4979,268500,0,39412
2026-09-15,4979,145940,-794000,56473
2026-09-16,4979,226509,-118000,-14229
2026-09-17,4979,-14998,0,-94791
2026-09-18,4979,824011,622000,-36311
2026-09-21,4979,-584009,1409000,-23429
2026-09-22,4979,19867,-1507000,-18896
2026-09-23,4979,-195212,-1482000,13939
2026-09-03,4991,-1072043,154000,8507
2026-09-04,4991,68200,0,42186
2026-09-07,4991,-38196,0,14687
2026-09-08,4991,29692,-15000,7884
2026-09-09,4991,105890,0,-28238
2026-09-10,4991,-245000,0,-3031
2026-09-11,4991,-415801,0,-18128
2026-09-14,4991,331701,3000,-54731
2026-09-15,4991,-416576,-2000,18870
2026-09-16,4991,-781960,0,2306
2026-09-17,4991,-172762,11500,7475
2026-09-18,4991,51729,50000,10018
2026-09-21,4991,59308,0,-3497
2026-09-22,4991,-1622439,-19000,3358
2026-09-23,4991,474248,-1032500,11347
2026-09-03,5274,-37417,120200,-1895
2026-09-04,5274,-36422,11300,4260
2026-09-07,5274,44720,56918,-1184
2026-09-08,5274,28049,-2011,-2310
2026-09-09,5274,82811,-61900,-3301
2026-09-10,5274,39224,-11221,-1721
2026-09-11,5274,-43503,400,-720
2026-09-14,5274,-16081,18287,125
2026-09-15,5274,-3606,-6250,-2164
2026-09-16,5274,-381,40800,-4005
2026-09-17,5274,-34662,24050,-1118
2026-09-18,5274,-12862,44483,1129
2026-09-21,5274,16526,22500,845
2026-09-22,5274,21296,15400,-241
2026-09-23,5274,48944,-55500,-1416
2026-09-03,5289,-302284,-92000,-50340
2026-09-04,5289,-112989,0,262
2026-09-07,5289,-85191,35000,17617
2026-09-08,5289,-586309,0,-22477
2026-09-09,5289,-264497,-558,-5503
2026-09-10,5289,-64961,0,-85437
2026-09-11,5289,196787,0,23537
2026-09-14,5289,3201,-567,-10563
2026-09-15,5289,-25588,0,-22438
2026-09-16,5289,-3702,-18000,7762
2026-09-17,5289,-287565,542,-34181
2026-09-18,5289,350613,539,30905
2026-09-21,5289,25700,-5000,-19795
2026-09-22,5289,81929,-3000,-11992
2026-09-23,5289,-405493,-52000,28528
2026-09-03,5347,-829170,12139,-238105
2026-09-04,5347,690560,86000,18602
2026-09-07,5347,3200057,1550078,161036
2026-09-08,5347,-2984441,2292436,-247749
2026-09-09,5347,3870384,-79478,82498
2026-09-10,5347,4926309,2239087,748
2026-09-11,5347,-608481,239381,-272643
2026-09-14,5347,1696061,29000,-41251
2026-09-15,5347,-1191717,-682000,1466
2026-09-16,5347,3544246,-1042000,332997
2026-09-17,5347,10108509,-2880000,2368130
2026-09-18,5347,6573176,568975,290422
2026-09-21,5347,518367,-256000,-296036
2026-09-22,5347,1873317,3086400,-1529
2026-09-23,5347,1138893,-356100,-505960
2026-09-03,5351,-5372148,-83000,-4328
2026-09-04,5351,1153320,0,526
2026-09-07,5351,1425328,0,141
2026-09-08,5351,-7029806,-40000,-200
2026-09-09,5351,767899,-20000,-329
2026-09-10,5351,-1161986,0,95
2026-09-11,5351,-1529105,0,164
2026-09-14,5351,613070,0,-20228
2026-09-15,5351,-776697,0,732
2026-09-16,5351,-281930,30000,75
2026-09-17,5351,488730,0,36
2026-09-18,5351,531610,0,-322
2026-09-21,5351,-3611950,0,1081
2026-09-22,5351,-876197,0,-991
2026-09-23,5351,-821198,0,6180
2026-09-03,5425,-1708990,0,-466018
2026-09-04,5425,1688570,0,-287074
2026-09-07,5425,-594383,-10000,-29395
2026-09-08,5425,389723,-11000,-209344
2026-09-09,5425,6200,0,-46305
2026-09-10,5425,-731960,-21000,-13645
2026-09-11,5425,-283880,0,-149032
2026-09-14,5425,1708973,0,586279
2026-09-15,5425,-175957,0,221237
2026-09-16,5425,3476999,0,1272607
2026-09-17,5425,-1776502,0,-435775
2026-09-18,5425,-314612,0,-408889
2026-09-21,5425,496884,0,29585
2026-09-22,5425,2179193,0,93762
2026-09-23,5425,-1145494,0,-202640
2026-09-03,5475,147161,0,48892
2026-09-04,5475,109861,0,13785
2026-09-07,5475,-1900,0,2567
2026-09-08,5475,-74336,0,13758
2026-09-09,5475,118319,0,-825
2026-09-10,5475,-852745,0,22974
2026-09-11,5475,-1011492,0,20095
2026-09-14,5475,267330,0,-211699
2026-09-15,5475,-109447,0,-90459
2026-09-16,5475,826043,0,-223341
2026-09-17,5475,-2533255,0,-1212
2026-09-18,5475,-167341,0,303
2026-09-21,5475,28037,0,-544
2026-09-22,5475,98636,0,44860
2026-09-23,5475,-108120,0,693
2026-09-03,5483,3470175,-130000,-320828
2026-09-04,5483,4021337,82000,-10254
2026-09-07,5483,445822,-23299,74880
2026-09-08,5483,-1947173,-23149,-251263
2026-09-09,5483,535204,-24000,-35231
2026-09-10,5483,-880280,-52000,-22607
2026-09-11,5483,-1105069,269000,-23961
2026-09-14,5483,298577,-2000,378363
2026-09-15,5483,2136235,-23000,269025
2026-09-16,5483,3014355,0,1235761
2026-09-17,5483,4195112,3000,-37077
2026-09-18,5483,4722231,-1000,54898
2026-09-21,5483,-439933,-11000,-181559
2026-09-22,5483,11141315,-4000,752791
2026-09-23,5483,-20649735,-8000,-934729
2026-09-03,5536,-142086,80000,23511
2026-09-04,5536,68843,16000,-9150
2026-09-07,5536,238155,6877,21845
2026-09-08,5536,-134266,2939,-34629
2026-09-09,5536,127687,-5000,7932
2026-09-10,5536,-52122,9000,6364
2026-09-11,5536,-173404,-5000,-2542
2026-09-14,5536,77197,10200,-5300
2026-09-15,5536,-8038,5000,-5107
2026-09-16,5536,-45734,-6000,57
2026-09-17,5536,-142170,-3300,13609
2026-09-18,5536,413605,-1300,25532
2026-09-21,5536,-273173,0,-16403
2026-09-22,5536,-982111,253000,22
2026-09-23,5536,-543069,-1000,4793
2026-09-03,5904,-4721456,-621000,-35847
2026-09-04,5904,670269,17000,8089
2026-09-07,5904,-43123,-5000,-86626
2026-09-08,5904,391761,-26000,-5747
2026-09-09,5904,1218362,0,25455
2026-09-10,5904,-1069940,0,-12439
2026-09-11,5904,1792785,0,18167
2026-09-14,5904,1001713,61200,18483
2026-09-15,5904,1158277,-17000,40784
2026-09-16,5904,135387,772000,-29460
2026-09-17,5904,-4436965,675000,-50624
2026-09-18,5904,-1358621,686900,-10279
2026-09-21,5904,52693,22000,-34246
2026-09-22,5904,-1236015,139000,-6747
2026-09-23,5904,-326167,69000,-2069
2026-09-03,6147,6070224,0,452017
2026-09-04,6147,-15844284,19000,-573825
2026-09-07,6147,3854238,9611,2094785
2026-09-08,6147,-7182152,-172194,-784597
2026-09-09,6147,14595028,-14000,778499
2026-09-10,6147,-14349787,3487000,-1295796
2026-09-11,6147,-5900283,-8000,-459279
2026-09-14,6147,7284550,1436000,392822
2026-09-15,6147,19447024,1997000,840760
2026-09-16,6147,-5731049,2433100,528390
2026-09-17,6147,-3742241,2409000,1283710
2026-09-18,6147,6827056,2565000,1734648
2026-09-21,6147,-10197524,924000,213395
2026-09-22,6147,-9337202,662000,268626
2026-09-23,6147,150297,-381000,-379240
2026-09-03,6148,13000,0,-8
2026-09-04,6148,54000,0,-110
2026-09-07,6148,-14000,0,322
2026-09-08,6148,0,0,-1
2026-09-09,6148,27000,0,100
2026-09-10,6148,7000,0,15
2026-09-11,6148,-152500,0,-405
2026-09-14,6148,200500,0,2224
2026-09-15,6148,2000,0,18142
2026-09-16,6148,-85000,0,-20024
2026-09-17,6148,369069,0,-247
2026-09-18,6148,-75471,0,22517
2026-09-21,6148,-426760,0,-22395
2026-09-22,6148,60000,0,156
2026-09-23,6148,138000,0,-236
2026-09-03,6173,566125,157000,-233523
2026-09-04,6173,488199,14000,-91167
2026-09-07,6173,610118,0,104864
2026-09-08,6173,-1557945,71000,-222403
2026-09-09,6173,-706591,0,-35931
2026-09-10,6173,-487155,0,333850
2026-09-11,6173,1569029,0,503145
2026-09-14,6173,-1761045,169000,183797
2026-09-15,6173,-543464,0,96929
2026-09-16,6173,1073384,30000,605515
2026-09-17,6173,-1610819,52000,-110801
2026-09-18,6173,1565505,0,71355
2026-09-21,6173,92158,0,67064
2026-09-22,6173,1236411,0,-13734
2026-09-23,6173,-205284,0,23747
2026-09-03,6182,-7201619,0,-2943593
2026-09-04,6182,2416435,0,-150852
2026-09-07,6182,3633193,100000,530184
2026-09-08,6182,-4538400,0,-447274
2026-09-09,6182,-190000,0,-114055
2026-09-10,6182,1116879,0,-86050
2026-09-11,6182,-1465679,0,-648611
2026-09-14,6182,2956962,0,-397468
2026-09-15,6182,157410,0,81119
2026-09-16,6182,10125514,0,296806
2026-09-17,6182,51047,0,-630786
2026-09-18,6182,19677976,-99000,1107008
2026-09-21,6182,-5992618,-98000,209915
2026-09-22,6182,10272221,-77000,-168243
2026-09-23,6182,-26829781,0,-147833
2026-09-03,6187,-125585,51000,-299
2026-09-04,6187,-101815,38000,15610
2026-09-07,6187,36148,50000,-21759
2026-09-08,6187,127746,351590,32273
2026-09-09,6187,-582786,4000,-7174
2026-09-10,6187,-14343,-198000,2020
2026-09-11,6187,208370,1000,-39720
2026-09-14,6187,396546,-146360,8056
2026-09-15,6187,-113080,-19000,-10866
2026-09-16,6187,-147831,48000,-1873
2026-09-17,6187,-325970,5114,6392
2026-09-18,6187,20232,-25886,2983
2026-09-21,6187,-41487,-250000,6816
2026-09-22,6187,-6811,-189000,1553
2026-09-23,6187,-56408,-148000,1522
2026-09-03,6199,-205000,0,-11861
2026-09-04,6199,-50000,0,-10458
2026-09-07,6199,318000,0,-259
2026-09-08,6199,-302000,0,-30
2026-09-09,6199,-394000,0,0
2026-09-10,6199,-194101,0,-3000
2026-09-11,6199,-38151,0,-2980
2026-09-14,6199,246445,0,8614
2026-09-15,6199,1250,0,249
2026-09-16,6199,-409516,0,2415
2026-09-17,6199,319519,0,964
2026-09-18,6199,251000,0,66922
2026-09-21,6199,-605960,0,18244
2026-09-22,6199,428517,0,36533
2026-09-23,6199,634927,0,30360
2026-09-03,6207,-2294000,0,-12878
2026-09-04,6207,425637,0,62351
2026-09-07,6207,-75478,0,-45610
2026-09-08,6207,-1645033,0,19420
2026-09-09,6207,-84000,0,3179
2026-09-10,6207,49904,0,-2381
2026-09-11,6207,-245952,0,33994
2026-09-14,6207,129080,0,-3126
2026-09-15,6207,15042,0,-30480
2026-09-16,6207,-3111,0,27625
2026-09-17,6207,1063560,0,48935
2026-09-18,6207,-85580,0,-57384
2026-09-21,6207,-917961,0,229
2026-09-22,6207,-109013,0,33893
2026-09-23,6207,127131,0,-20679
2026-09-03,6217,-885474,0,-6322
2026-09-04,6217,-362585,0,1583
2026-09-07,6217,-297753,0,-28222
2026-09-08,6217,91000,0,434
2026-09-09,6217,67083,0,-1353
2026-09-10,6217,85900,0,470
2026-09-11,6217,103570,0,2065
2026-09-14,6217,158190,0,-1735
2026-09-15,6217,-509797,0,-1291
2026-09-16,6217,189403,0,7371
2026-09-17,6217,-377906,0,-3996
2026-09-18,6217,563606,0,67571
2026-09-21,6217,-871780,0,-66697
2026-09-22,6217,-680850,0,-2398
2026-09-23,6217,-64729,0,1485
2026-09-03,6223,203533,-385800,-13077
2026-09-04,6223,29672,-16900,-3635
2026-09-07,6223,332667,-3945,-23536
2026-09-08,6223,-204507,399771,-10349
2026-09-09,6223,-139466,214800,-18386
2026-09-10,6223,-20897,27800,4422
2026-09-11,6223,-717,49100,-639
2026-09-14,6223,38915,28158,-13349
2026-09-15,6223,-93534,21420,14360
2026-09-16,6223,24469,56900,-1734
2026-09-17,6223,-165949,36510,2104
2026-09-18,6223,198101,-10550,16866
2026-09-21,6223,-129352,-275000,10997
2026-09-22,6223,602357,-886600,67962
2026-09-23,6223,296532,-52000,-9613
2026-09-03,6274,77476,-416000,-110712
2026-09-04,6274,1025403,-909000,-33956
2026-09-07,6274,955948,-1766000,3242
2026-09-08,6274,-435745,-415000,-51806
2026-09-09,6274,2131027,-3331000,-7454
2026-09-10,6274,206589,-347000,48654
2026-09-11,6274,836585,-889000,19088
2026-09-14,6274,820499,261000,-63310
2026-09-15,6274,-1191857,176000,-141199
2026-09-16,6274,400408,-318000,8571
2026-09-17,6274,1103907,-4355000,972168
2026-09-18,6274,688315,-448876,7137
2026-09-21,6274,3272654,-4420000,109543
2026-09-22,6274,-1337878,97000,51922
2026-09-23,6274,482387,169000,18902
2026-09-03,6290,151834,0,-170588
2026-09-04,6290,1468974,0,495326
2026-09-07,6290,-816958,0,-116818
2026-09-08,6290,-124742,0,-6100
2026-09-09,6290,44689,0,47901
2026-09-10,6290,-432854,0,103213
2026-09-11,6290,-1259600,0,-248805
2026-09-14,6290,125210,0,144901
2026-09-15,6290,-213946,0,21361
2026-09-16,6290,1066974,-700,55357
2026-09-17,6290,590808,0,-116666
2026-09-18,6290,1453446,0,250552
2026-09-21,6290,-941417,0,-5485
2026-09-22,6290,135413,0,-189397
2026-09-23,6290,-470572,0,-79250
2026-09-03,6291,-301629,0,-1165
2026-09-04,6291,-138849,0,3305
2026-09-07,6291,-169000,-79000,9215
2026-09-08,6291,-50921,-160000,13620
2026-09-09,6291,-36995,-3000,35958
2026-09-10,6291,98243,0,37777
2026-09-11,6291,-66900,-79000,-26063
2026-09-14,6291,150373,-241000,-10825
2026-09-15,6291,-51927,0,-26212
2026-09-16,6291,340000,0,42196
2026-09-17,6291,449672,-27000,2950
2026-09-18,6291,-316652,-1000,65000
2026-09-21,6291,-91050,0,42074
2026-09-22,6291,-113091,0,-24126
2026-09-23,6291,-43842,9000,-34033
2026-09-03,6488,-582055,-319000,47795
2026-09-04,6488,1471742,214000,155298
2026-09-07,6488,-748702,-66679,183191
2026-09-08,6488,-1999077,-125885,-387235
2026-09-09,6488,-79933,-60456,-41077
2026-09-10,6488,-1087909,-1718243,-65083
2026-09-11,6488,-172859,-41971,-17045
2026-09-14,6488,-308829,3510,80601
2026-09-15,6488,130164,-8000,-63945
2026-09-16,6488,-232190,68000,-28607
2026-09-17,6488,-1795326,-111400,-173661
2026-09-18,6488,402083,-108483,168732
2026-09-21,6488,-1366159,-7236,-237
2026-09-22,6488,1711855,-14189,115475
2026-09-23,6488,-6082314,363000,57808
2026-09-03,6510,-613798,524000,-21810
2026-09-04,6510,-381396,253000,8909
2026-09-07,6510,-389685,342474,23576
2026-09-08,6510,-143119,290987,-2201
2026-09-09,6510,39435,315000,-49567
2026-09-10,6510,-13090,195000,6798
2026-09-11,6510,389662,-83716,23295
2026-09-14,6510,202096,-242690,15273
2026-09-15,6510,183408,-205000,-2206
2026-09-16,6510,5041,-19777,-18661
2026-09-17,6510,-78205,-46947,15095
2026-09-18,6510,-64672,3000,24184
2026-09-21,6510,-322161,86000,-24950
2026-09-22,6510,-252136,-10100,17495
2026-09-23,6510,-49138,-168000,7341
2026-09-03,6538,-16000,0,13992
2026-09-04,6538,1440904,0,-200552
2026-09-07,6538,-115645,0,-49421
2026-09-08,6538,30210,0,-25302
2026-09-09,6538,31910,0,-33704
2026-09-10,6538,-76938,0,9273
2026-09-11,6538,-9715,0,15899
2026-09-14,6538,22000,0,-3418
2026-09-15,6538,-2001,0,719
2026-09-16,6538,-4991,0,14755
2026-09-17,6538,66000,0,57748
2026-09-18,6538,273533,0,-39444
2026-09-21,6538,182569,0,1755
2026-09-22,6538,-147750,0,-64411
2026-09-23,6538,-166503,0,-2092
2026-09-03,6620,56492,0,62244
2026-09-04,6620,668800,0,6321
2026-09-07,6620,719338,173000,153465
2026-09-08,6620,818000,240000,-437
2026-09-09,6620,-37100,0,67000
2026-09-10,6620,-3000,0,-6157
2026-09-11,6620,-69300,0,3000
2026-09-14,6620,45000,0,4000
2026-09-15,6620,45000,0,100536
2026-09-16,6620,108015,0,-63367
2026-09-17,6620,285000,0,-50449
2026-09-18,6620,541720,232000,-129317
2026-09-21,6620,-1528107,400000,-106723
2026-09-22,6620,469999,0,-54087
2026-09-23,6620,-750891,0,72248
2026-09-03,6640,-86944,222000,-6764
2026-09-04,6640,-247171,139000,13350
2026-09-07,6640,-46125,131000,-6328
2026-09-08,6640,-66878,0,-12043
2026-09-09,6640,-17613,0,-18
2026-09-10,6640,8999,42000,-4796
2026-09-11,6640,-71474,0,-12767
2026-09-14,6640,12926,36000,3956
2026-09-15,6640,-36001,-1000,-6771
2026-09-16,6640,10500,0,-3495
2026-09-17,6640,-17604,0,8479
2026-09-18,6640,92819,77000,11025
2026-09-21,6640,-77907,0,-18006
2026-09-22,6640,-23998,-46000,-11635
2026-09-23,6640,-30913,0,3482
2026-09-03,6643,-135170,0,-8767
2026-09-04,6643,-31780,0,-2036
2026-09-07,6643,-2129,0,3141
2026-09-08,6643,63658,15000,39356
2026-09-09,6643,-82215,0,-14998
2026-09-10,6643,-22951,0,-7144
2026-09-11,6643,-161945,0,-40655
2026-09-14,6643,44225,0,24814
2026-09-15,6643,-53506,0,-17933
2026-09-16,6643,29000,0,6439
2026-09-17,6643,219219,0,17566
2026-09-18,6643,115440,0,33040
2026-09-21,6643,-16711,0,39205
2026-09-22,6643,-48350,0,30590
2026-09-23,6643,-15647,0,-73299
2026-09-03,6683,-28536,-5000,-37904
2026-09-04,6683,-234021,0,14855
2026-09-07,6683,-407220,41000,-16356
2026-09-08,6683,25022,0,168
2026-09-09,6683,-114901,26000,16552
2026-09-10,6683,181201,0,24223
2026-09-11,6683,49636,0,-1961
2026-09-14,6683,43064,6000,-13214
2026-09-15,6683,456959,0,-47109
2026-09-16,6683,-193522,-33000,-5184
2026-09-17,6683,-63210,15000,-16626
2026-09-18,6683,63343,19000,-19864
2026-09-21,6683,-413360,25000,-14211
2026-09-22,6683,-224995,-4000,9866
2026-09-23,6683,71988,-13000,15022
2026-09-03,6693,52071,0,224359
2026-09-04,6693,-604355,0,130246
2026-09-07,6693,-104910,0,-41551
2026-09-08,6693,-364952,0,91769
2026-09-09,6693,-180505,0,-59858
2026-09-10,6693,73556,0,-95727
2026-09-11,6693,-177593,0,-104132
2026-09-14,6693,504380,0,84605
2026-09-15,6693,-11268,0,-52678
2026-09-16,6693,322730,0,81584
2026-09-17,6693,193312,0,19471
2026-09-18,6693,62060,0,17758
2026-09-21,6693,-347000,0,-54984
2026-09-22,6693,100925,0,5598
2026-09-23,6693,610030,0,258945
2026-09-03,6727,136674,0,-28008
2026-09-04,6727,150360,0,-1786
2026-09-07,6727,-118687,153000,-8621
2026-09-08,6727,-148416,0,-1435
2026-09-09,6727,126990,0,-3613
2026-09-10,6727,-45508,0,2019
2026-09-11,6727,-95682,132000,-1772
2026-09-14,6727,217959,0,-1522
2026-09-15,6727,64157,0,-6554
2026-09-16,6727,25305,0,5718
2026-09-17,6727,-154313,0,-2490
2026-09-18,6727,11576,0,2984
2026-09-21,6727,-314650,0,-288
2026-09-22,6727,-50856,0,-50165
2026-09-23,6727,-45442,0,-43642
2026-09-03,7717,29000,0,-807
2026-09-04,7717,203000,0,33188
2026-09-07,7717,57000,0,1947
2026-09-08,7717,-218985,0,10453
2026-09-09,7717,20885,0,29156
2026-09-10,7717,-228920,0,33930
2026-09-11,7717,53120,0,17910
2026-09-14,7717,-253504,0,-37659
2026-09-15,7717,-15010,0,-733
2026-09-16,7717,-8890,0,19872
2026-09-17,7717,151937,0,37852
2026-09-18,7717,-85033,0,42626
2026-09-21,7717,-76851,0,14277
2026-09-22,7717,-31586,0,-53854
2026-09-23,7717,22270,0,18666
2026-09-03,7734,-6900,-13000,-11583
2026-09-04,7734,66201,0,-7624
2026-09-07,7734,81459,-50000,8676
2026-09-08,7734,44965,-50000,1029
2026-09-09,7734,51933,-50000,635
2026-09-10,7734,-74785,-110000,-1588
2026-09-11,7734,-13376,-80000,1439
2026-09-14,7734,104150,-115000,-11288
2026-09-15,7734,22833,-9000,3754
2026-09-16,7734,-34998,7000,-1054
2026-09-17,7734,38451,-107000,2847
2026-09-18,7734,81659,-63000,1374
2026-09-21,7734,-69024,-1000,-3243
2026-09-22,7734,-12352,-7000,3000
2026-09-23,7734,19957,-20000,-839
2026-09-03,7751,90032,0,-6686
2026-09-04,7751,-54832,5000,-4758
2026-09-07,7751,-44015,5000,-6255
2026-09-08,7751,2102,0,3968
2026-09-09,7751,18000,0,303
2026-09-10,7751,-22000,2000,-2626
2026-09-11,7751,24000,0,-13384
2026-09-14,7751,13432,39000,-5519
2026-09-15,7751,-14000,0,-1331
2026-09-16,7751,39000,0,3903
2026-09-17,7751,6000,0,-581
2026-09-18,7751,8000,0,-655
2026-09-21,7751,-22020,3000,2794
2026-09-22,7751,-18200,0,96
2026-09-23,7751,6050,0,49
2026-09-03,7792,134,0,-559
2026-09-04,7792,108874,0,-767
2026-09-07,7792,68153,0,2630
2026-09-08,7792,-1636,0,1249
2026-09-09,7792,79929,0,5312
2026-09-10,7792,19649,0,-1899
2026-09-11,7792,-71097,0,-5451
2026-09-14,7792,78949,0,-3828
2026-09-15,7792,36317,0,1425
2026-09-16,7792,58231,0,-1106
2026-09-17,7792,1059,0,-236
2026-09-18,7792,391404,0,30880
2026-09-21,7792,-64142,0,-3059
2026-09-22,7792,426958,0,-24734
2026-09-23,7792,411080,0,7267
2026-09-03,7828,39143,0,6000
2026-09-04,7828,78923,17000,37645
2026-09-07,7828,-7085,33000,-38800
2026-09-08,7828,330619,-3000,37327
2026-09-09,7828,161023,5000,-74764
2026-09-10,7828,-9841,8000,2000
2026-09-11,7828,58429,15890,-16158
2026-09-14,7828,25136,1370,0
2026-09-15,7828,-68108,1000,2238
2026-09-16,7828,30159,0,2624
2026-09-17,7828,-8664,0,-1776
2026-09-18,7828,306680,0,7969
2026-09-21,7828,-140746,0,1398
2026-09-22,7828,-70623,0,-2579
2026-09-23,7828,6456,0,4184
2026-09-03,7856,-91507,0,0
2026-09-04,7856,41777,0,0
2026-09-07,7856,38701,0,0
2026-09-08,7856,35909,0,0
2026-09-09,7856,137010,0,0
2026-09-10,7856,117468,0,0
2026-09-11,7856,31408,0,0
2026-09-14,7856,866,0,0
2026-09-15,7856,18286,0,0
2026-09-16,7856,-8590,0,0
2026-09-17,7856,-110907,0,0
2026-09-18,7856,-71056,0,0
2026-09-21,7856,11870,0,0
2026-09-22,7856,327268,249000,0
2026-09-23,7856,-14558,182000,0
2026-09-03,8027,-1051649,0,-2290
2026-09-04,8027,-54037,0,-678
2026-09-07,8027,396846,0,-6528
2026-09-08,8027,-1121213,0,408
2026-09-09,8027,358780,0,-32460
2026-09-10,8027,-422300,0,738
2026-09-11,8027,-217457,0,-676
2026-09-14,8027,409137,0,-184
2026-09-15,8027,-57680,0,-31
2026-09-16,8027,710010,0,316
2026-09-17,8027,86342,0,55
2026-09-18,8027,361771,0,140
2026-09-21,8027,-51589,0,402
2026-09-22,8027,77696,0,-50
2026-09-23,8027,-340979,0,-68
2026-09-03,8040,-1454000,0,-28525
2026-09-04,8040,-236563,0,9874
2026-09-07,8040,267136,0,380
2026-09-08,8040,-673000,0,-104
2026-09-09,8040,-363000,0,9484
2026-09-10,8040,38123,0,7925
2026-09-11,8040,-329905,0,7950
2026-09-14,8040,198000,0,2936
2026-09-15,8040,25750,0,-3138
2026-09-16,8040,57279,0,2924
2026-09-17,8040,50196,0,5462
2026-09-18,8040,443000,0,19144
2026-09-21,8040,-363140,0,7476
2026-09-22,8040,27813,0,6538
2026-09-23,8040,-91406,0,30814
2026-09-03,8042,-1763000,0,-13623
2026-09-04,8042,3136380,0,73955
2026-09-07,8042,-83000,0,123714
2026-09-08,8042,-2142000,0,-78837
2026-09-09,8042,-695000,0,-36850
2026-09-10,8042,-120045,0,118689
2026-09-11,8042,-154947,0,-100590
2026-09-14,8042,55028,0,-7316
2026-09-15,8042,-376881,0,38663
2026-09-16,8042,200400,0,34183
2026-09-17,8042,-124738,0,-9062
2026-09-18,8042,23199,0,-20125
2026-09-21,8042,-262867,0,48126
2026-09-22,8042,-362581,0,34189
2026-09-23,8042,-170000,0,-17475
2026-09-03,8064,-1424473,0,35396
2026-09-04,8064,1168654,0,89600
2026-09-07,8064,-2217718,0,153259
2026-09-08,8064,516850,0,126921
2026-09-09,8064,-740686,0,-141531
2026-09-10,8064,-1437385,0,-170501
2026-09-11,8064,524943,0,-50344
2026-09-14,8064,-373803,0,37406
2026-09-15,8064,-648814,0,-52059
2026-09-16,8064,806206,0,5452
2026-09-17,8064,696990,0,134919
2026-09-18,8064,3297721,0,-8909
2026-09-21,8064,-1070264,0,236986
2026-09-22,8064,-325368,0,-176714
2026-09-23,8064,-151142,0,-72205
2026-09-03,8069,-4086597,29000,-25761
2026-09-04,8069,-503485,121000,55826
2026-09-07,8069,-391429,132122,73732
2026-09-08,8069,-1947441,25771,-58880
2026-09-09,8069,292311,-5108,34667
2026-09-10,8069,-1740581,-6351,-1750
2026-09-11,8069,-228894,-29405,-35456
2026-09-14,8069,-153362,431000,-132372
2026-09-15,8069,318604,231500,101193
2026-09-16,8069,-156366,305000,26820
2026-09-17,8069,-1229805,359000,-8469
2026-09-18,8069,190632,-2060413,7235
2026-09-21,8069,-332162,76991,10278
2026-09-22,8069,1303536,-11007,-11429
2026-09-23,8069,-108159,0,-8207
2026-09-03,8111,-301648,0,-236763
2026-09-04,8111,-646408,0,-226135
2026-09-07,8111,-1426000,0,160753
2026-09-08,8111,-405821,0,-159956
2026-09-09,8111,-197309,0,86982
2026-09-10,8111,-828910,0,82513
2026-09-11,8111,203894,0,-160830
2026-09-14,8111,52293,0,74491
2026-09-15,8111,-423900,0,-291970
2026-09-16,8111,803175,0,265664
2026-09-17,8111,-637000,0,-116033
2026-09-18,8111,1090870,0,633536
2026-09-21,8111,-35233,0,39772
2026-09-22,8111,-811063,0,-319696
2026-09-23,8111,-78911,0,-180307
2026-09-03,8155,-188828,0,-64831
2026-09-04,8155,-81000,0,-36348
2026-09-07,8155,-68557,0,-41611
2026-09-08,8155,-81000,0,-21073
2026-09-09,8155,42940,0,-28509
2026-09-10,8155,-110970,0,6256
2026-09-11,8155,128826,0,-11678
2026-09-14,8155,82302,0,-21382
2026-09-15,8155,-144664,0,-3049
2026-09-16,8155,-35219,0,-6051
2026-09-17,8155,-203000,0,492
2026-09-18,8155,-41836,0,-4013
2026-09-21,8155,-85886,0,-14068
2026-09-22,8155,-88923,0,27788
2026-09-23,8155,-120919,0,12529
2026-09-03,8227,-31156,0,-3628
2026-09-04,8227,2938,0,-6002
2026-09-07,8227,-1765,0,12552
2026-09-08,8227,60170,0,20547
2026-09-09,8227,296021,0,12051
2026-09-10,8227,308900,0,-610
2026-09-11,8227,1095400,0,49725
2026-09-14,8227,1170924,0,31845
2026-09-15,8227,391450,0,-22922
2026-09-16,8227,1510,0,26851
2026-09-17,8227,360030,0,-8430
2026-09-18,8227,27000,0,51253
2026-09-21,8227,37980,0,17512
2026-09-22,8227,4990,0,42705
2026-09-23,8227,129010,0,-29895
2026-09-03,8299,65014,-15300,-150828
2026-09-04,8299,122140,-22400,56900
2026-09-07,8299,551555,-38413,105621
2026-09-08,8299,130676,-28461,-39628
2026-09-09,8299,56582,-11279,8142
2026-09-10,8299,-157762,1287,-73634
2026-09-11,8299,317088,-772953,-51680
2026-09-14,8299,99996,2858,-45107
2026-09-15,8299,-93983,0,-98576
2026-09-16,8299,319825,115300,173009
2026-09-17,8299,-289816,161723,32304
2026-09-18,8299,1737016,95394,201712
2026-09-21,8299,456157,1618,119003
2026-09-22,8299,1589100,187694,-76868
2026-09-23,8299,-93209,-15000,-153478
2026-09-03,8358,446675,20000,-435075
2026-09-04,8358,908089,-20000,-341794
2026-09-07,8358,44904,26000,-18139
2026-09-08,8358,714920,11000,-47599
2026-09-09,8358,637006,-186000,-95457
2026-09-10,8358,-654282,-83000,-118550
2026-09-11,8358,-2088967,23000,-502607
2026-09-14,8358,-453569,51900,185067
2026-09-15,8358,-5036964,1000,-42478
2026-09-16,8358,1262333,5000,223638
2026-09-17,8358,-6582309,12000,-1026796
2026-09-18,8358,1462914,-14900,438135
2026-09-21,8358,63473,0,345977
2026-09-22,8358,482910,-100000,183344
2026-09-23,8358,223965,-116000,248750
2026-09-24,2034,2434639.0,0.0,13248.0
2026-09-24,1513,546624.0,0.0,30721.0
2026-09-24,6155,536794.0,0.0,-15545.0
2026-09-24,3031,459783.0,0.0,316.0
2026-09-24,4906,423770.0,0.0,-27516.0
2026-09-24,4904,40821.0,61000.0,199640.0
2026-09-24,3149,248431.0,0.0,481.0
2026-09-24,3673,282897.0,0.0,-44054.0
2026-09-24,4540,211404.0,0.0,0.0
2026-09-24,2347,-26664.0,161039.0,55131.0
2026-09-24,3030,183299.0,0.0,-694.0
2026-09-24,2340,166695.0,0.0,-7742.0
2026-09-24,5876,-931042.0,757000.0,304576.0
2026-09-24,6937,83462.0,0.0,15294.0
2026-09-24,4961,53878.0,19000.0,-2176.0
2026-09-24,6957,22132.0,0.0,1983.0
2026-09-24,4576,20919.0,0.0,-7966.0
2026-09-24,1597,-5721.0,0.0,11010.0
2026-09-24,4551,-13253.0,0.0,5043.0
2026-09-24,7788,-18000.0,0.0,-7318.0
2026-09-24,6414,-28499.0,1000.0,384.0
2026-09-24,6781,-23991.0,0.0,-3419.0
2026-09-24,3583,-51805.0,0.0,-3742.0
2026-09-24,2637,-64832.0,-2281.0,3154.0
2026-09-24,2399,-68980.0,0.0,-1919.0
2026-09-24,3023,-78820.0,-2000.0,-14403.0
2026-09-24,2634,-149047.0,0.0,33537.0
2026-09-24,2606,-209753.0,52000.0,31236.0
2026-09-24,6133,-142000.0,0.0,3000.0
2026-09-24,8033,-141676.0,0.0,-843.0
2026-09-24,2371,-1040508.0,0.0,-212363.0
2026-09-24,1605,-1311504.0,0.0,-79146.0
2026-09-24,2605,-2115337.0,0.0,-142437.0
2026-09-29,1303,30203488.0,1825000.0,1793166.0
2026-09-29,2409,15537128.0,0.0,7505050.0
2026-09-29,6505,8411155.0,8088000.0,60670.0
2026-09-29,6770,15263585.0,4000.0,307156.0
2026-09-29,4958,9983568.0,2941000.0,356374.0
2026-09-29,2002,10050129.0,9000.0,-180000.0
2026-09-29,3231,8079740.0,31000.0,439055.0
2026-09-29,3481,5882780.0,12000.0,1261017.0
2026-09-29,2426,7053914.0,0.0,94142.0
2026-09-29,2344,7390748.0,-1987000.0,667244.0
2026-09-29,2484,4941316.0,0.0,53654.0
2026-09-29,2882,3743010.0,-146000.0,110357.0
2026-09-29,2883,1546848.0,732000.0,1226633.0
2026-09-29,2340,3025234.0,0.0,411703.0
2026-09-29,3006,2900127.0,20000.0,353366.0
2026-09-29,3717,3291000.0,0.0,-83713.0
2026-09-29,2317,3091044.0,-28041.0,-78207.0
2026-09-29,2337,2738707.0,9000.0,214967.0
2026-09-29,2436,2249891.0,-14000.0,555472.0
2026-09-29,2891,1392658.0,189000.0,980582.0
2026-09-29,3016,2406738.0,0.0,129393.0
2026-09-29,4906,2077611.0,0.0,433796.0
2026-09-29,6133,2471125.0,0.0,12255.0
2026-09-29,1717,2448647.0,2000.0,1039.0
2026-09-29,6209,2202538.0,0.0,195956.0
2026-09-29,2881,4214038.0,-1687000.0,-562121.0
2026-09-29,2376,1778058.0,2000.0,167010.0
2026-09-29,2399,1668603.0,0.0,33438.0
2026-09-29,3035,1569855.0,-18000.0,134171.0
2026-09-29,3714,1647283.0,0.0,31540.0
2026-09-29,4540,1668192.0,0.0,6000.0
2026-09-29,2408,2281592.0,-878000.0,205114.0
2026-09-29,8046,1587749.0,-91000.0,18654.0
2026-09-29,2313,1329348.0,1000.0,27449.0
2026-09-29,2049,1054762.0,0.0,131674.0
2026-09-29,3149,1152680.0,0.0,279.0
2026-09-29,6456,721100.0,0.0,324529.0
2026-09-29,3518,1019000.0,0.0,6482.0
2026-09-29,2382,894127.0,-27000.0,154793.0
2026-09-29,3665,720485.0,307000.0,-24649.0
2026-09-29,4956,968167.0,0.0,685.0
2026-09-29,2498,565118.0,0.0,388997.0
2026-09-29,4576,788396.0,0.0,112912.0
2026-09-29,1709,851308.0,0.0,42207.0
2026-09-29,1513,741227.0,101000.0,51112.0
2026-09-29,3034,1000075.0,-186000.0,78538.0
2026-09-29,6116,-711300.0,0.0,1601976.0
2026-09-29,3036,848548.0,-15000.0,29863.0
2026-09-29,3576,858866.0,0.0,0.0
2026-09-29,2305,801100.0,0.0,15000.0
2026-09-29,1597,729690.0,0.0,79317.0
2026-09-29,1301,790550.0,0.0,-200.0
2026-09-29,1102,398156.0,25000.0,333094.0
2026-09-29,5876,299552.0,40000.0,361209.0
2026-09-29,2379,702805.0,10000.0,-16345.0
2026-09-29,2451,666931.0,17000.0,10210.0
2026-09-29,3189,448879.0,287000.0,-48824.0
2026-09-29,6414,600740.0,-3000.0,57842.0
2026-09-29,2489,780114.0,13700.0,-145964.0
2026-09-29,3014,596270.0,16480.0,9458.0
2026-09-29,3019,476697.0,0.0,90181.0
2026-09-29,6166,682738.0,0.0,-124247.0
2026-09-29,2302,544153.0,0.0,3002.0
2026-09-29,2464,659704.0,0.0,-117905.0
2026-09-29,6168,464000.0,0.0,65000.0
2026-09-29,6706,287842.0,0.0,195675.0
2026-09-29,4551,295986.0,131000.0,42556.0
2026-09-29,2347,347231.0,14600.0,105784.0
2026-09-29,3706,479717.0,-11000.0,-16107.0
2026-09-29,2493,447277.0,0.0,-25130.0
2026-09-29,2486,408209.0,0.0,-3645.0
2026-09-29,8110,457944.0,0.0,-67027.0
2026-09-29,2357,403659.0,-95500.0,81408.0
2026-09-29,6533,350730.0,-5000.0,13685.0
2026-09-29,8028,-2008153.0,2202000.0,136022.0
2026-09-29,3030,242076.0,0.0,64491.0
2026-09-29,4566,249321.0,0.0,37111.0
2026-09-29,6937,196145.0,0.0,64596.0
2026-09-29,6278,268976.0,-159000.0,114585.0
2026-09-29,2467,170950.0,0.0,35704.0
2026-09-29,6526,211639.0,0.0,-6205.0
2026-09-29,4961,186771.0,-2000.0,17059.0
2026-09-29,6213,420317.0,181000.0,-402918.0
2026-09-29,3645,204233.0,0.0,-6473.0
2026-09-29,2377,64548.0,-3000.0,106580.0
2026-09-29,2351,126488.0,0.0,39002.0
2026-09-29,3094,154980.0,0.0,0.0
2026-09-29,6831,90098.0,0.0,29812.0
2026-09-29,6805,122545.0,0.0,-4262.0
2026-09-29,7795,123331.0,0.0,-5222.0
2026-09-29,3583,71124.0,0.0,27819.0
2026-09-29,3715,50226.0,0.0,45707.0
2026-09-29,7711,92081.0,0.0,2066.0
2026-09-29,6789,74223.0,2000.0,15131.0
2026-09-29,8103,119368.0,0.0,-34279.0
2026-09-29,4967,82111.0,-2000.0,-2630.0
2026-09-29,8021,102227.0,-30000.0,0.0
2026-09-29,7822,26695.0,36000.0,3182.0
2026-09-29,2059,68970.0,-19200.0,10886.0
2026-09-29,6830,58445.0,0.0,-429.0
2026-09-29,3533,68747.0,10000.0,-20855.0
2026-09-29,6197,66712.0,0.0,-12545.0
2026-09-29,7788,73420.0,0.0,-24256.0
2026-09-29,6944,44851.0,0.0,2092.0
2026-09-29,5269,24084.0,-1000.0,10077.0
2026-09-29,1560,46725.0,0.0,-14115.0
2026-09-29,1590,48937.0,-19000.0,548.0
2026-09-29,6957,20519.0,0.0,407.0
2026-09-29,3532,70452.0,1000.0,-56702.0
2026-09-29,2455,-109309.0,0.0,119416.0
2026-09-29,2363,-357631.0,10000.0,357051.0
2026-09-29,2395,-545730.0,528000.0,24273.0
2026-09-29,8261,30995.0,5000.0,-31580.0
2026-09-29,3023,-11698.0,-2000.0,14414.0
2026-09-29,7750,3116.0,0.0,-2890.0
2026-09-29,1476,-512.0,2000.0,-2096.0
2026-09-29,6861,-21196.0,0.0,9179.0
2026-09-29,3450,17404.0,0.0,-38345.0
2026-09-29,6715,-18000.0,0.0,-6020.0
2026-09-29,6781,-34217.0,0.0,2810.0
2026-09-29,7610,-36642.0,0.0,-220.0
2026-09-29,6451,-38929.0,0.0,658.0
2026-09-29,8033,-53991.0,0.0,473.0
2026-09-29,6446,50725.0,0.0,-105607.0
2026-09-29,3406,-23911.0,-9000.0,-40369.0
2026-09-29,7799,-79659.0,0.0,-1000.0
2026-09-29,3045,-211031.0,0.0,129509.0
2026-09-29,6415,57703.0,-133000.0,-7979.0
2026-09-29,3443,33502.0,-175000.0,54611.0
2026-09-29,3376,-63720.0,0.0,-42144.0
2026-09-29,6515,-40920.0,-68000.0,-567.0
2026-09-29,3661,-92703.0,-2000.0,-16448.0
2026-09-29,1504,-121314.0,-3000.0,10864.0
2026-09-29,7769,66836.0,-202449.0,5305.0
2026-09-29,6271,-155327.0,0.0,10973.0
2026-09-29,6691,-110779.0,-26600.0,-14097.0
2026-09-29,3563,-192170.0,0.0,30324.0
2026-09-29,3653,-309035.0,130438.0,5592.0
2026-09-29,2412,-152945.0,-67000.0,46000.0
2026-09-29,3037,-765924.0,483693.0,103228.0
2026-09-29,2441,-274634.0,54000.0,24897.0
2026-09-29,4770,-239346.0,0.0,26127.0
2026-09-29,6214,-223045.0,10000.0,-19383.0
2026-09-29,2458,-226594.0,3000.0,-10821.0
2026-09-29,4938,-634544.0,-96000.0,488170.0
2026-09-29,6442,-241650.0,0.0,-7784.0
2026-09-29,6669,-169816.0,-91000.0,-8429.0
2026-09-29,1727,-253541.0,0.0,-48602.0
2026-09-29,2421,-209115.0,-5000.0,-98819.0
2026-09-29,2360,-25606.0,-269000.0,-18887.0
2026-09-29,6834,-329451.0,0.0,14280.0
2026-09-29,2472,-302159.0,0.0,-19791.0
2026-09-29,2371,-585636.0,0.0,261931.0
2026-09-29,1326,203801.0,0.0,-529884.0
2026-09-29,3008,-278144.0,1000.0,-51289.0
2026-09-29,2342,-479327.0,0.0,145670.0
2026-09-29,6196,-337544.0,0.0,-7723.0
2026-09-29,2030,-336000.0,0.0,-65295.0
2026-09-29,3029,-396683.0,0.0,-8145.0
2026-09-29,3605,-427560.0,0.0,14914.0
2026-09-29,2368,-1429677.0,817000.0,193180.0
2026-09-29,2912,-445364.0,-15000.0,31000.0
2026-09-29,4904,-792308.0,0.0,339216.0
2026-09-29,3044,-371278.0,-118000.0,24098.0
2026-09-29,2383,-282423.0,-187675.0,-9154.0
2026-09-29,1519,-509211.0,34000.0,-6318.0
2026-09-29,3055,-485504.0,0.0,-13776.0
2026-09-29,6426,-575054.0,0.0,69760.0
2026-09-29,1101,-301243.0,1000.0,-220002.0
2026-09-29,6933,-548873.0,0.0,13172.0
2026-09-29,8996,-727813.0,175000.0,11930.0
2026-09-29,3702,-449270.0,-21000.0,-101041.0
2026-09-29,3167,-582553.0,0.0,-9543.0
2026-09-29,6205,-596483.0,0.0,3964.0
2026-09-29,2474,-622143.0,-6000.0,21296.0
2026-09-29,3090,-594890.0,0.0,-35980.0
2026-09-29,3673,-843518.0,0.0,210960.0
2026-09-29,8210,-633198.0,0.0,-9225.0
2026-09-29,6919,-631341.0,0.0,-14219.0
2026-09-29,2404,-848690.0,257000.0,-60990.0
2026-09-29,2466,-702918.0,0.0,2000.0
2026-09-29,2406,-717316.0,0.0,4761.0
2026-09-29,3026,-877457.0,185000.0,-56255.0
2026-09-29,8039,-1009153.0,70000.0,187669.0
2026-09-29,3017,-452792.0,-461100.0,46804.0
2026-09-29,4763,-928094.0,8000.0,30422.0
2026-09-29,2885,-2950685.0,1331000.0,679344.0
2026-09-29,6672,-899995.0,0.0,-47589.0
2026-09-29,6285,-884864.0,2000.0,-121658.0
2026-09-29,6155,-1063534.0,0.0,46626.0
2026-09-29,2634,-1095856.0,2000.0,11848.0
2026-09-29,4919,-1173315.0,11000.0,26498.0
2026-09-29,2354,-1083171.0,2000.0,-157206.0
2026-09-29,3031,-1247337.0,0.0,-2746.0
2026-09-29,3042,-2638681.0,1050000.0,315231.0
2026-09-29,1216,-1719729.0,-69000.0,494144.0
2026-09-29,2345,-632095.0,-747526.0,1908.0
2026-09-29,5880,-2250947.0,-1000.0,846568.0
2026-09-29,2801,-1281143.0,-98000.0,-27763.0
2026-09-29,1708,-1473372.0,0.0,-11824.0
2026-09-29,2880,-2826738.0,-53000.0,1385118.0
2026-09-29,6531,-1393994.0,-5000.0,-96610.0
2026-09-29,9945,-1484000.0,0.0,-21316.0
2026-09-29,2637,-1498003.0,1000.0,-29949.0
2026-09-29,2886,-3664530.0,487000.0,1565023.0
2026-09-29,2884,-2727040.0,221000.0,850654.0
2026-09-29,2353,-1721914.0,16000.0,23247.0
2026-09-29,3711,-723983.0,-927000.0,-39273.0
2026-09-29,2618,-3068282.0,924000.0,420505.0
2026-09-29,6139,-1609609.0,-1000.0,-114251.0
2026-09-29,2027,-1569570.0,-2000.0,-251174.0
2026-09-29,2610,-1707958.0,-216000.0,47238.0
2026-09-29,2606,-2044573.0,1000.0,-39153.0
2026-09-29,8112,-2065656.0,-27000.0,-14671.0
2026-09-29,1802,-2038839.0,0.0,-80331.0
2026-09-29,2303,-12782614.0,9537000.0,1096624.0
2026-09-29,2034,-2188221.0,0.0,28145.0
2026-09-29,6257,-2126454.0,22000.0,-101123.0
2026-09-29,5871,-2344298.0,-33000.0,23951.0
2026-09-29,2308,-2790202.0,423972.0,-3784.0
2026-09-29,2542,-2534257.0,-159500.0,52083.0
2026-09-29,2855,-2641673.0,-600.0,0.0
2026-09-29,2890,-3317110.0,-197000.0,858906.0
2026-09-29,1809,-2855650.0,0.0,46956.0
2026-09-29,2330,-3736382.0,628676.0,117497.0
2026-09-29,2892,-3536945.0,382000.0,70421.0
2026-09-29,2603,-3221855.0,-100.0,19322.0
2026-09-29,2301,-3230216.0,2000.0,-33673.0
2026-09-29,2615,-2107812.0,-37000.0,-1210433.0
2026-09-29,2481,-3192860.0,180000.0,-407473.0
2026-09-29,6239,-3711572.0,27000.0,-52176.0
2026-09-29,2356,-4059310.0,-67000.0,102124.0
2026-09-29,1605,-3894323.0,4000.0,-276599.0
2026-09-29,2454,-4669389.0,-56444.0,-85383.0
2026-09-29,2605,-4703867.0,-200000.0,-330897.0
2026-09-29,2609,-5903084.0,11000.0,-338494.0
2026-09-29,2492,-7559673.0,-61000.0,-479791.0
2026-09-29,2834,-8188275.0,9000.0,-4759.0
2026-09-29,2887,-11665083.0,662000.0,966978.0
2026-09-29,1314,-10771239.0,0.0,-62025.0
2026-09-29,2812,-11633119.0,0.0,-48146.0
2026-09-29,2449,-12634181.0,1000.0,-548218.0
2026-09-29,2324,-13959215.0,11000.0,217402.0
2026-09-29,2327,-15516938.0,-1518584.0,-377894.0
2026-09-29,8150,-20626616.0,1000.0,-676573.0
2026-09-29,1569,-308659.0,0.0,483.0
2026-09-29,1785,945954.0,13000.0,-129276.0
2026-09-29,1815,-3001502.0,-5000.0,76236.0
2026-09-29,2221,66806.0,0.0,30000.0
2026-09-29,3081,-48274.0,1834.0,-9014.0
2026-09-29,3105,-1507103.0,-21000.0,-2730.0
2026-09-29,3131,129553.0,-276.0,7889.0
2026-09-29,3147,18209.0,0.0,-15112.0
2026-09-29,3162,919018.0,0.0,37444.0
2026-09-29,3163,-67093.0,-3000.0,-814.0
2026-09-29,3211,-139930.0,1800.0,138017.0
2026-09-29,3219,-169551.0,0.0,38337.0
2026-09-29,3234,-339438.0,0.0,47.0
2026-09-29,3260,-821204.0,15100.0,45752.0
2026-09-29,3264,-2582718.0,-706000.0,-131566.0
2026-09-29,3293,1165619.0,0.0,-25252.0
2026-09-29,3317,-1585881.0,0.0,-29221.0
2026-09-29,3324,-709996.0,178419.0,-48707.0
2026-09-29,3363,139624.0,0.0,38.0
2026-09-29,3374,219522.0,-2428.0,478723.0
2026-09-29,3455,146855.0,0.0,139834.0
2026-09-29,3491,-165737.0,-9863.0,-70102.0
2026-09-29,3498,-573604.0,0.0,8701.0
2026-09-29,3529,-724406.0,194969.0,-13258.0
2026-09-29,3580,-140812.0,0.0,-193.0
2026-09-29,3624,136396.0,-385000.0,-101346.0
2026-09-29,3675,-271381.0,70000.0,-98280.0
2026-09-29,3680,216312.0,-1348.0,34356.0
2026-09-29,3691,-49447.0,0.0,-4679.0
2026-09-29,3693,-280560.0,0.0,-10786.0
2026-09-29,3707,-1353274.0,0.0,6815.0
2026-09-29,4542,30000.0,0.0,4000.0
2026-09-29,4749,64651.0,-1207.0,49097.0
2026-09-29,4768,-44371.0,0.0,51975.0
2026-09-29,4772,277680.0,0.0,132696.0
2026-09-29,4903,-191068.0,0.0,0.0
2026-09-29,4908,-26579.0,0.0,-15525.0
2026-09-29,4931,173390.0,0.0,21404.0
2026-09-29,4939,-254220.0,0.0,32348.0
2026-09-29,4966,30028.0,0.0,-335.0
2026-09-29,4971,-66675.0,0.0,619.0
2026-09-29,4979,-56000.0,0.0,125314.0
2026-09-29,4991,463598.0,170000.0,-33939.0
2026-09-29,5274,-17578.0,21502.0,1195.0
2026-09-29,5289,-35857.0,2497.0,-1467.0
2026-09-29,5309,2545437.0,0.0,234020.0
2026-09-29,5347,3573522.0,76000.0,538979.0
2026-09-29,5351,936990.0,70000.0,26398.0
2026-09-29,5425,2292742.0,0.0,22238.0
2026-09-29,5475,-83789.0,0.0,-355.0
2026-09-29,5483,3757573.0,-13000.0,103017.0
2026-09-29,5536,-116217.0,12500.0,-3720.0
2026-09-29,5904,-831176.0,192800.0,8932.0
2026-09-29,6127,1376075.0,0.0,-17679.0
2026-09-29,6147,-1155021.0,-288000.0,-27786.0
2026-09-29,6173,28623.0,0.0,-22022.0
2026-09-29,6179,1040105.0,0.0,-62030.0
2026-09-29,6182,-13818776.0,0.0,-516732.0
2026-09-29,6187,699054.0,174155.0,7566.0
2026-09-29,6199,-205470.0,0.0,31099.0
2026-09-29,6207,-486031.0,0.0,-1696.0
2026-09-29,6217,215992.0,0.0,78.0
2026-09-29,6223,194322.0,-398335.0,14777.0
2026-09-29,6274,-156404.0,-312000.0,19732.0
2026-09-29,6290,-13833.0,0.0,-79206.0
2026-09-29,6291,-8020.0,10000.0,30777.0
2026-09-29,6488,-758654.0,-45400.0,52920.0
2026-09-29,6510,59595.0,-71242.0,-11008.0
2026-09-29,6538,64489.0,0.0,39914.0
2026-09-29,6620,-126298.0,0.0,101005.0
2026-09-29,6640,99000.0,-80000.0,18688.0
2026-09-29,6643,-275209.0,-11000.0,-2654.0
2026-09-29,6683,120233.0,25000.0,15124.0
2026-09-29,6693,-602933.0,0.0,-11000.0
2026-09-29,6727,-564854.0,0.0,-2869.0
2026-09-29,7717,-13072.0,0.0,40124.0
2026-09-29,7734,-20817.0,0.0,-7170.0
2026-09-29,7751,17685.0,0.0,4143.0
2026-09-29,7792,-201916.0,0.0,-13483.0
2026-09-29,7828,-16988.0,0.0,-6033.0
2026-09-29,7856,24003.0,0.0,8000.0
2026-09-29,8027,757400.0,0.0,59126.0
2026-09-29,8040,119250.0,0.0,33302.0
2026-09-29,8042,-689760.0,0.0,-73957.0
2026-09-29,8050,2333199.0,0.0,51443.0
2026-09-29,8064,-868521.0,0.0,151110.0
2026-09-29,8069,-1171878.0,13000.0,-7408.0
2026-09-29,8096,-342523.0,0.0,242634.0
2026-09-29,8111,324575.0,0.0,32402.0
2026-09-29,8155,-986378.0,0.0,17121.0
2026-09-29,8227,-180082.0,0.0,44807.0
2026-09-29,8299,-45423.0,1330.0,36512.0
2026-09-29,8358,-2708654.0,-3700.0,-1132103.0
2026-09-29,6584,-37996.0,0.0,-598.0
2026-09-29,4739,403647.0,0.0,47100.0
2026-09-29,1409,536765.0,1000.0,-273970.0
2026-09-29,5234,162968.0,0.0,-17068.0
2026-09-29,3592,101987.0,8000.0,0.0
2026-09-29,6443,89316.0,0.0,156.0
2026-09-29,5434,-18219.0,0.0,-3082.0
2026-09-29,3543,-61616.0,0.0,1.0
2026-09-29,4977,-138684.0,0.0,49722.0
2026-09-29,6282,-76756.0,-10000.0,-103204.0
2026-09-29,2241,-366089.0,0.0,18.0
2026-09-30,3481,99099103.0,0.0,7181060.0
2026-09-30,2409,67780477.0,150000.0,2990784.0
2026-09-30,6770,58591449.0,28000.0,3177113.0
2026-09-30,1101,52829071.0,4828000.0,950291.0
2026-09-30,2002,54063900.0,-69000.0,356303.0
2026-09-30,1314,41405059.0,0.0,1038880.0
2026-09-30,2344,37711465.0,-37000.0,1349762.0
2026-09-30,1301,29049174.0,486000.0,1046416.0
2026-09-30,1605,19092890.0,3342000.0,900692.0
2026-09-30,8150,21838869.0,0.0,1063786.0
2026-09-30,6116,13194494.0,0.0,1788523.0
2026-09-30,2618,12172811.0,1099421.0,592267.0
2026-09-30,3576,12758273.0,0.0,151989.0
2026-09-30,2408,11753186.0,182000.0,607222.0
2026-09-30,2337,10510509.0,-35000.0,291460.0
2026-09-30,1303,2373998.0,6195000.0,1132995.0
2026-09-30,6505,3074327.0,6162000.0,289028.0
2026-09-30,2610,5077013.0,4247000.0,192298.0
2026-09-30,1326,8738834.0,0.0,768606.0
2026-09-30,2371,6699133.0,-24000.0,921725.0
2026-09-30,1709,6970567.0,0.0,20599.0
2026-09-30,2609,6595103.0,44000.0,175058.0
2026-09-30,1802,5642798.0,-101000.0,309532.0
2026-09-30,2892,1060758.0,4389000.0,106195.0
2026-09-30,6456,5754197.0,0.0,-279644.0
2026-09-30,2887,1851421.0,2204000.0,719917.0
2026-09-30,4763,4392582.0,10000.0,301260.0
2026-09-30,2317,4632457.0,-236000.0,222185.0
2026-09-30,2354,4190775.0,0.0,135224.0
2026-09-30,1409,4112748.0,-1000.0,-153046.0
2026-09-30,6257,3351064.0,70000.0,-39462.0
2026-09-30,2412,2852275.0,-15000.0,64000.0
2026-09-30,1102,2459195.0,74479.0,181838.0
2026-09-30,2324,1966891.0,0.0,722595.0
2026-09-30,3711,2964594.0,-401000.0,110161.0
2026-09-30,2340,1556687.0,0.0,832173.0
2026-09-30,6239,1847863.0,5000.0,377810.0
2026-09-30,2890,-117911.0,1601000.0,672965.0
2026-09-30,2353,1724075.0,92000.0,217952.0
2026-09-30,3714,1796272.0,0.0,94236.0
2026-09-30,2303,-591631.0,3653000.0,-1170997.0
2026-09-30,2330,702594.0,752000.0,399899.0
2026-09-30,2615,1594141.0,0.0,211560.0
2026-09-30,2880,764456.0,84000.0,843665.0
2026-09-30,3045,1445390.0,-323000.0,403873.0
2026-09-30,2634,1239851.0,-10000.0,201156.0
2026-09-30,5876,-24621.0,1099000.0,259870.0
2026-09-30,4906,756223.0,0.0,514611.0
2026-09-30,6278,1510920.0,-69000.0,-185167.0
2026-09-30,3034,1302711.0,-132407.0,86248.0
2026-09-30,2451,1181862.0,5700.0,21762.0
2026-09-30,1513,1123276.0,6000.0,48177.0
2026-09-30,6196,1107201.0,0.0,20604.0
2026-09-30,8046,923972.0,34000.0,125855.0
2026-09-30,6691,956886.0,57000.0,50362.0
2026-09-30,4904,808308.0,-4000.0,249784.0
2026-09-30,2466,926030.0,-2000.0,15544.0
2026-09-30,2308,264988.0,461400.0,198086.0
2026-09-30,6139,773168.0,-23000.0,64074.0
2026-09-30,2464,729060.0,0.0,67503.0
2026-09-30,3605,1206450.0,0.0,-439029.0
2026-09-30,2603,312932.0,360676.0,88166.0
2026-09-30,1717,-15659.0,650000.0,113162.0
2026-09-30,3518,719000.0,0.0,24836.0
2026-09-30,2406,735409.0,-5900.0,10891.0
2026-09-30,1708,688384.0,-3000.0,43322.0
2026-09-30,6672,555228.0,-1000.0,171203.0
2026-09-30,3037,595770.0,312090.0,-189871.0
2026-09-30,2637,678990.0,-280.0,15188.0
2026-09-30,2363,632551.0,30000.0,19645.0
2026-09-30,3543,594817.0,0.0,-1.0
2026-09-30,4540,593747.0,0.0,0.0
2026-09-30,8033,507446.0,-3000.0,21396.0
2026-09-30,1476,334887.0,182000.0,3767.0
2026-09-30,2241,489076.0,0.0,0.0
2026-09-30,6285,430625.0,-4000.0,51801.0
2026-09-30,3665,-647888.0,1118200.0,7841.0
2026-09-30,1504,515347.0,-7000.0,-31410.0
2026-09-30,4919,152500.0,30000.0,288328.0
2026-09-30,2426,551389.0,0.0,-93536.0
2026-09-30,4967,456104.0,-3000.0,-2013.0
2026-09-30,6168,424080.0,100.0,1725.0
2026-09-30,2379,257578.0,188000.0,-75753.0
2026-09-30,2313,429974.0,77000.0,-151837.0
2026-09-30,3563,333773.0,0.0,13873.0
2026-09-30,3042,82562.0,477000.0,-244369.0
2026-09-30,2855,291645.0,11915.0,0.0
2026-09-30,3023,275452.0,-2000.0,11361.0
2026-09-30,2455,249306.0,0.0,34574.0
2026-09-30,1216,-12538.0,-12000.0,300562.0
2026-09-30,2801,-1032141.0,1304000.0,4009.0
2026-09-30,3017,84250.0,184000.0,-7091.0
2026-09-30,2342,338050.0,0.0,-80160.0
2026-09-30,3029,231708.0,-1660.0,19836.0
2026-09-30,3645,216003.0,16.0,32830.0
2026-09-30,2606,216969.0,3000.0,25290.0
2026-09-30,6805,315228.0,-53000.0,-17351.0
2026-09-30,3189,-432283.0,610000.0,51062.0
2026-09-30,4958,655872.0,-253000.0,-183348.0
2026-09-30,2034,-52567.0,0.0,270905.0
2026-09-30,6861,171000.0,0.0,46447.0
2026-09-30,6197,194304.0,0.0,21130.0
2026-09-30,6789,142973.0,1000.0,68748.0
2026-09-30,4977,221082.0,0.0,-16951.0
2026-09-30,2912,186912.0,1000.0,10000.0
2026-09-30,4566,149291.0,0.0,38744.0
2026-09-30,1560,173223.0,-2000.0,10149.0
2026-09-30,3706,226693.0,-4000.0,-49594.0
2026-09-30,2441,171292.0,-1000.0,-749.0
2026-09-30,3044,322697.0,-193000.0,32907.0
2026-09-30,8021,148105.0,-3000.0,13520.0
2026-09-30,3715,81734.0,0.0,60427.0
2026-09-30,6937,154456.0,0.0,-13307.0
2026-09-30,3019,151893.0,0.0,-11887.0
2026-09-30,8103,81015.0,15.0,56960.0
2026-09-30,3443,198303.0,-59200.0,-9080.0
2026-09-30,2404,-95009.0,164000.0,60976.0
2026-09-30,2493,101002.0,-2000.0,11341.0
2026-09-30,2347,-76501.0,129340.0,55071.0
2026-09-30,2357,44815.0,10922.0,46940.0
2026-09-30,8039,-555279.0,-17000.0,669016.0
2026-09-30,3661,79407.0,-1000.0,11367.0
2026-09-30,3030,75742.0,0.0,-3302.0
2026-09-30,7822,19905.0,45000.0,7123.0
2026-09-30,6451,56812.0,0.0,11902.0
2026-09-30,6944,52144.0,0.0,1869.0
2026-09-30,7799,33132.0,0.0,18488.0
2026-09-30,7788,25412.0,0.0,21566.0
2026-09-30,2421,46757.0,-10000.0,-6019.0
2026-09-30,2458,-80904.0,101805.0,8895.0
2026-09-30,6526,35431.0,-19000.0,5726.0
2026-09-30,6781,15276.0,0.0,5848.0
2026-09-30,3533,-240967.0,229000.0,24659.0
2026-09-30,2472,-1813.0,0.0,10201.0
2026-09-30,2059,-23401.0,6000.0,24063.0
2026-09-30,6446,2030.0,-4000.0,5493.0
2026-09-30,3006,149329.0,-5000.0,-146777.0
2026-09-30,2383,-161913.0,163000.0,-3895.0
2026-09-30,8261,-25943.0,19000.0,2678.0
2026-09-30,7769,-1797.0,-6300.0,-218.0
2026-09-30,6515,-14303.0,-9000.0,10302.0
2026-09-30,6919,-23123.0,0.0,2487.0
2026-09-30,6214,-8226.0,0.0,-26649.0
2026-09-30,3406,-3495.0,11000.0,-44400.0
2026-09-30,6271,-55438.0,0.0,17781.0
2026-09-30,1590,-17200.0,-28000.0,-151.0
2026-09-30,1519,-63424.0,0.0,9718.0
2026-09-30,2049,8092.0,0.0,-62917.0
2026-09-30,7750,-27297.0,-26000.0,-1574.0
2026-09-30,3090,-29249.0,-3000.0,-24373.0
2026-09-30,6830,-62824.0,0.0,-1134.0
2026-09-30,7795,-71000.0,0.0,943.0
2026-09-30,3035,60342.0,-10000.0,-133035.0
2026-09-30,5269,-99196.0,0.0,-1272.0
2026-09-30,4739,-206149.0,0.0,94300.0
2026-09-30,7711,-122297.0,0.0,8764.0
2026-09-30,6426,-111977.0,14.0,-3318.0
2026-09-30,2881,296934.0,-595000.0,168377.0
2026-09-30,6831,19754.0,-182000.0,27056.0
2026-09-30,2542,-165796.0,221000.0,-193735.0
2026-09-30,7610,-151109.0,0.0,4793.0
2026-09-30,6706,47560.0,0.0,-198258.0
2026-09-30,2474,-148502.0,-14000.0,9985.0
2026-09-30,6715,-167000.0,0.0,10370.0
2026-09-30,3653,-214000.0,44000.0,5236.0
2026-09-30,8110,-180000.0,0.0,7817.0
2026-09-30,3583,-172549.0,0.0,-2577.0
2026-09-30,2395,-269789.0,147000.0,-54304.0
2026-09-30,3592,-246319.0,29301.0,22921.0
2026-09-30,1809,-281468.0,0.0,78356.0
2026-09-30,4770,-196191.0,0.0,-9572.0
2026-09-30,6155,-196845.0,-1000.0,-18999.0
2026-09-30,2486,-226844.0,0.0,5452.0
2026-09-30,5434,-219245.0,-3000.0,-2595.0
2026-09-30,6531,-221321.0,-4000.0,-11413.0
2026-09-30,2027,-302673.0,0.0,60518.0
2026-09-30,3008,-80007.0,-188100.0,18378.0
2026-09-30,2360,69119.0,-370000.0,42000.0
2026-09-30,3014,-316814.0,35449.0,2415.0
2026-09-30,6933,-301025.0,11.0,9842.0
2026-09-30,2377,-641406.0,374000.0,-36692.0
2026-09-30,6415,-352850.0,23000.0,9392.0
2026-09-30,3702,-938350.0,540000.0,50421.0
2026-09-30,6442,18107.0,-372000.0,-926.0
2026-09-30,2467,-357358.0,0.0,-28134.0
2026-09-30,4961,-401365.0,29000.0,-13370.0
2026-09-30,2882,-408763.0,-10000.0,32714.0
2026-09-30,2399,-379000.0,20.0,-30692.0
2026-09-30,4576,-382517.0,0.0,-42856.0
2026-09-30,6166,-425121.0,0.0,-19432.0
2026-09-30,2885,-668853.0,-125720.0,337729.0
2026-09-30,6834,-421688.0,-972.0,-46747.0
2026-09-30,3055,-509359.0,0.0,14518.0
2026-09-30,5234,-457319.0,-52000.0,-7216.0
2026-09-30,6414,-581017.0,-1000.0,16184.0
2026-09-30,2376,-336970.0,-209000.0,-34980.0
2026-09-30,1597,-511061.0,0.0,-71440.0
2026-09-30,6213,-937601.0,367000.0,-18047.0
2026-09-30,8996,-786085.0,136000.0,53383.0
2026-09-30,5880,-814630.0,100000.0,96000.0
2026-09-30,3376,-642155.0,0.0,23310.0
2026-09-30,6669,-588968.0,-9331.0,-24364.0
2026-09-30,6533,-708797.0,-5000.0,44827.0
2026-09-30,2327,-104269.0,-554000.0,-22718.0
2026-09-30,2030,-670000.0,0.0,-36333.0
2026-09-30,3167,-734723.0,0.0,-6781.0
2026-09-30,2454,-986171.0,53000.0,65113.0
2026-09-30,2345,1075039.0,-2059000.0,87075.0
2026-09-30,6443,-901000.0,0.0,-2702.0
2026-09-30,3094,-950988.0,0.0,20999.0
2026-09-30,3450,-1383320.0,387000.0,14141.0
2026-09-30,2351,-473791.0,-520000.0,-35993.0
2026-09-30,2886,-2200235.0,492000.0,650672.0
2026-09-30,2883,-1942755.0,269000.0,615127.0
2026-09-30,2834,-962290.0,0.0,-116000.0
2026-09-30,3532,-940314.0,0.0,-163200.0
2026-09-30,6282,-975447.0,-32000.0,-108402.0
2026-09-30,2305,-1130980.0,-2000.0,-2000.0
2026-09-30,6209,-1014480.0,15.0,-135788.0
2026-09-30,3026,-1187687.0,35000.0,325.0
2026-09-30,2484,-1223014.0,-2983.0,27293.0
2026-09-30,4551,-1242551.0,-1000.0,-32315.0
2026-09-30,6133,-1300186.0,0.0,-4255.0
2026-09-30,2436,-946529.0,-10000.0,-366304.0
2026-09-30,8112,-1453761.0,-7000.0,-52993.0
2026-09-30,2605,-1385296.0,0.0,-152852.0
2026-09-30,2498,-1682839.0,0.0,123067.0
2026-09-30,3231,-1846787.0,146000.0,93649.0
2026-09-30,2884,-6294665.0,4082000.0,495877.0
2026-09-30,2356,-2032414.0,-190000.0,188461.0
2026-09-30,3717,-2080321.0,0.0,-135561.0
2026-09-30,8210,-2453207.0,-13000.0,1305.0
2026-09-30,2368,-3601260.0,960000.0,-79568.0
2026-09-30,2489,-2844520.0,39400.0,38649.0
2026-09-30,5871,-2877842.0,-7490.0,39637.0
2026-09-30,3016,-2789339.0,0.0,-286036.0
2026-09-30,3036,-3077049.0,-15000.0,-185828.0
2026-09-30,4956,-3303053.0,0.0,-203.0
2026-09-30,2382,-3672906.0,48000.0,215535.0
2026-09-30,2449,-2574961.0,6000.0,-901906.0
2026-09-30,8028,-3240964.0,0.0,-236827.0
2026-09-30,3673,-3787835.0,0.0,99061.0
2026-09-30,2891,-5214958.0,1067000.0,344173.0
2026-09-30,2812,-3836012.0,-11000.0,42000.0
2026-09-30,3149,-4098360.0,0.0,158479.0
2026-09-30,2301,-4039594.0,-13000.0,61506.0
2026-09-30,4938,-3738925.0,-52061.0,-267324.0
2026-09-30,2481,-3563196.0,0.0,-644506.0
2026-09-30,2492,-3929955.0,-1006000.0,-229310.0
2026-09-30,1727,-8650558.0,0.0,-120664.0
2026-09-30,1569,-77570.0,0.0,-2767.0
2026-09-30,1595,127001.0,0.0,14301.0
2026-09-30,1785,-1202271.0,0.0,-3138.0
2026-09-30,1815,-3171495.0,-46000.0,-195640.0
2026-09-30,2221,-280596.0,0.0,-85719.0
2026-09-30,3081,-88702.0,37700.0,-23567.0
2026-09-30,3105,12766342.0,142000.0,1016406.0
2026-09-30,3131,63806.0,-13100.0,2320.0
2026-09-30,3147,68981.0,0.0,27302.0
2026-09-30,3162,1040364.0,0.0,24590.0
2026-09-30,3163,-113249.0,-8000.0,3911.0
2026-09-30,3211,472484.0,-2000.0,161947.0
2026-09-30,3219,189925.0,0.0,152790.0
2026-09-30,3234,-164357.0,0.0,-331.0
2026-09-30,3260,-748527.0,17100.0,19534.0
2026-09-30,3264,-6730972.0,-53000.0,-7453.0
2026-09-30,3265,731726.0,0.0,-43787.0
2026-09-30,3293,1063974.0,48000.0,1475.0
2026-09-30,3317,-560707.0,0.0,-37607.0
2026-09-30,3324,-805231.0,-500.0,-202770.0
2026-09-30,3363,-67522.0,0.0,-2719.0
2026-09-30,3374,78020.0,-18000.0,11098.0
2026-09-30,3455,-400821.0,0.0,-13033.0
2026-09-30,3491,-130756.0,17500.0,-21269.0
2026-09-30,3498,-773340.0,0.0,8651.0
2026-09-30,3529,-202049.0,62800.0,-4935.0
2026-09-30,3580,-444585.0,0.0,379.0
2026-09-30,3624,-1214938.0,-369000.0,-138473.0
2026-09-30,3675,-41841.0,70000.0,26913.0
2026-09-30,3680,187770.0,0.0,-25230.0
2026-09-30,3693,-36926.0,0.0,-17173.0
2026-09-30,3707,2304674.0,0.0,113833.0
2026-09-30,4542,14000.0,0.0,-583.0
2026-09-30,4749,-41920.0,-1000.0,-14218.0
2026-09-30,4768,-443402.0,0.0,79081.0
2026-09-30,4772,-201517.0,0.0,-19610.0
2026-09-30,4903,90790.0,0.0,0.0
2026-09-30,4908,-159534.0,0.0,-11879.0
2026-09-30,4931,182664.0,0.0,193581.0
2026-09-30,4939,314016.0,0.0,69120.0
2026-09-30,4966,-34487.0,0.0,79.0
2026-09-30,4971,-157687.0,0.0,22.0
2026-09-30,4979,-69010.0,0.0,60206.0
2026-09-30,4991,39990.0,107500.0,17737.0
2026-09-30,5274,-5617.0,-8120.0,-1964.0
2026-09-30,5289,-25882.0,500.0,-7179.0
2026-09-30,5309,-837699.0,-5000.0,184236.0
2026-09-30,5347,-3153597.0,1815000.0,-295311.0
2026-09-30,5351,683890.0,-10000.0,-21766.0
2026-09-30,5425,563678.0,0.0,-57329.0
2026-09-30,5439,-489781.0,0.0,-7089.0
2026-09-30,5443,-1843642.0,0.0,26758.0
2026-09-30,5475,49856.0,0.0,874.0
2026-09-30,5483,11145901.0,-6000.0,477090.0
2026-09-30,5536,-255359.0,390000.0,2354.0
2026-09-30,5904,1255703.0,-858000.0,34277.0
2026-09-30,6127,-117894.0,0.0,-25391.0
2026-09-30,6147,-1206096.0,620000.0,13867.0
2026-09-30,6173,-591551.0,0.0,-31059.0
2026-09-30,6179,-2129432.0,0.0,-124803.0
2026-09-30,6182,770046.0,-2000.0,903303.0
2026-09-30,6187,-976349.0,183750.0,6159.0
2026-09-30,6199,-11092.0,0.0,-12346.0
2026-09-30,6207,-1752550.0,0.0,84598.0
2026-09-30,6217,629978.0,0.0,1242.0
2026-09-30,6223,263140.0,-480400.0,15758.0
2026-09-30,6274,658817.0,-59000.0,30624.0
2026-09-30,6290,-173126.0,0.0,140116.0
2026-09-30,6291,-43179.0,20000.0,14500.0
2026-09-30,6425,209326.0,0.0,-80317.0
2026-09-30,6488,3775551.0,-112200.0,89552.0
2026-09-30,6510,101427.0,-228250.0,22646.0
2026-09-30,6530,16852.0,0.0,-282.0
2026-09-30,6538,-141987.0,0.0,-11855.0
2026-09-30,6620,-898758.0,0.0,105189.0
2026-09-30,6640,-61306.0,0.0,-8354.0
2026-09-30,6643,60631.0,0.0,154485.0
2026-09-30,6683,-296757.0,-100.0,2280.0
2026-09-30,6693,-211259.0,0.0,-182940.0
2026-09-30,6727,-71718.0,0.0,4342.0
2026-09-30,7717,2040.0,0.0,6649.0
2026-09-30,7734,-7048.0,-17100.0,406.0
2026-09-30,7751,-39050.0,58000.0,11818.0
2026-09-30,7792,-37097.0,0.0,8242.0
2026-09-30,7828,-76005.0,0.0,258.0
2026-09-30,7856,-39171.0,2850.0,4000.0
2026-09-30,8027,-93518.0,0.0,7336.0
2026-09-30,8040,-199440.0,0.0,-42153.0
2026-09-30,8042,-18795.0,0.0,-27027.0
2026-09-30,8050,-1268376.0,0.0,-22537.0
2026-09-30,8064,27973.0,0.0,-63440.0
2026-09-30,8069,-26699.0,-4000.0,-8488.0
2026-09-30,8086,-360180.0,-24437.0,21162.0
2026-09-30,8096,-707784.0,0.0,15739.0
2026-09-30,8111,-145090.0,0.0,-30957.0
2026-09-30,8155,-21400.0,0.0,-32369.0
2026-09-30,8227,16990.0,0.0,-20784.0
2026-09-30,8299,325972.0,3900.0,16681.0
2026-09-30,8358,-849050.0,-57000.0,-250325.0
2026-09-30,1402,1155988.0,1084000.0,214061.0
2026-09-30,6120,1975500.0,0.0,38276.0
2026-09-30,3311,1641484.0,0.0,25113.0
2026-09-30,4526,739000.0,0.0,13646.0
2026-09-30,2316,381046.0,-2000.0,14755.0
2026-09-30,2478,380951.0,-2000.0,-11083.0
2026-09-30,2302,199530.0,-1961.0,26913.0
2026-09-30,2375,221287.0,-1000.0,882.0
2026-09-30,6472,102574.0,0.0,-4533.0
2026-09-30,3701,107000.0,0.0,-33903.0
2026-09-30,6957,-6000.0,0.0,4353.0
2026-09-30,4722,15087.0,0.0,-22507.0
2026-09-30,6449,-33147.0,0.0,3963.0
2026-09-30,2428,-30497.0,0.0,1000.0
2026-09-30,2020,-179000.0,0.0,11526.0
2026-09-30,3013,-254814.0,0.0,49814.0
2026-09-30,6664,114682.0,0.0,4197.0
2026-10-01,3231,29330374.0,554000.0,750145.0
2026-10-01,2303,25460901.0,1845000.0,1767691.0
2026-10-01,2327,23393752.0,1204000.0,1524271.0
2026-10-01,2492,16492161.0,0.0,1279329.0
2026-10-01,2344,16788887.0,-463000.0,1204299.0
2026-10-01,2340,13333025.0,0.0,519211.0
2026-10-01,2886,14469895.0,-1895000.0,1078907.0
2026-10-01,2481,9543522.0,73000.0,672479.0
2026-10-01,3702,4888663.0,504000.0,376335.0
2026-10-01,2317,5092135.0,203752.0,357166.0
2026-10-01,1709,5264596.0,0.0,155174.0
2026-10-01,2884,-3630293.0,8005000.0,706629.0
2026-10-01,3706,4372052.0,50000.0,601681.0
2026-10-01,2484,4762890.0,0.0,254644.0
2026-10-01,2330,3090730.0,596450.0,602528.0
2026-10-01,2801,2006588.0,2218000.0,-10079.0
2026-10-01,2347,3259389.0,800000.0,127915.0
2026-10-01,3042,1424291.0,1290000.0,894290.0
2026-10-01,2412,3507823.0,420000.0,-361000.0
2026-10-01,2892,-386415.0,3965000.0,-41303.0
2026-10-01,6672,3269059.0,0.0,-15747.0
2026-10-01,3189,1517834.0,1519000.0,128379.0
2026-10-01,8046,1503057.0,1362000.0,-64743.0
2026-10-01,2353,2227526.0,111000.0,260184.0
2026-10-01,6533,2486873.0,10000.0,-1199.0
2026-10-01,2030,2363985.0,0.0,34799.0
2026-10-01,3167,1966437.0,118000.0,20540.0
2026-10-01,1727,1705625.0,0.0,247919.0
2026-10-01,3094,1831961.0,0.0,81673.0
2026-10-01,2302,1896169.0,0.0,6468.0
2026-10-01,8150,2192731.0,40000.0,-356599.0
2026-10-01,3311,1780544.0,0.0,1000.0
2026-10-01,3026,1445859.0,197000.0,49434.0
2026-10-01,3045,2259929.0,-852000.0,201419.0
2026-10-01,6213,1126140.0,373000.0,35634.0
2026-10-01,6168,1514821.0,0.0,4000.0
2026-10-01,3036,787766.0,-38000.0,713112.0
2026-10-01,3035,1354325.0,0.0,25683.0
2026-10-01,2363,761390.0,0.0,601479.0
2026-10-01,2634,883818.0,368000.0,-13746.0
2026-10-01,2379,739632.0,375000.0,99238.0
2026-10-01,4956,1211448.0,56.0,1164.0
2026-10-01,2301,999047.0,-169000.0,365713.0
2026-10-01,3016,1281700.0,0.0,-101271.0
2026-10-01,2377,902765.0,139000.0,104691.0
2026-10-01,2408,1001379.0,25000.0,115702.0
2026-10-01,5876,4589365.0,-3898000.0,415481.0
2026-10-01,6209,1111132.0,0.0,-9359.0
2026-10-01,3037,344183.0,626900.0,69036.0
2026-10-01,4904,154780.0,511000.0,318520.0
2026-10-01,2376,724777.0,60000.0,181076.0
2026-10-01,3090,815311.0,0.0,120739.0
2026-10-01,3518,911876.0,24.0,-33286.0
2026-10-01,6706,843869.0,0.0,-24736.0
2026-10-01,4566,761885.0,0.0,815.0
2026-10-01,4961,734198.0,0.0,16362.0
2026-10-01,3711,457672.0,227400.0,56918.0
2026-10-01,4938,-879452.0,1412000.0,208350.0
2026-10-01,8261,652114.0,0.0,73867.0
2026-10-01,2034,842072.0,0.0,-146540.0
2026-10-01,6155,696334.0,0.0,-3604.0
2026-10-01,2464,700633.0,79000.0,-105722.0
2026-10-01,6271,583164.0,0.0,89398.0
2026-10-01,4919,373394.0,0.0,269404.0
2026-10-01,3717,648383.0,0.0,-7509.0
2026-10-01,3701,616031.0,0.0,20174.0
2026-10-01,2357,572480.0,-9000.0,53666.0
2026-10-01,3034,470145.0,118000.0,15215.0
2026-10-01,6414,494329.0,58000.0,34143.0
2026-10-01,6278,558673.0,-18000.0,-1303.0
2026-10-01,6196,530218.0,0.0,1480.0
2026-10-01,8021,538545.0,0.0,-25995.0
2026-10-01,2395,351911.0,170000.0,-31909.0
2026-10-01,2436,594249.0,0.0,-118214.0
2026-10-01,7795,443765.0,0.0,31838.0
2026-10-01,1102,4906071.0,-4754000.0,323235.0
2026-10-01,2421,452118.0,-10000.0,27940.0
2026-10-01,3019,457114.0,0.0,2877.0
2026-10-01,2404,62677.0,365000.0,14289.0
2026-10-01,3014,409346.0,3004.0,19800.0
2026-10-01,6834,322349.0,0.0,66415.0
2026-10-01,1560,234209.0,70000.0,49064.0
2026-10-01,3605,-5886.0,309000.0,39915.0
2026-10-01,2342,345342.0,0.0,-3577.0
2026-10-01,3013,126400.0,0.0,203665.0
2026-10-01,6214,322054.0,0.0,66.0
2026-10-01,2458,40159.0,250000.0,18217.0
2026-10-01,1597,263053.0,0.0,33025.0
2026-10-01,2912,279615.0,-9000.0,1000.0
2026-10-01,6691,201694.0,68000.0,-10071.0
2026-10-01,3030,105246.0,0.0,123065.0
2026-10-01,2615,246465.0,189000.0,-208423.0
2026-10-01,3023,231415.0,-26000.0,20242.0
2026-10-01,6944,201504.0,0.0,18348.0
2026-10-01,2428,199455.0,0.0,19981.0
2026-10-01,3543,136821.0,0.0,70000.0
2026-10-01,2474,225588.0,-17000.0,-11500.0
2026-10-01,1504,140504.0,10000.0,41000.0
2026-10-01,6197,43128.0,151000.0,-6632.0
2026-10-01,5434,124876.0,43000.0,12031.0
2026-10-01,4977,199823.0,0.0,-23581.0
2026-10-01,3715,185906.0,0.0,-13033.0
2026-10-01,3533,113812.0,1000.0,45861.0
2026-10-01,6449,97276.0,0.0,55658.0
2026-10-01,8033,131401.0,0.0,876.0
2026-10-01,6805,578811.0,-471000.0,-355.0
2026-10-01,2345,486725.0,-431000.0,42839.0
2026-10-01,6715,87750.0,0.0,4845.0
2026-10-01,4770,97591.0,0.0,-23830.0
2026-10-01,3055,48000.0,0.0,7055.0
2026-10-01,6526,65746.0,19000.0,-30029.0
2026-10-01,2049,68100.0,0.0,-18748.0
2026-10-01,5269,25287.0,0.0,17580.0
2026-10-01,3008,116498.0,-139000.0,56591.0
2026-10-01,3044,218222.0,-250000.0,61065.0
2026-10-01,2493,35542.0,0.0,-10550.0
2026-10-01,7610,27199.0,0.0,-6126.0
2026-10-01,2606,17421.0,-3000.0,5767.0
2026-10-01,3653,-25026.0,42000.0,2685.0
2026-10-01,6957,49750.0,0.0,-37401.0
2026-10-01,3017,-5336.0,-29831.0,40679.0
2026-10-01,6166,1828.0,0.0,-1492.0
2026-10-01,6415,16808.0,-28000.0,10646.0
2026-10-01,6781,-13202.0,0.0,8292.0
2026-10-01,2059,23223.0,-29000.0,39.0
2026-10-01,7822,-11000.0,1000.0,1166.0
2026-10-01,4576,-28166.0,0.0,15764.0
2026-10-01,6830,-9546.0,0.0,-4955.0
2026-10-01,2466,-27623.0,0.0,10474.0
2026-10-01,7750,-10103.0,-10000.0,1841.0
2026-10-01,6937,1715.0,0.0,-37261.0
2026-10-01,8103,-23518.0,0.0,-18962.0
2026-10-01,1590,-47011.0,3000.0,-1917.0
2026-10-01,6472,-37532.0,0.0,-14039.0
2026-10-01,3665,-482158.0,486000.0,-56387.0
2026-10-01,1476,-144626.0,91000.0,-4500.0
2026-10-01,8996,-75825.0,-25000.0,30167.0
2026-10-01,4958,236370.0,-500000.0,191409.0
2026-10-01,6831,58963.0,-142000.0,4688.0
2026-10-01,3443,11209.0,-104000.0,12293.0
2026-10-01,7799,-55330.0,0.0,-26488.0
2026-10-01,4722,-134217.0,0.0,45483.0
2026-10-01,6239,-439418.0,72000.0,259448.0
2026-10-01,7711,-161194.0,0.0,50607.0
2026-10-01,6861,-122499.0,20000.0,-24891.0
2026-10-01,7769,-122552.0,-7000.0,1563.0
2026-10-01,2467,94690.0,-221000.0,-7863.0
2026-10-01,6515,-113513.0,-22300.0,-6112.0
2026-10-01,3661,-162751.0,-1000.0,2194.0
2026-10-01,6451,-162780.0,0.0,-2494.0
2026-10-01,6531,-179567.0,-7000.0,-573.0
2026-10-01,2451,-241438.0,56000.0,-2485.0
2026-10-01,2637,-437219.0,251000.0,-1782.0
2026-10-01,2478,-302165.0,0.0,108245.0
2026-10-01,3583,-195178.0,0.0,-1691.0
2026-10-01,6442,-175210.0,0.0,-21687.0
2026-10-01,2472,-265228.0,0.0,52743.0
2026-10-01,5234,-229747.0,0.0,869.0
2026-10-01,2609,-214636.0,13000.0,-54327.0
2026-10-01,8112,-932944.0,700000.0,-26030.0
2026-10-01,2383,-201870.0,-66000.0,8861.0
2026-10-01,2351,-317901.0,21000.0,30189.0
2026-10-01,6789,-221698.0,2000.0,-49955.0
2026-10-01,6933,-276096.0,0.0,1727.0
2026-10-01,6282,-349991.0,0.0,73048.0
2026-10-01,6133,-283552.0,37.0,0.0
2026-10-01,6669,-7451.0,-301000.0,20673.0
2026-10-01,2027,-2800166.0,2209000.0,301508.0
2026-10-01,6257,-1238745.0,682000.0,264697.0
2026-10-01,3592,-309089.0,0.0,5705.0
2026-10-01,1519,-320359.0,0.0,-5711.0
2026-10-01,6919,-331178.0,0.0,-4875.0
2026-10-01,4551,-335561.0,0.0,-1070.0
2026-10-01,6443,-341155.0,0.0,702.0
2026-10-01,3406,-395355.0,11000.0,29174.0
2026-10-01,6456,81200.0,0.0,-470140.0
2026-10-01,8210,-235142.0,-163000.0,6520.0
2026-10-01,3532,-125247.0,-155000.0,-128169.0
2026-10-01,3645,-409290.0,0.0,-15448.0
2026-10-01,2455,292444.0,-1016000.0,282549.0
2026-10-01,2454,-571884.0,33171.0,74010.0
2026-10-01,6426,-302035.0,-118000.0,-57051.0
2026-10-01,1809,-460338.0,0.0,-20500.0
2026-10-01,2406,-521224.0,0.0,35184.0
2026-10-01,8110,-499383.0,0.0,-3525.0
2026-10-01,1513,-561271.0,-4000.0,49678.0
2026-10-01,4739,-548548.0,0.0,-10144.0
2026-10-01,6285,-609411.0,2000.0,4558.0
2026-10-01,4967,-357304.0,-249000.0,-17534.0
2026-10-01,2308,-725958.0,117299.0,-19982.0
2026-10-01,2375,-752826.0,0.0,120818.0
2026-10-01,2316,-614315.0,0.0,-40377.0
2026-10-01,2360,307909.0,-1063000.0,76176.0
2026-10-01,2020,-641000.0,0.0,-45244.0
2026-10-01,3376,-693467.0,0.0,5363.0
2026-10-01,1708,-710060.0,0.0,-5640.0
2026-10-01,6446,-692472.0,-53000.0,13089.0
2026-10-01,2399,-822222.0,0.0,70117.0
2026-10-01,7788,-792124.0,0.0,-16412.0
2026-10-01,2441,-892440.0,106000.0,-36031.0
2026-10-01,1216,-1294219.0,137000.0,322626.0
2026-10-01,2486,-823520.0,-40000.0,-30022.0
2026-10-01,3563,-844675.0,0.0,-65985.0
2026-10-01,2241,-981073.0,0.0,2000.0
2026-10-01,2603,-1374257.0,332000.0,50590.0
2026-10-01,6139,-744663.0,-287000.0,7656.0
2026-10-01,2855,-1640480.0,550000.0,0.0
2026-10-01,3714,-1849413.0,712000.0,42745.0
2026-10-01,2313,-937800.0,-115000.0,-44788.0
2026-10-01,2605,-1075520.0,0.0,-58007.0
2026-10-01,2880,-5324635.0,2818000.0,1346697.0
2026-10-01,8028,-1177735.0,0.0,14848.0
2026-10-01,2337,-1104217.0,6000.0,-133911.0
2026-10-01,3450,-274807.0,-921000.0,-39601.0
2026-10-01,2498,-1164408.0,0.0,-75777.0
2026-10-01,3149,-1119767.0,0.0,-158113.0
2026-10-01,4526,-1479078.0,0.0,59899.0
2026-10-01,2882,-6790827.0,5477000.0,-113163.0
2026-10-01,1717,-1465360.0,0.0,-52517.0
2026-10-01,4906,-1374168.0,0.0,-308030.0
2026-10-01,3673,-2051753.0,0.0,223116.0
2026-10-01,5871,-2150821.0,256000.0,34908.0
2026-10-01,2426,-2038338.0,0.0,171061.0
2026-10-01,2382,-3731227.0,1445000.0,293643.0
2026-10-01,2368,-2265805.0,141000.0,52324.0
2026-10-01,8039,-2105312.0,-10000.0,-221488.0
2026-10-01,2356,-2873938.0,169000.0,320973.0
2026-10-01,3006,-2529284.0,0.0,137566.0
2026-10-01,2489,-2191563.0,0.0,-205983.0
2026-10-01,5880,-2868241.0,200000.0,89466.0
2026-10-01,1402,2104889.0,-4979000.0,179590.0
2026-10-01,2542,-65613.0,-2734000.0,-25934.0
2026-10-01,2881,-6762517.0,3820000.0,99363.0
2026-10-01,1605,-3312650.0,261000.0,-112680.0
2026-10-01,2354,-3042084.0,0.0,-163995.0
2026-10-01,2305,-3216451.0,0.0,-23317.0
2026-10-01,2610,-6177983.0,2998000.0,-62572.0
2026-10-01,6120,-3239235.0,0.0,-41960.0
2026-10-01,6116,-2737337.0,0.0,-772208.0
2026-10-01,2449,-885219.0,-2220000.0,-425836.0
2026-10-01,1409,-4526162.0,-154000.0,111167.0
2026-10-01,1802,-4832047.0,-20000.0,176565.0
2026-10-01,3576,-4697708.0,0.0,-124989.0
2026-10-01,2812,-5118053.0,0.0,79184.0
2026-10-01,2890,-9462211.0,3287000.0,965863.0
2026-10-01,2618,-3653555.0,-1777000.0,175181.0
2026-10-01,4763,-3149227.0,-1982000.0,-265707.0
2026-10-01,1301,-5524115.0,0.0,-457187.0
2026-10-01,2887,-26210812.0,19273000.0,532074.0
2026-10-01,6505,-13022309.0,6959000.0,-479769.0
2026-10-01,2891,-13476624.0,4756000.0,999061.0
2026-10-01,2885,-11879856.0,1528640.0,589217.0
2026-10-01,1326,-10197294.0,336000.0,-710257.0
2026-10-01,1303,-11981849.0,662000.0,236009.0
2026-10-01,2371,-10686904.0,0.0,-658167.0
2026-10-01,2883,-21895858.0,8299000.0,1269568.0
2026-10-01,6770,-13847496.0,12000.0,-441541.0
2026-10-01,2324,-15352567.0,25000.0,663389.0
2026-10-01,2834,-16910296.0,0.0,-39023.0
2026-10-01,1314,-17149413.0,0.0,7000.0
2026-10-01,2002,-21326721.0,0.0,30587.0
2026-10-01,1101,-33232642.0,0.0,90330.0
2026-10-01,2409,-36216125.0,2628000.0,-5677177.0
2026-10-01,3481,-93138155.0,600000.0,-4178496.0
2026-10-01,1569,216631.0,0.0,267365.0
2026-10-01,1595,-640788.0,0.0,45585.0
2026-10-01,1785,-1834592.0,-1000.0,-4308.0
2026-10-01,1815,-5140924.0,-5000.0,-68519.0
2026-10-01,2221,-66165.0,0.0,12233.0
2026-10-01,3081,-80238.0,-347500.0,-1021.0
2026-10-01,3105,112604.0,562800.0,-459505.0
2026-10-01,3131,-367994.0,-2050.0,-6126.0
2026-10-01,3147,36262.0,0.0,65283.0
2026-10-01,3162,1160805.0,0.0,14089.0
2026-10-01,3163,-417770.0,-2500.0,-2401.0
2026-10-01,3211,-447919.0,-28000.0,-80483.0
2026-10-01,3219,99000.0,0.0,-50931.0
2026-10-01,3221,356019.0,0.0,90787.0
2026-10-01,3234,-45354.0,0.0,-206.0
2026-10-01,3236,1480567.0,0.0,17713.0
2026-10-01,3260,45832.0,-192000.0,77289.0
2026-10-01,3264,-635385.0,-4157500.0,54147.0
2026-10-01,3265,-188121.0,0.0,-29168.0
2026-10-01,3293,3639266.0,432000.0,105008.0
2026-10-01,3317,-1884.0,0.0,-4432.0
2026-10-01,3324,-560842.0,3700.0,129780.0
2026-10-01,3357,58536.0,0.0,31232.0
2026-10-01,3362,-133000.0,0.0,-3294.0
2026-10-01,3363,-132237.0,0.0,-1663.0
2026-10-01,3374,116837.0,-500.0,-26061.0
2026-10-01,3441,136000.0,0.0,102933.0
2026-10-01,3455,1510.0,0.0,18090.0
2026-10-01,3490,1345000.0,0.0,15232.0
2026-10-01,3491,-74705.0,0.0,-8515.0
2026-10-01,3498,44091.0,0.0,-25897.0
2026-10-01,3529,-69673.0,58000.0,-12295.0
2026-10-01,3580,45077.0,0.0,-6904.0
2026-10-01,3615,-519364.0,0.0,-25718.0
2026-10-01,3624,795634.0,0.0,151701.0
2026-10-01,3675,198104.0,102000.0,80675.0
2026-10-01,3680,22953.0,-100.0,-9603.0
2026-10-01,3693,-70789.0,-32000.0,17130.0
2026-10-01,3707,2718610.0,0.0,-32083.0
2026-10-01,4542,6015.0,0.0,2000.0
2026-10-01,4556,426473.0,0.0,-6216.0
2026-10-01,4749,-202119.0,0.0,-2343.0
2026-10-01,4768,-187160.0,0.0,-44652.0
2026-10-01,4772,-124561.0,1000.0,-9192.0
2026-10-01,4903,-498810.0,0.0,0.0
2026-10-01,4908,-60882.0,0.0,-38781.0
2026-10-01,4931,-673820.0,0.0,-78569.0
2026-10-01,4939,-3252703.0,0.0,83346.0
2026-10-01,4966,-17441.0,2000.0,788.0
2026-10-01,4971,-11689.0,0.0,-634.0
2026-10-01,4979,-161066.0,-379000.0,34200.0
2026-10-01,4991,-359542.0,439000.0,15776.0
2026-10-01,5274,-15242.0,802.0,2579.0
2026-10-01,5289,-82058.0,-999.0,-10390.0
2026-10-01,5309,1462289.0,0.0,105419.0
2026-10-01,5314,-640596.0,0.0,72571.0
2026-10-01,5328,-816800.0,0.0,332717.0
2026-10-01,5347,1763059.0,1047000.0,210365.0
2026-10-01,5351,-932596.0,0.0,7059.0
2026-10-01,5425,1022679.0,0.0,283367.0
2026-10-01,5439,287138.0,0.0,-11094.0
2026-10-01,5443,-434974.0,0.0,1534.0
2026-10-01,5475,179261.0,0.0,95.0
2026-10-01,5483,-3994899.0,2500.0,-444558.0
2026-10-01,5536,-415207.0,455250.0,19807.0
2026-10-01,5904,-1194242.0,347000.0,-5031.0
2026-10-01,6127,10075.0,0.0,34331.0
2026-10-01,6147,1881655.0,1224000.0,199756.0
2026-10-01,6173,853902.0,-359000.0,-8753.0
2026-10-01,6175,-1365797.0,0.0,73866.0
2026-10-01,6179,-3466.0,0.0,-37144.0
2026-10-01,6182,-16712367.0,-1000.0,-470849.0
2026-10-01,6187,-441308.0,-49300.0,4642.0
2026-10-01,6199,21726.0,0.0,-5874.0
2026-10-01,6207,1977605.0,0.0,-228881.0
2026-10-01,6217,-54790.0,0.0,689.0
2026-10-01,6223,277604.0,-557594.0,24250.0
2026-10-01,6274,-9133.0,-29000.0,-6955.0
2026-10-01,6290,-532826.0,2000.0,-117554.0
2026-10-01,6291,-39950.0,0.0,-24617.0
2026-10-01,6425,-311443.0,0.0,-5293.0
2026-10-01,6488,-2244046.0,983090.0,98467.0
2026-10-01,6510,-39036.0,-137800.0,5766.0
2026-10-01,6530,-269044.0,0.0,-119.0
2026-10-01,6532,650811.0,0.0,-20719.0
2026-10-01,6538,-197188.0,0.0,-11522.0
2026-10-01,6620,-856206.0,0.0,26023.0
2026-10-01,6640,93639.0,0.0,7044.0
2026-10-01,6643,-487933.0,0.0,-147020.0
2026-10-01,6664,-4671.0,0.0,-3757.0
2026-10-01,6683,-128470.0,-5000.0,34282.0
2026-10-01,6693,98038.0,0.0,97719.0
2026-10-01,6727,-41814.0,0.0,435.0
2026-10-01,6907,-20455.0,0.0,167117.0
2026-10-01,7717,12117.0,0.0,-7536.0
2026-10-01,7734,67541.0,-45000.0,3808.0
2026-10-01,7751,5100.0,7000.0,-291.0
2026-10-01,7792,-10900.0,0.0,-767.0
2026-10-01,7828,-12144.0,0.0,-334.0
2026-10-01,7856,-30314.0,79450.0,2000.0
2026-10-01,8027,-998444.0,0.0,-47069.0
2026-10-01,8040,-1856.0,0.0,-38078.0
2026-10-01,8042,-284447.0,0.0,197446.0
2026-10-01,8043,90900.0,0.0,46147.0
2026-10-01,8064,542456.0,0.0,-103290.0
2026-10-01,8069,-27381.0,-3000.0,-12697.0
2026-10-01,8086,749834.0,-500.0,64408.0
2026-10-01,8096,-50901.0,0.0,-11731.0
2026-10-01,8111,161972.0,0.0,-17020.0
2026-10-01,8155,-9302.0,0.0,6190.0
2026-10-01,8227,618172.0,0.0,-72069.0
2026-10-01,8240,-96236.0,0.0,24612.0
2026-10-01,8299,-453480.0,8000.0,-42269.0
2026-10-01,8358,1152440.0,-125500.0,-34802.0
2026-10-01,3031,792496.0,79.0,0.0
2026-10-01,9933,1406987.0,-835000.0,-41210.0
2026-10-01,5285,235440.0,0.0,1530.0
2026-10-01,2338,95769.0,0.0,-6494.0
2026-10-01,4927,8127.0,0.0,-50097.0
2026-10-01,4989,-76772.0,0.0,-20108.0
2026-10-01,2367,-107588.0,0.0,-83913.0
2026-10-01,1711,-236963.0,0.0,-16449.0
2026-10-01,6949,-402290.0,0.0,-49921.0
2026-10-01,6226,-492336.0,0.0,-2000.0
2026-10-02,2409,81467389.0,4351327.0,5470493.0
2026-10-02,6770,45435880.0,268938.0,4191705.0
2026-10-02,1326,22015353.0,85000.0,961753.0
2026-10-02,2883,8029978.0,11313637.0,1801393.0
2026-10-02,4958,14023195.0,3289000.0,1351553.0
2026-10-02,2886,13683716.0,2421501.0,1504841.0
2026-10-02,1301,15022143.0,5000.0,598124.0
2026-10-02,3714,11334577.0,188000.0,115066.0
2026-10-02,2492,10009999.0,-9000.0,127974.0
2026-10-02,1314,9720717.0,0.0,197000.0
2026-10-02,2408,7170950.0,1161582.0,422993.0
2026-10-02,3576,8761249.0,0.0,-27000.0
2026-10-02,6505,6740746.0,910000.0,373280.0
2026-10-02,2303,3674279.0,1863584.0,2299754.0
2026-10-02,6116,6283900.0,0.0,750863.0
2026-10-02,1303,4864197.0,-74000.0,2119779.0
2026-10-02,1605,6131326.0,-22479.0,483073.0
2026-10-02,8150,5499673.0,354000.0,415309.0
2026-10-02,3037,5229662.0,657113.0,155256.0
2026-10-02,2371,5599383.0,-15000.0,292936.0
2026-10-02,9933,6016455.0,-8800.0,-402561.0
2026-10-02,1802,4761052.0,15000.0,427084.0
2026-10-02,2609,5141071.0,-54000.0,48568.0
2026-10-02,1727,4868069.0,0.0,-15166.0
2026-10-02,3481,2752216.0,36988.0,1860168.0
2026-10-02,1409,4862718.0,0.0,-274820.0
2026-10-02,6120,4396429.0,0.0,-7279.0
2026-10-02,2340,4653095.0,0.0,-270095.0
2026-10-02,3673,2544514.0,0.0,1308134.0
2026-10-02,1709,3479000.0,0.0,-31108.0
2026-10-02,2337,3598903.0,7000.0,-279420.0
2026-10-02,2634,2802778.0,79000.0,272753.0
2026-10-02,2542,3682238.0,-537200.0,-23830.0
2026-10-02,2002,2999225.0,-48000.0,134486.0
2026-10-02,8021,2492339.0,552000.0,6696.0
2026-10-02,2342,3039768.0,0.0,9292.0
2026-10-02,2882,1101739.0,1878525.0,-41166.0
2026-10-02,6239,746632.0,18591.0,2033488.0
2026-10-02,5880,2622937.0,189000.0,-64189.0
2026-10-02,2855,2603812.0,21114.0,0.0
2026-10-02,2892,-2917289.0,5508867.0,15837.0
2026-10-02,2412,4034620.0,-1449684.0,-7000.0
2026-10-02,3006,2136881.0,0.0,363166.0
2026-10-02,4927,2391350.0,0.0,-48265.0
2026-10-02,6834,2276809.0,-2000.0,52343.0
2026-10-02,2347,2124669.0,-101861.0,217877.0
2026-10-02,2890,-1556003.0,2025179.0,1763213.0
2026-10-02,2884,-4853435.0,5855959.0,1205248.0
2026-10-02,1711,1869673.0,0.0,222120.0
2026-10-02,2367,1803759.0,0.0,272909.0
2026-10-02,2313,1579056.0,136226.0,354859.0
2026-10-02,2881,1076329.0,1043253.0,-66996.0
2026-10-02,6257,932338.0,877000.0,221173.0
2026-10-02,1708,1903443.0,-5000.0,123820.0
2026-10-02,8110,1867739.0,0.0,128953.0
2026-10-02,2603,2885524.0,-1384024.0,359805.0
2026-10-02,2327,-2786510.0,3146443.0,1461366.0
2026-10-02,2606,1046526.0,643000.0,65037.0
2026-10-02,3045,558811.0,773215.0,350866.0
2026-10-02,3016,1622876.0,0.0,32095.0
2026-10-02,2399,1720675.0,0.0,-66923.0
2026-10-02,6672,1617604.0,-2000.0,18881.0
2026-10-02,2305,1679236.0,-2000.0,-64039.0
2026-10-02,2436,1582536.0,0.0,6252.0
2026-10-02,2376,1334911.0,332281.0,-127829.0
2026-10-02,2034,1568433.0,0.0,-89079.0
2026-10-02,2618,416024.0,300420.0,706959.0
2026-10-02,6282,1276070.0,-6000.0,84124.0
2026-10-02,5876,583015.0,162000.0,575314.0
2026-10-02,1402,1119113.0,118052.0,17832.0
2026-10-02,3189,755948.0,472000.0,21237.0
2026-10-02,3031,1217633.0,0.0,0.0
2026-10-02,8046,78235.0,1007864.0,125460.0
2026-10-02,6133,1204126.0,0.0,-5000.0
2026-10-02,2027,761877.0,-34000.0,449048.0
2026-10-02,3035,925129.0,0.0,239193.0
2026-10-02,2377,1310.0,1020570.0,120612.0
2026-10-02,1504,962000.0,68003.0,29541.0
2026-10-02,6531,681219.0,175000.0,88434.0
2026-10-02,1102,622416.0,-76160.0,397930.0
2026-10-02,2455,1386047.0,-1030000.0,551235.0
2026-10-02,2360,1006191.0,-136551.0,15600.0
2026-10-02,3090,567820.0,346000.0,-31922.0
2026-10-02,4904,950694.0,-591000.0,509747.0
2026-10-02,2338,714287.0,0.0,121713.0
2026-10-02,3030,669648.0,0.0,150975.0
2026-10-02,2880,-3103231.0,1953000.0,1961572.0
2026-10-02,3711,3128693.0,-2505594.0,152071.0
2026-10-02,2801,-10186319.0,11035000.0,-93143.0
2026-10-02,2030,684726.0,0.0,31000.0
2026-10-02,7788,567021.0,0.0,138352.0
2026-10-02,6456,414198.0,0.0,276518.0
2026-10-02,6278,1912651.0,-1386000.0,148892.0
2026-10-02,2441,376310.0,215000.0,68993.0
2026-10-02,2637,537495.0,66720.0,-1350.0
2026-10-02,2466,537807.0,-4000.0,17899.0
2026-10-02,3645,551431.0,0.0,-12364.0
2026-10-02,6442,365309.0,56000.0,116239.0
2026-10-02,3167,489781.0,65000.0,-29495.0
2026-10-02,5285,487383.0,0.0,33593.0
2026-10-02,3019,483336.0,0.0,31462.0
2026-10-02,1717,444975.0,0.0,64808.0
2026-10-02,3605,466755.0,79000.0,-41361.0
2026-10-02,3014,422795.0,65549.0,47.0
2026-10-02,2406,481714.0,-7000.0,8465.0
2026-10-02,6196,435844.0,0.0,-25759.0
2026-10-02,3044,321577.0,5000.0,76830.0
2026-10-02,6285,668196.0,-475234.0,178480.0
2026-10-02,6213,-179351.0,271000.0,261014.0
2026-10-02,3042,-398063.0,987000.0,-261384.0
2026-10-02,2426,389278.0,0.0,-61962.0
2026-10-02,5434,267781.0,7000.0,33478.0
2026-10-02,2891,-2254112.0,1149716.0,1387462.0
2026-10-02,6443,282532.0,0.0,-1042.0
2026-10-02,3665,286477.0,4000.0,-17823.0
2026-10-02,3701,298465.0,0.0,-26793.0
2026-10-02,6209,326210.0,0.0,-65058.0
2026-10-02,3055,231000.0,0.0,20000.0
2026-10-02,3583,209315.0,0.0,37229.0
2026-10-02,1560,86020.0,148000.0,4712.0
2026-10-02,2605,141740.0,0.0,57141.0
2026-10-02,6789,174029.0,1000.0,22686.0
2026-10-02,2302,195567.0,-1000.0,1922.0
2026-10-02,4956,195412.0,0.0,-119.0
2026-10-02,6691,181272.0,17000.0,-10551.0
2026-10-02,6168,218000.0,0.0,-31000.0
2026-10-02,2467,177000.0,0.0,3474.0
2026-10-02,4739,154818.0,0.0,25004.0
2026-10-02,2383,2087.0,131705.0,32920.0
2026-10-02,2421,84569.0,39000.0,37038.0
2026-10-02,2615,-53611.0,41411.0,170539.0
2026-10-02,1513,50821.0,7722.0,82440.0
2026-10-02,4967,151183.0,0.0,-15062.0
2026-10-02,2357,56330.0,-35580.0,108592.0
2026-10-02,6415,198056.0,-79230.0,9065.0
2026-10-02,6271,-26291.0,0.0,153564.0
2026-10-02,3563,117856.0,0.0,4247.0
2026-10-02,3661,75675.0,6000.0,31410.0
2026-10-02,2428,86956.0,-1000.0,23224.0
2026-10-02,6139,52488.0,37900.0,14067.0
2026-10-02,6515,98072.0,0.0,5548.0
2026-10-02,7711,137884.0,0.0,-34349.0
2026-10-02,2478,136253.0,-3000.0,-33444.0
2026-10-02,4566,57515.0,0.0,40000.0
2026-10-02,3533,92324.0,-3000.0,830.0
2026-10-02,2493,76383.0,-2000.0,9997.0
2026-10-02,1809,10694.0,0.0,72998.0
2026-10-02,4770,88000.0,0.0,-4402.0
2026-10-02,8033,84107.0,-3000.0,-2660.0
2026-10-02,2458,-59107.0,143805.0,-35546.0
2026-10-02,1476,650.0,38126.0,7760.0
2026-10-02,3023,-18488.0,30000.0,33839.0
2026-10-02,2351,46500.0,0.0,-1369.0
2026-10-02,2059,55.0,24500.0,14219.0
2026-10-02,6830,26174.0,0.0,7879.0
2026-10-02,6715,31263.0,0.0,-287.0
2026-10-02,7822,23479.0,0.0,5081.0
2026-10-02,7795,26114.0,17000.0,-19387.0
2026-10-02,6957,17450.0,0.0,1000.0
2026-10-02,6526,7599.0,22000.0,-14613.0
2026-10-02,6944,36178.0,0.0,-21228.0
2026-10-02,2451,-111297.0,117300.0,2951.0
2026-10-02,6197,-58805.0,40000.0,20643.0
2026-10-02,6451,-16809.0,0.0,14420.0
2026-10-02,3532,-13486.0,1000.0,-3452.0
2026-10-02,4961,-69892.0,44000.0,8981.0
2026-10-02,7750,-23936.0,0.0,1831.0
2026-10-02,1519,-97500.0,-157.0,74312.0
2026-10-02,1590,-11199.0,-12000.0,-4700.0
2026-10-02,6781,-28720.0,0.0,-206.0
2026-10-02,2404,169319.0,-106108.0,-92493.0
2026-10-02,3443,6606.0,-74854.0,26756.0
2026-10-02,2395,20413.0,-42500.0,-30119.0
2026-10-02,3008,-120105.0,1983.0,63642.0
2026-10-02,3715,-224045.0,0.0,152024.0
2026-10-02,6919,-65364.0,0.0,-8703.0
2026-10-02,7769,-57244.0,-34066.0,4953.0
2026-10-02,5269,-86221.0,8000.0,-9855.0
2026-10-02,6166,-94868.0,0.0,-1446.0
2026-10-02,8210,-7882.0,-117000.0,3108.0
2026-10-02,2316,-158541.0,-3000.0,38702.0
2026-10-02,7610,-137844.0,0.0,11848.0
2026-10-02,4977,-133635.0,0.0,2389.0
2026-10-02,6831,-122899.0,-384.0,-8132.0
2026-10-02,3406,-484464.0,319000.0,27619.0
2026-10-02,6861,-122910.0,0.0,-24563.0
2026-10-02,3653,-219182.0,63500.0,848.0
2026-10-02,6414,-158244.0,0.0,-8257.0
2026-10-02,5234,-171980.0,-2000.0,5960.0
2026-10-02,2474,-175182.0,-50328.0,49021.0
2026-10-02,8028,-230350.0,0.0,44305.0
2026-10-02,4576,-124508.0,-70000.0,-7272.0
2026-10-02,6472,-185858.0,0.0,-19258.0
2026-10-02,7799,-220729.0,0.0,3000.0
2026-10-02,2375,-166250.0,-3000.0,-48836.0
2026-10-02,6706,-220040.0,0.0,-12835.0
2026-10-02,3450,-1421895.0,1061000.0,119820.0
2026-10-02,3149,-260651.0,0.0,-625.0
2026-10-02,6446,-246960.0,-20000.0,4062.0
2026-10-02,6933,-261594.0,0.0,-4907.0
2026-10-02,4989,-277860.0,0.0,-4631.0
2026-10-02,2379,-399067.0,72228.0,42407.0
2026-10-02,3518,-313341.0,0.0,14000.0
2026-10-02,2345,-412823.0,114723.0,-25489.0
2026-10-02,3376,-302173.0,0.0,-23705.0
2026-10-02,4722,-429933.0,0.0,67254.0
2026-10-02,6805,511923.0,-889000.0,2931.0
2026-10-02,3702,-23208.0,-467000.0,99358.0
2026-10-02,8261,-443933.0,-2000.0,54836.0
2026-10-02,8996,-420665.0,-80043.0,42904.0
2026-10-02,4763,-290213.0,19000.0,-186617.0
2026-10-02,6533,-465296.0,0.0,-14925.0
2026-10-02,6449,-478000.0,0.0,-27606.0
2026-10-02,2020,-522175.0,0.0,-6000.0
2026-10-02,3017,-341979.0,-221034.0,28167.0
2026-10-02,8103,-544149.0,0.0,-13436.0
2026-10-02,4551,-666439.0,-2000.0,87227.0
2026-10-02,2363,-1157017.0,0.0,571826.0
2026-10-02,2368,-624682.0,-11191.0,43869.0
2026-10-02,3036,-559126.0,-231266.0,190953.0
2026-10-02,2049,-362235.0,-250000.0,-4434.0
2026-10-02,4906,-1057757.0,0.0,371969.0
2026-10-02,2610,-1831000.0,996000.0,142911.0
2026-10-02,6426,-747650.0,0.0,52069.0
2026-10-02,2484,-557873.0,-3000.0,-213752.0
2026-10-02,1597,-874534.0,0.0,-5027.0
2026-10-02,3034,-1178728.0,211017.0,46521.0
2026-10-02,6949,-774308.0,0.0,-181165.0
2026-10-02,2472,-1099101.0,9000.0,22552.0
2026-10-02,6155,-1134050.0,-2000.0,49876.0
2026-10-02,2486,-1103462.0,-48000.0,13931.0
2026-10-02,6669,-604228.0,-510319.0,-28554.0
2026-10-02,2912,-385574.0,-840000.0,-4942.0
2026-10-02,2454,-1471675.0,224681.0,-6001.0
2026-10-02,8039,-1389307.0,2000.0,25237.0
2026-10-02,3026,-1954302.0,457000.0,-11688.0
2026-10-02,3013,-1410977.0,0.0,-157417.0
2026-10-02,3717,-1553168.0,0.0,-28000.0
2026-10-02,2308,-1540936.0,-75639.0,21002.0
2026-10-02,8112,-1644036.0,-30000.0,23281.0
2026-10-02,2489,-1631203.0,19400.0,-218562.0
2026-10-02,3094,-1924807.0,0.0,-29673.0
2026-10-02,2498,-1967370.0,0.0,-133303.0
2026-10-02,4938,-2404760.0,-67357.0,254897.0
2026-10-02,2464,-2484864.0,0.0,146082.0
2026-10-02,2301,-2238098.0,-238426.0,134366.0
2026-10-02,4919,-3222885.0,-123.0,697674.0
2026-10-02,2382,-3708098.0,359882.0,263376.0
2026-10-02,3706,-3187269.0,-3000.0,22838.0
2026-10-02,2449,-2588097.0,-799000.0,94861.0
2026-10-02,2354,-3319645.0,0.0,-34564.0
2026-10-02,5871,-1891318.0,-1750099.0,11944.0
2026-10-02,2834,-4805080.0,0.0,-90454.0
2026-10-02,2330,-5913974.0,253678.0,316882.0
2026-10-02,2356,-5999455.0,-275561.0,337838.0
2026-10-02,2885,-9626470.0,1764355.0,842418.0
2026-10-02,2344,2135571.0,-10189141.0,931471.0
2026-10-02,2353,-4328960.0,143394.0,-3059553.0
2026-10-02,2481,-6363799.0,-1670000.0,209500.0
2026-10-02,6226,-9350741.0,-2000.0,-422004.0
2026-10-02,1101,-10867517.0,-35000.0,183601.0
2026-10-02,1216,-10074303.0,-2684000.0,769211.0
2026-10-02,2317,-15146584.0,223181.0,15709.0
2026-10-02,2887,-17253512.0,-3740558.0,1647190.0
2026-10-02,3231,-21168811.0,-1344988.0,417433.0
2026-10-02,2324,-23964875.0,9339.0,435429.0
2026-10-02,1569,488404.0,0.0,159507.0
2026-10-02,1595,-161000.0,0.0,5491.0
2026-10-02,1785,433825.0,8000.0,-4038.0
2026-10-02,1815,9453412.0,12000.0,154236.0
2026-10-02,2061,1175209.0,0.0,10556.0
2026-10-02,2221,195010.0,0.0,154000.0
2026-10-02,3081,-541482.0,97941.0,79335.0
2026-10-02,3105,7283390.0,-27000.0,984105.0
2026-10-02,3131,165232.0,36.0,11000.0
2026-10-02,3147,-188458.0,0.0,-25755.0
2026-10-02,3162,1263549.0,0.0,-749.0
2026-10-02,3163,583808.0,-158675.0,19452.0
2026-10-02,3211,-55990.0,256800.0,57666.0
2026-10-02,3221,-1378179.0,0.0,-118903.0
2026-10-02,3234,-805713.0,0.0,10252.0
2026-10-02,3236,-184000.0,0.0,68262.0
2026-10-02,3260,-1269955.0,78632.0,109364.0
2026-10-02,3264,-2062935.0,344000.0,40053.0
2026-10-02,3265,184493.0,0.0,95239.0
2026-10-02,3293,27690.0,-46000.0,-94246.0
2026-10-02,3317,-102703.0,0.0,-12689.0
2026-10-02,3324,-272601.0,-503293.0,13932.0
2026-10-02,3357,44138.0,0.0,-12593.0
2026-10-02,3362,-66089.0,0.0,1437.0
2026-10-02,3363,-118525.0,0.0,6947.0
2026-10-02,3374,59020.0,0.0,221987.0
2026-10-02,3441,-398247.0,0.0,-354582.0
2026-10-02,3455,-930412.0,495000.0,44426.0
2026-10-02,3490,-2342830.0,0.0,-15504.0
2026-10-02,3491,-7139.0,581.0,-37013.0
2026-10-02,3498,-608672.0,0.0,32925.0
2026-10-02,3529,-90497.0,-80724.0,3859.0
2026-10-02,3551,-677000.0,0.0,19121.0
2026-10-02,3615,-580361.0,0.0,247.0
2026-10-02,3624,-1737151.0,-350000.0,-59990.0
2026-10-02,3675,36379.0,0.0,-40970.0
2026-10-02,3680,90170.0,367.0,-9065.0
2026-10-02,3693,-127775.0,0.0,1675.0
2026-10-02,3707,7825305.0,0.0,220742.0
2026-10-02,4556,273437.0,0.0,250.0
2026-10-02,4749,19983.0,-94675.0,25698.0
2026-10-02,4768,-65635.0,0.0,6591.0
2026-10-02,4772,462559.0,0.0,75363.0
2026-10-02,4903,-459191.0,0.0,0.0
2026-10-02,4908,205347.0,0.0,46536.0
2026-10-02,4923,-1108878.0,0.0,0.0
2026-10-02,4931,-42355.0,0.0,117119.0
2026-10-02,4939,-572198.0,0.0,-4812.0
2026-10-02,4971,151911.0,0.0,43991.0
2026-10-02,4979,-106650.0,0.0,164200.0
2026-10-02,4991,780959.0,117000.0,115603.0
2026-10-02,5274,-2027.0,-13988.0,3512.0
2026-10-02,5289,-75818.0,-19800.0,-4853.0
2026-10-02,5309,3743664.0,-3000.0,283350.0
2026-10-02,5314,-3034566.0,0.0,-219864.0
2026-10-02,5328,-2557008.0,0.0,-111573.0
2026-10-02,5347,991958.0,310548.0,-70094.0
2026-10-02,5351,1424150.0,0.0,226696.0
2026-10-02,5425,2695298.0,0.0,930588.0
2026-10-02,5439,216000.0,0.0,-3643.0
2026-10-02,5443,620348.0,0.0,12322.0
2026-10-02,5475,532143.0,0.0,-10027.0
2026-10-02,5483,6280268.0,73629.0,-32436.0
2026-10-02,5536,-598141.0,130631.0,-29875.0
2026-10-02,5904,-1609435.0,266000.0,11141.0
2026-10-02,6127,-3936610.0,0.0,60837.0
2026-10-02,6147,-3535411.0,1350000.0,16505.0
2026-10-02,6173,1252763.0,0.0,17615.0
2026-10-02,6175,-951989.0,0.0,-6267.0
2026-10-02,6182,9134976.0,0.0,427578.0
2026-10-02,6187,525919.0,199228.0,9383.0
2026-10-02,6199,1532071.0,0.0,-24171.0
2026-10-02,6207,-2305013.0,0.0,39330.0
2026-10-02,6217,462380.0,0.0,1466.0
2026-10-02,6223,389180.0,-251004.0,27114.0
2026-10-02,6274,-1112967.0,150000.0,215199.0
2026-10-02,6290,-387915.0,0.0,56765.0
2026-10-02,6291,-69000.0,0.0,2377.0
2026-10-02,6432,64740.0,0.0,-9157.0
2026-10-02,6435,-90703.0,0.0,19721.0
2026-10-02,6488,-862867.0,105839.0,226556.0
2026-10-02,6510,84414.0,-100935.0,6159.0
2026-10-02,6530,-67358.0,0.0,231.0
2026-10-02,6532,-185522.0,0.0,-389.0
2026-10-02,6538,-112703.0,0.0,-26733.0
2026-10-02,6548,861651.0,173000.0,194394.0
2026-10-02,6620,-282637.0,0.0,36502.0
2026-10-02,6640,-41407.0,0.0,169.0
2026-10-02,6643,-102404.0,0.0,-16562.0
2026-10-02,6664,163917.0,2000.0,4678.0
2026-10-02,6683,-227920.0,-77000.0,-1630.0
2026-10-02,6693,-103991.0,0.0,-116173.0
2026-10-02,6727,198191.0,0.0,13377.0
2026-10-02,6739,34264.0,0.0,3954.0
2026-10-02,6907,285047.0,0.0,-3387.0
2026-10-02,7717,49782.0,0.0,-23389.0
2026-10-02,7734,24144.0,-28000.0,3240.0
2026-10-02,7751,38998.0,33000.0,-33082.0
2026-10-02,7792,3000.0,0.0,4000.0
2026-10-02,7828,-29050.0,0.0,700.0
2026-10-02,7856,-94176.0,32000.0,-1000.0
2026-10-02,8027,-643713.0,0.0,5377.0
2026-10-02,8040,-161134.0,0.0,-7354.0
2026-10-02,8042,-225179.0,0.0,105842.0
2026-10-02,8043,-318337.0,0.0,-10254.0
2026-10-02,8064,-265010.0,0.0,2681.0
2026-10-02,8069,-2933799.0,-13040.0,-39960.0
2026-10-02,8086,603677.0,0.0,120431.0
2026-10-02,8096,629250.0,0.0,17781.0
2026-10-02,8111,680989.0,0.0,418081.0
2026-10-02,8155,204615.0,0.0,23049.0
2026-10-02,8227,-103030.0,0.0,-9185.0
2026-10-02,8240,-338422.0,0.0,-23836.0
2026-10-02,8299,-434039.0,14892.0,-17015.0
2026-10-02,8358,517540.0,-10900.0,145304.0
2026-09-30,2367,1578636.0,0.0,145166.0
2026-09-30,4927,1146105.0,0.0,3000.0
2026-09-30,6949,1153455.0,0.0,-178238.0
2026-09-30,4989,793714.0,0.0,-14847.0
2026-09-30,2338,470010.0,0.0,-58082.0
2026-09-30,9933,23095.0,-15800.0,-15000.0
2026-09-30,3031,-37036.0,0.0,1000.0
2026-09-30,1711,-190399.0,0.0,44841.0
2026-09-30,5285,-206122.0,0.0,2700.0
2026-09-30,6226,-638470.0,-2000.0,0.0
2026-09-29,1711,1596808.0,0.0,61872.0
2026-09-29,6120,1232411.0,0.0,1643.0
2026-09-29,2338,204248.0,0.0,31457.0
2026-09-29,2367,224097.0,0.0,-5425.0
2026-09-29,2316,170344.0,0.0,36890.0
2026-09-29,6226,144010.0,0.0,19000.0
2026-09-29,4722,128033.0,0.0,23316.0
2026-09-29,5285,140711.0,0.0,1024.0
2026-09-29,2375,114047.0,0.0,-5409.0
2026-09-29,6472,118881.0,0.0,-11536.0
2026-09-29,4927,55155.0,0.0,0.0
2026-09-29,3701,52250.0,0.0,-26189.0
2026-09-29,3013,-46000.0,0.0,-316.0
2026-09-29,4989,-60699.0,0.0,2356.0
2026-09-29,2020,-78748.0,0.0,10922.0
2026-09-29,2428,-209598.0,-1000.0,-4988.0
2026-09-29,6449,-222264.0,0.0,-1501.0
2026-09-29,2478,-438884.0,0.0,11425.0
2026-09-29,6949,-597429.0,0.0,-58598.0
2026-09-29,9933,-996741.0,1000.0,68757.0
2026-09-29,1402,-1640379.0,4000.0,-45192.0
2026-09-24,1409,1326973.0,0.0,-193302.0
2026-09-24,1402,747234.0,113000.0,-6525.0
2026-09-24,2367,495201.0,0.0,-30240.0
2026-09-24,4927,262073.0,0.0,24000.0
2026-09-24,2478,315871.0,-29000.0,-7001.0
2026-09-24,2020,227000.0,0.0,-6000.0
2026-09-24,2316,86866.0,0.0,5933.0
2026-09-24,5285,28732.0,0.0,18.0
2026-09-24,4722,21035.0,0.0,-5567.0
2026-09-24,2428,27573.0,-17000.0,-1612.0
2026-09-24,3701,-21774.0,0.0,-2915.0
2026-09-24,4739,-27920.0,0.0,-146.0
2026-09-24,6282,-38360.0,0.0,7442.0
2026-09-24,5234,-33000.0,0.0,-3273.0
2026-09-24,4977,-22628.0,0.0,-15291.0
2026-09-24,6226,-39824.0,0.0,0.0
2026-09-24,6120,-40585.0,0.0,-1099.0
2026-09-24,5434,-41710.0,0.0,-9156.0
2026-09-24,4989,-50995.0,0.0,-15870.0
2026-09-24,3013,-83531.0,0.0,-2162.0
2026-09-24,1711,-20193.0,0.0,-68125.0
2026-09-24,6449,-95664.0,0.0,-1582.0
2026-09-24,6472,-47844.0,-1000.0,-75765.0
2026-09-24,9933,-147555.0,0.0,9870.0
2026-09-24,2375,-175276.0,0.0,-203.0
2026-09-24,2338,-450910.0,0.0,-2976.0
2026-09-24,6949,-620401.0,0.0,-99143.0
2026-09-23,2347,3188361.0,223000.0,3524.0
2026-09-23,1402,1264037.0,154000.0,165685.0
2026-09-23,2034,773054.0,0.0,10399.0
2026-09-23,4904,-361557.0,946000.0,153549.0
2026-09-23,1711,468786.0,0.0,715.0
2026-09-23,1513,324973.0,1000.0,17697.0
2026-09-23,6472,293574.0,-43000.0,83945.0
2026-09-23,2399,289015.0,0.0,-5459.0
2026-09-23,5876,-466903.0,390000.0,260147.0
2026-09-23,2338,221000.0,0.0,-57846.0
2026-09-23,2637,136944.0,2000.0,9672.0
2026-09-23,4739,122000.0,0.0,-338.0
2026-09-23,2606,-346401.0,447000.0,14435.0
2026-09-23,6155,99392.0,0.0,0.0
2026-09-23,2020,90000.0,0.0,0.0
2026-09-23,7788,166290.0,10.0,-93066.0
2026-09-23,4927,21216.0,0.0,41524.0
2026-09-23,4722,55606.0,0.0,-811.0
2026-09-23,4989,74005.0,0.0,-20500.0
2026-09-23,4977,66200.0,15.0,-13994.0
2026-09-23,2367,42042.0,0.0,-7434.0
2026-09-23,4961,29188.0,-1000.0,2945.0
2026-09-23,3701,27020.0,0.0,-997.0
2026-09-23,3013,19267.0,1022.0,5469.0
2026-09-23,6781,19553.0,0.0,1019.0
2026-09-23,3030,35031.0,0.0,-14675.0
2026-09-23,6957,6385.0,0.0,-4000.0
2026-09-23,4576,12850.0,0.0,-10786.0
2026-09-23,5234,-7990.0,0.0,4192.0
2026-09-23,5434,-14932.0,-4000.0,10391.0
2026-09-23,9933,-2769.0,1000.0,-11033.0
2026-09-23,2478,-4528.0,0.0,-22014.0
2026-09-23,1597,-49938.0,0.0,-2126.0
2026-09-23,4551,-48149.0,0.0,-4542.0
2026-09-23,2375,-53909.0,0.0,-2732.0
2026-09-23,6449,-55455.0,7.0,-5212.0
2026-09-23,5285,-111937.0,0.0,4624.0
2026-09-23,2428,-147000.0,0.0,-7732.0
2026-09-23,3583,-147044.0,0.0,-19538.0
2026-09-23,2340,-240970.0,0.0,63535.0
2026-09-23,8033,-219892.0,0.0,20.0
2026-09-23,6133,-240251.0,0.0,0.0
2026-09-23,6414,-262620.0,1000.0,-1549.0
2026-09-23,2371,-109275.0,0.0,-159573.0
2026-09-23,3031,-303923.0,0.0,2291.0
2026-09-23,3023,-313000.0,0.0,-9130.0
2026-09-23,6949,-335261.0,0.0,-53794.0
2026-09-23,6226,-574176.0,0.0,75000.0
2026-09-23,1409,-313422.0,2000.0,-194002.0
2026-09-23,3149,-548282.0,0.0,-76.0
2026-09-23,2634,-43190.0,2000.0,-509612.0
2026-09-23,2605,-527924.0,0.0,-33593.0
2026-09-23,2316,-531824.0,24.0,-60502.0
2026-09-23,3673,-837304.0,76.0,2222.0
2026-09-23,6120,-1043789.0,0.0,-1432.0
2026-09-23,4906,-1434925.0,0.0,-136018.0
2026-09-23,6282,-2168785.0,0.0,-86720.0
2026-09-23,1605,-3014526.0,7000.0,-49071.0
2026-09-22,1605,2231289.0,0.0,201162.0
2026-09-22,4906,2250100.0,0.0,168878.0
2026-09-22,5876,1488240.0,439000.0,265398.0
2026-09-22,4927,1286711.0,0.0,1959.0
2026-09-22,2338,938873.0,0.0,-34817.0
2026-09-22,3031,836465.0,0.0,-2498.0
2026-09-22,6133,809776.0,0.0,0.0
2026-09-22,6226,523700.0,0.0,92000.0
2026-09-22,2316,547150.0,0.0,43854.0
2026-09-22,4961,577280.0,0.0,-18288.0
2026-09-22,3673,511621.0,0.0,-36449.0
2026-09-22,1513,387526.0,0.0,20716.0
2026-09-22,5285,374105.0,0.0,12499.0
2026-09-22,2367,409609.0,0.0,-95317.0
2026-09-22,2375,308298.0,0.0,-14260.0
2026-09-22,2340,264847.0,0.0,22253.0
2026-09-22,4989,253991.0,0.0,-21592.0
2026-09-22,2347,75627.0,225000.0,-90003.0
2026-09-22,8033,209900.0,0.0,648.0
2026-09-22,4904,-147872.0,233711.0,93000.0
2026-09-22,4551,83604.0,92000.0,-1408.0
2026-09-22,2478,132165.0,0.0,28326.0
2026-09-22,2634,295300.0,-1000.0,-160100.0
2026-09-22,3030,103000.0,0.0,-2121.0
2026-09-22,2605,-3000.0,0.0,99001.0
2026-09-22,7788,136340.0,0.0,-41767.0
2026-09-22,6957,89404.0,0.0,-2100.0
2026-09-22,2637,78011.0,0.0,-68.0
2026-09-22,5234,22000.0,0.0,41974.0
2026-09-22,2020,46740.0,0.0,0.0
2026-09-22,3023,19174.0,-2000.0,3763.0
2026-09-22,6155,16243.0,0.0,2000.0
2026-09-22,3583,829.0,0.0,4743.0
2026-09-22,4722,8263.0,0.0,-7710.0
2026-09-22,6472,45825.0,-45000.0,-17923.0
2026-09-22,4576,-16000.0,0.0,-7719.0
2026-09-22,3013,-48598.0,0.0,5437.0
2026-09-22,5434,-26820.0,-8000.0,-14207.0
2026-09-22,6449,-53759.0,0.0,2404.0
2026-09-22,6414,-65285.0,0.0,2154.0
2026-09-22,6781,-82942.0,0.0,-13614.0
2026-09-22,3149,-127740.0,0.0,-111.0
2026-09-22,1597,-133051.0,0.0,-3872.0
2026-09-22,4739,-171590.0,0.0,-27615.0
2026-09-22,4977,-233664.0,0.0,-17850.0
2026-09-22,3701,-285000.0,0.0,3032.0
2026-09-22,2428,-284681.0,0.0,-7546.0
2026-09-22,1711,-290983.0,0.0,-17530.0
2026-09-22,2606,-295556.0,0.0,-28272.0
2026-09-22,9933,-406105.0,0.0,57000.0
2026-09-22,6282,-344700.0,0.0,-37174.0
2026-09-22,2034,-442946.0,0.0,-11258.0
2026-09-22,6949,-944454.0,0.0,-46935.0
2026-09-22,1402,-1607910.0,159144.0,1793.0
2026-09-22,6120,-1576697.0,0.0,-3668.0
2026-09-22,2399,-2205129.0,0.0,-23265.0
2026-09-22,2371,-2272199.0,0.0,-126988.0
2026-09-22,1409,-2699481.0,0.0,8756.0
2026-09-21,2371,8130762.0,-861.0,299722.0
2026-09-21,2399,3782389.0,0.0,74745.0
2026-09-21,1605,3076871.0,7000.0,165358.0
2026-09-21,2605,2376791.0,0.0,625549.0
2026-09-21,4906,1583130.0,0.0,93938.0
2026-09-21,6133,1132735.0,0.0,3232.0
2026-09-21,5876,654350.0,133000.0,90000.0
2026-09-21,3149,643596.0,0.0,3255.0
2026-09-21,2367,551118.0,0.0,92541.0
2026-09-21,1513,176389.0,394999.0,67743.0
2026-09-21,1409,614032.0,2000.0,-101280.0
2026-09-21,4904,247526.0,190678.0,23000.0
2026-09-21,2637,359947.0,5000.0,8159.0
2026-09-21,3701,348140.0,0.0,5052.0
2026-09-21,2606,341954.0,-59000.0,11335.0
2026-09-21,2340,224006.0,0.0,55019.0
2026-09-21,4989,289966.0,0.0,-15923.0
2026-09-21,4739,211211.0,0.0,11469.0
2026-09-21,6120,196408.0,0.0,-1431.0
2026-09-21,6957,184131.0,0.0,1100.0
2026-09-21,1711,163183.0,0.0,8330.0
2026-09-21,4722,157847.0,0.0,10967.0
2026-09-21,6226,-376100.0,0.0,543000.0
2026-09-21,6282,-109667.0,0.0,275468.0
2026-09-21,2034,147551.0,0.0,5567.0
2026-09-21,3013,149646.0,1000.0,264.0
2026-09-21,6155,91236.0,0.0,-2000.0
2026-09-21,2478,37038.0,0.0,-1373.0
2026-09-21,3030,9040.0,1000.0,8639.0
2026-09-21,5234,-22000.0,0.0,-3770.0
2026-09-21,1597,-27898.0,0.0,-1718.0
2026-09-21,2020,-39000.0,0.0,3000.0
2026-09-21,3583,-45010.0,0.0,-752.0
2026-09-21,6781,-51967.0,0.0,5474.0
2026-09-21,4961,-49621.0,0.0,-2001.0
2026-09-21,4551,-62260.0,0.0,-3227.0
2026-09-21,3023,-84088.0,-2000.0,1759.0
2026-09-21,6414,-117842.0,0.0,2547.0
2026-09-21,6449,-115423.0,0.0,-3198.0
2026-09-21,4977,-86913.0,0.0,-35434.0
2026-09-21,5434,-115310.0,-17000.0,-3246.0
2026-09-21,2316,-158950.0,0.0,12212.0
2026-09-21,3673,-307401.0,0.0,133596.0
2026-09-21,2428,-215000.0,0.0,6637.0
2026-09-21,7788,-219204.0,0.0,-16445.0
2026-09-21,8033,-239234.0,0.0,-516.0
2026-09-21,2375,-410874.0,0.0,1025.0
2026-09-21,6949,-339915.0,0.0,-76340.0
2026-09-21,2347,-485858.0,-31000.0,15258.0
2026-09-21,6472,-372638.0,-45000.0,-94577.0
2026-09-21,5285,-565252.0,0.0,3706.0
2026-09-21,3031,-642000.0,0.0,3496.0
2026-09-21,4576,-595000.0,0.0,-46556.0
2026-09-21,9933,-645162.0,1000.0,-3000.0
2026-09-21,2338,-862735.0,0.0,-246645.0
2026-09-21,2634,-1045890.0,3000.0,-106405.0
2026-09-21,1402,304274.0,-1313070.0,-200718.0
2026-09-21,4927,-1789199.0,0.0,53466.0
2026-09-18,6226,2494521.0,0.0,-901387.0
2026-09-18,2034,1501667.0,0.0,12485.0
2026-09-18,2340,1262155.0,0.0,143659.0
2026-09-18,6472,343592.0,398611.0,97271.0
2026-09-18,2634,858948.0,0.0,-129271.0
2026-09-18,2347,392052.0,39040.0,137640.0
2026-09-18,4927,503648.0,0.0,9000.0
2026-09-18,8033,524404.0,0.0,-19369.0
2026-09-18,2606,360695.0,10000.0,113622.0
2026-09-18,3149,478088.0,0.0,557.0
2026-09-18,1513,-36190.0,431918.0,79393.0
2026-09-18,4989,471104.0,0.0,-8193.0
2026-09-18,4576,294244.0,0.0,85166.0
2026-09-18,2478,367294.0,0.0,-11104.0
2026-09-18,6155,334247.0,0.0,-1000.0
2026-09-18,3023,363981.0,-54000.0,13074.0
2026-09-18,2637,586396.0,-316279.0,43973.0
2026-09-18,4961,328403.0,0.0,-20000.0
2026-09-18,5876,-471717.0,446862.0,319430.0
2026-09-18,4906,180316.0,0.0,71411.0
2026-09-18,2428,211440.0,0.0,9713.0
2026-09-18,2375,199466.0,0.0,5895.0
2026-09-18,4722,177786.0,0.0,-204.0
2026-09-18,4904,813191.0,-882567.0,236000.0
2026-09-18,2367,182266.0,0.0,-21503.0
2026-09-18,4977,121613.0,0.0,1976.0
2026-09-18,3701,73008.0,0.0,4075.0
2026-09-18,3583,49268.0,0.0,13772.0
2026-09-18,7788,7320.0,0.0,29395.0
2026-09-18,6133,11645.0,0.0,-196.0
2026-09-18,4551,6748.0,0.0,1227.0
2026-09-18,2020,-23805.0,0.0,10000.0
2026-09-18,6781,-40776.0,0.0,25181.0
2026-09-18,3030,-37119.0,-1000.0,13182.0
2026-09-18,6449,-34189.0,0.0,8951.0
2026-09-18,1597,-33114.0,0.0,1328.0
2026-09-18,5234,-60874.0,0.0,4122.0
2026-09-18,9933,-102878.0,0.0,36000.0
2026-09-18,1402,1456670.0,-1913390.0,382238.0
2026-09-18,6414,-59330.0,-25000.0,4247.0
2026-09-18,6957,-119000.0,0.0,0.0
2026-09-18,5434,-17564.0,-141000.0,5939.0
2026-09-18,6120,-224318.0,0.0,52600.0
2026-09-18,4739,-173000.0,0.0,659.0
2026-09-18,5285,-185709.0,0.0,7383.0
2026-09-18,2316,-204462.0,0.0,3676.0
2026-09-18,3013,-259138.0,0.0,-5879.0
2026-09-18,3673,-310680.0,0.0,-20785.0
2026-09-18,6949,-513269.0,209000.0,-53757.0
2026-09-18,1711,-530496.0,0.0,-2760.0
2026-09-18,6282,-589790.0,0.0,47127.0
2026-09-18,1409,-1334883.0,0.0,151855.0
2026-09-18,2338,-1185755.0,0.0,-20666.0
2026-09-18,2605,-2211083.0,0.0,788889.0
2026-09-18,3031,-1560765.0,0.0,-1063.0
2026-09-18,2399,-1597204.0,0.0,-13142.0
2026-09-18,1605,-5197241.0,-282327.0,242291.0
2026-09-18,2371,-7058976.0,-385000.0,-82622.0
2026-09-17,2371,13811002.0,22000.0,479325.0
2026-09-17,2605,6569328.0,0.0,824162.0
2026-09-17,1409,5640949.0,0.0,-184580.0
2026-09-17,6226,3463046.0,0.0,862285.0
2026-09-17,2399,4227424.0,0.0,36075.0
2026-09-17,1402,5452551.0,-1860000.0,100517.0
2026-09-17,6133,3139779.0,0.0,964.0
2026-09-17,5876,2123542.0,575000.0,170986.0
2026-09-17,1605,1331900.0,30000.0,286449.0
2026-09-17,1513,564241.0,420000.0,52258.0
2026-09-17,2034,956460.0,0.0,4103.0
2026-09-17,4904,581430.0,244000.0,74000.0
2026-09-17,5285,811994.0,0.0,43767.0
2026-09-17,4927,809800.0,0.0,0.0
2026-09-17,3031,634337.0,0.0,6791.0
2026-09-17,4906,607627.0,0.0,23456.0
2026-09-17,6120,571075.0,0.0,3000.0
2026-09-17,4961,546735.0,0.0,-10642.0
2026-09-17,6472,438539.0,0.0,18589.0
2026-09-17,1711,433617.0,0.0,9123.0
2026-09-17,2347,387200.0,24000.0,-18243.0
2026-09-17,6282,281686.0,10000.0,-43345.0
2026-09-17,8033,251824.0,0.0,-5781.0
2026-09-17,2606,-218115.0,324000.0,116165.0
2026-09-17,6957,233000.0,0.0,-24111.0
2026-09-17,2340,218169.0,0.0,-18764.0
2026-09-17,4739,143042.0,0.0,19087.0
2026-09-17,6155,130000.0,0.0,-3000.0
2026-09-17,3583,61422.0,0.0,7898.0
2026-09-17,3149,63666.0,0.0,-5927.0
2026-09-17,5234,26787.0,21000.0,1683.0
2026-09-17,3701,-40605.0,0.0,76325.0
2026-09-17,6414,25285.0,0.0,2816.0
2026-09-17,4722,35800.0,0.0,-8588.0
2026-09-17,2428,24267.0,0.0,602.0
2026-09-17,2020,23341.0,0.0,1000.0
2026-09-17,3673,474.0,0.0,16233.0
2026-09-17,4551,6500.0,0.0,5518.0
2026-09-17,4576,-64738.0,0.0,47332.0
2026-09-17,3013,-21972.0,0.0,-1.0
2026-09-17,7788,16298.0,0.0,-60710.0
2026-09-17,6781,-36335.0,-22.0,-12119.0
2026-09-17,3030,-57986.0,0.0,1586.0
2026-09-17,2375,-79043.0,0.0,-13739.0
2026-09-17,3023,-31131.0,-63000.0,-392.0
2026-09-17,2367,-97074.0,0.0,-6879.0
2026-09-17,1597,-96568.0,0.0,-11355.0
2026-09-17,6449,-123649.0,0.0,-1291.0
2026-09-17,2637,148901.0,-291000.0,-7634.0
2026-09-17,4989,-150070.0,0.0,-16863.0
2026-09-17,2478,-168000.0,0.0,641.0
2026-09-17,5434,-64372.0,-114000.0,-586.0
2026-09-17,6949,-71733.0,0.0,-143236.0
2026-09-17,9933,-281092.0,13700.0,13000.0
2026-09-17,2316,-310978.0,0.0,-24352.0
2026-09-17,2338,-39677.0,0.0,-315659.0
2026-09-17,2634,-786281.0,0.0,-225010.0
2026-09-17,4977,-1176304.0,0.0,-55816.0
2026-09-16,2634,1846225.0,43000.0,2547038.0
2026-09-16,2605,1675177.0,-44000.0,1576139.0
2026-09-16,2637,3167013.0,-271000.0,-3663.0
2026-09-16,2340,1371931.0,0.0,142903.0
2026-09-16,9933,1716290.0,-90600.0,-162723.0
2026-09-16,5876,210996.0,1043000.0,181369.0
2026-09-16,4977,1028665.0,0.0,109556.0
2026-09-16,1605,1560872.0,-174000.0,-288596.0
2026-09-16,3673,1000333.0,0.0,63730.0
2026-09-16,3149,989859.0,0.0,6753.0
2026-09-16,4927,774431.0,0.0,40585.0
2026-09-16,6133,776200.0,0.0,4000.0
2026-09-16,4906,744782.0,0.0,2079.0
2026-09-16,4961,524975.0,0.0,13458.0
2026-09-16,8033,485253.0,0.0,5751.0
2026-09-16,4989,510523.0,0.0,-28637.0
2026-09-16,6282,648756.0,-57000.0,-121483.0
2026-09-16,2399,414535.0,0.0,-2388.0
2026-09-16,2606,-421700.0,743000.0,-10180.0
2026-09-16,3031,239000.0,0.0,0.0
2026-09-16,2375,197948.0,0.0,13359.0
2026-09-16,2347,593648.0,-506207.0,111056.0
2026-09-16,3701,192157.0,0.0,1923.0
2026-09-16,1513,184964.0,-16000.0,19418.0
2026-09-16,2478,176157.0,0.0,2729.0
2026-09-16,3023,126136.0,20000.0,14199.0
2026-09-16,2316,140412.0,0.0,12491.0
2026-09-16,1711,155014.0,0.0,-2535.0
2026-09-16,6957,138227.0,0.0,-9000.0
2026-09-16,5434,197085.0,-94000.0,1490.0
2026-09-16,2371,136612.0,-130000.0,89000.0
2026-09-16,6449,72328.0,0.0,19387.0
2026-09-16,6472,86045.0,0.0,-938.0
2026-09-16,4722,68533.0,7000.0,2387.0
2026-09-16,3013,53859.0,2000.0,1999.0
2026-09-16,2034,55723.0,0.0,170.0
2026-09-16,6120,39823.0,0.0,-6523.0
2026-09-16,3030,23836.0,1300.0,1057.0
2026-09-16,6155,22410.0,0.0,1000.0
2026-09-16,1597,3780.0,0.0,15137.0
2026-09-16,3583,84567.0,-73000.0,983.0
2026-09-16,6781,10102.0,1000.0,-1527.0
2026-09-16,5234,8000.0,-12000.0,-1196.0
2026-09-16,7788,-104126.0,0.0,86703.0
2026-09-16,2367,147000.0,0.0,-168280.0
2026-09-16,4551,-24350.0,0.0,-6249.0
2026-09-16,2020,-31000.0,0.0,0.0
2026-09-16,4739,-36000.0,0.0,604.0
2026-09-16,4904,-701209.0,464000.0,157589.0
2026-09-16,5285,-141524.0,0.0,-22005.0
2026-09-16,2428,-156104.0,0.0,-13871.0
2026-09-16,4576,-220921.0,0.0,-6365.0
2026-09-16,6414,-233217.0,6000.0,-28215.0
2026-09-16,2338,-619811.0,0.0,354143.0
2026-09-16,6226,-248000.0,0.0,-18584.0
2026-09-16,6949,-304842.0,0.0,-226828.0
2026-09-16,1409,-1221507.0,-22000.0,319383.0
2026-09-16,1402,-2893473.0,-2984596.0,-330403.0
2026-09-15,6226,4727975.0,0.0,58166.0
2026-09-15,5876,1222179.0,647000.0,133561.0
2026-09-15,9933,1371249.0,-89000.0,-53097.0
2026-09-15,4904,1246799.0,-137000.0,64795.0
2026-09-15,2371,1101219.0,0.0,50876.0
2026-09-15,4977,512292.0,0.0,-71123.0
2026-09-15,4576,332215.0,0.0,39914.0
2026-09-15,2034,293777.0,0.0,42035.0
2026-09-15,4961,270486.0,0.0,31353.0
2026-09-15,2428,192446.0,0.0,11516.0
2026-09-15,1597,153817.0,0.0,-13455.0
2026-09-15,6472,78748.0,18000.0,25436.0
2026-09-15,2478,135100.0,0.0,-15587.0
2026-09-15,2316,75950.0,0.0,11418.0
2026-09-15,2347,-1077766.0,1163300.0,1303.0
2026-09-15,2367,116550.0,0.0,-30882.0
2026-09-15,5434,-51853.0,91000.0,7033.0
2026-09-15,6155,35165.0,0.0,0.0
2026-09-15,3023,-272586.0,289000.0,8467.0
2026-09-15,3030,-924.0,12000.0,-8421.0
2026-09-15,6957,-5000.0,0.0,0.0
2026-09-15,2375,-4000.0,0.0,-19887.0
2026-09-15,2020,-29638.0,0.0,4000.0
2026-09-15,3031,-34100.0,0.0,2990.0
2026-09-15,4551,-26040.0,0.0,-9251.0
2026-09-15,3013,-32339.0,13000.0,-17180.0
2026-09-15,5234,-18000.0,-15000.0,-5851.0
2026-09-15,6414,-93033.0,35000.0,8657.0
2026-09-15,2606,-317229.0,388000.0,-132105.0
2026-09-15,4927,-85035.0,0.0,3591.0
2026-09-15,4739,-80000.0,0.0,-16917.0
2026-09-15,6781,-95617.0,7000.0,-9461.0
2026-09-15,6449,606022.0,-718000.0,-1740.0
2026-09-15,3701,-128816.0,0.0,-2.0
2026-09-15,6949,-139805.0,0.0,8075.0
2026-09-15,5285,-140755.0,0.0,3680.0
2026-09-15,2634,-30941.0,74000.0,-208039.0
2026-09-15,3583,-97407.0,-47000.0,-34567.0
2026-09-15,4722,-243000.0,-16000.0,115.0
2026-09-15,4989,-276000.0,0.0,-4817.0
2026-09-15,7788,-280395.0,0.0,-39220.0
2026-09-15,1513,-330048.0,23000.0,-23003.0
2026-09-15,1711,-288896.0,0.0,-47162.0
2026-09-15,8033,-366724.0,0.0,1062.0
2026-09-15,6120,-403907.0,0.0,32300.0
2026-09-15,4906,-387457.0,0.0,-16387.0
2026-09-15,2340,-368800.0,0.0,-80261.0
2026-09-15,2637,-1114492.0,636000.0,-89185.0
2026-09-15,6133,-630000.0,0.0,2000.0
2026-09-15,3673,-594114.0,0.0,-69679.0
2026-09-15,3149,-723378.0,0.0,-48373.0
2026-09-15,2399,-797109.0,0.0,4691.0
2026-09-15,6282,-911041.0,0.0,32481.0
2026-09-15,2605,-699992.0,-112000.0,-572389.0
2026-09-15,2338,-1563900.0,0.0,1434.0
2026-09-15,1605,-2718389.0,-1000.0,-217910.0
2026-09-15,1409,-2649292.0,-166000.0,-136971.0
2026-09-15,1402,-865179.0,-2387025.0,58858.0
2026-09-14,5876,3123390.0,-219000.0,110779.0
2026-09-14,6226,2114120.0,0.0,-70476.0
2026-09-14,4904,1106160.0,34000.0,-12253.0
2026-09-14,2347,658522.0,162300.0,39833.0
2026-09-14,4961,587851.0,0.0,86430.0
2026-09-14,1409,921192.0,0.0,-278142.0
2026-09-14,5285,593430.0,0.0,-2275.0
2026-09-14,2371,676197.0,116000.0,-215007.0
2026-09-14,3673,334823.0,0.0,125884.0
2026-09-14,2375,438296.0,0.0,16951.0
2026-09-14,4927,428129.0,0.0,1284.0
2026-09-14,2637,-589939.0,1026000.0,-14090.0
2026-09-14,2606,429359.0,0.0,-130371.0
2026-09-14,6282,263500.0,51000.0,-71610.0
2026-09-14,7788,185165.0,0.0,21080.0
2026-09-14,2478,127001.0,0.0,78012.0
2026-09-14,2399,183186.0,0.0,-6903.0
2026-09-14,3031,163120.0,0.0,0.0
2026-09-14,2367,161357.0,0.0,-8387.0
2026-09-14,6155,149123.0,0.0,1000.0
2026-09-14,3030,109000.0,0.0,-18237.0
2026-09-14,6414,66380.0,15000.0,-1073.0
2026-09-14,6133,71592.0,0.0,8000.0
2026-09-14,3023,49817.0,-3000.0,-313.0
2026-09-14,2034,34276.0,0.0,-2.0
2026-09-14,2316,32200.0,0.0,-4827.0
2026-09-14,3701,19000.0,0.0,760.0
2026-09-14,2428,3547.0,0.0,14601.0
2026-09-14,4551,12814.0,0.0,2205.0
2026-09-14,6472,4233.0,0.0,2225.0
2026-09-14,6957,8000.0,0.0,-4000.0
2026-09-14,4989,22400.0,0.0,-31429.0
2026-09-14,5434,-28032.0,3000.0,9112.0
2026-09-14,6781,-22714.0,0.0,5227.0
2026-09-14,4722,-14930.0,0.0,-5561.0
2026-09-14,4739,-33000.0,0.0,5728.0
2026-09-14,5234,-25000.0,4000.0,-6922.0
2026-09-14,1513,-54160.0,0.0,21341.0
2026-09-14,6449,452302.0,-500000.0,-2313.0
2026-09-14,2020,-104999.0,0.0,48000.0
2026-09-14,6120,-76684.0,0.0,12095.0
2026-09-14,2340,-117587.0,0.0,-9441.0
2026-09-14,3013,-150081.0,0.0,-10094.0
2026-09-14,3583,-75530.0,-72000.0,-23741.0
2026-09-14,4977,-133674.0,0.0,-40320.0
2026-09-14,6949,-107878.0,0.0,-66643.0
2026-09-14,4906,-203207.0,0.0,-33392.0
2026-09-14,1711,-271466.0,0.0,-11960.0
2026-09-14,9933,-323177.0,-71200.0,1722.0
2026-09-14,8033,-529942.0,0.0,-147.0
2026-09-14,1597,-560476.0,0.0,-21156.0
2026-09-14,4576,-562673.0,81000.0,-120813.0
2026-09-14,2338,-1005935.0,0.0,256088.0
2026-09-14,1605,-741763.0,157000.0,-376345.0
2026-09-14,3149,-997434.0,0.0,-33965.0
2026-09-14,2634,-1149580.0,0.0,-400007.0
2026-09-14,2605,-2425291.0,0.0,-185443.0
2026-09-14,1402,-310772.0,-2836025.0,-233950.0
2026-09-11,5876,3596643.0,610000.0,39959.0
2026-09-11,2605,4068350.0,0.0,64909.0
2026-09-11,9933,2383605.0,118400.0,-290313.0
2026-09-11,2637,157919.0,1886000.0,-9322.0
2026-09-11,1402,3878055.0,-1912646.0,-46781.0
2026-09-11,1605,1556977.0,263466.0,-381433.0
2026-09-11,4904,1323304.0,-4184.0,9326.0
2026-09-11,3149,1069356.0,0.0,-69159.0
2026-09-11,2371,580447.0,197000.0,-98046.0
2026-09-11,1711,666855.0,0.0,-73221.0
2026-09-11,2347,-202618.0,752300.0,2843.0
2026-09-11,2367,616827.0,0.0,-72291.0
2026-09-11,4576,386852.0,0.0,120959.0
2026-09-11,2428,464738.0,0.0,9515.0
2026-09-11,6120,318021.0,0.0,-3300.0
2026-09-11,1513,340721.0,0.0,-47279.0
2026-09-11,4961,277579.0,0.0,-9982.0
2026-09-11,4906,251400.0,0.0,-70699.0
2026-09-11,4739,99675.0,0.0,-9565.0
2026-09-11,1597,81135.0,0.0,779.0
2026-09-11,3031,74721.0,0.0,0.0
2026-09-11,3023,43068.0,22000.0,3068.0
2026-09-11,4551,17271.0,0.0,18910.0
2026-09-11,6957,32377.0,0.0,-4692.0
2026-09-11,5285,13799.0,0.0,-190.0
2026-09-11,6781,26406.0,0.0,-13282.0
2026-09-11,6414,18046.0,0.0,-7958.0
2026-09-11,4927,-527.0,0.0,163.0
2026-09-11,3701,-5000.0,0.0,-12106.0
2026-09-11,2020,-37319.0,0.0,15000.0
2026-09-11,4722,-61077.0,0.0,11229.0
2026-09-11,5234,-24617.0,7000.0,-37159.0
2026-09-11,3673,-44501.0,0.0,-30196.0
2026-09-11,2340,4510.0,0.0,-82376.0
2026-09-11,3583,-61806.0,-37000.0,14143.0
2026-09-11,3030,-77000.0,0.0,-14825.0
2026-09-11,5434,-148468.0,64000.0,-7733.0
2026-09-11,2034,-136266.0,0.0,-10000.0
2026-09-11,6472,-157218.0,0.0,-22012.0
2026-09-11,2399,-172633.0,0.0,-9373.0
2026-09-11,6133,-228000.0,0.0,-2000.0
2026-09-11,3013,-222809.0,0.0,-10244.0
2026-09-11,6155,-249933.0,0.0,5000.0
2026-09-11,2316,-310751.0,0.0,-4789.0
2026-09-11,4977,-358657.0,0.0,-11121.0
2026-09-11,2375,-386949.0,0.0,-3767.0
2026-09-11,2478,-345905.0,0.0,-69964.0
2026-09-11,7788,-362695.0,0.0,-65170.0
2026-09-11,6282,-572850.0,85000.0,10025.0
2026-09-11,6449,-57545.0,-500000.0,-11809.0
2026-09-11,4989,-706858.0,0.0,-39893.0
2026-09-11,2606,-736000.0,0.0,-97866.0
2026-09-11,6949,-1008518.0,0.0,-1031.0
2026-09-11,8033,-1029656.0,0.0,8683.0
2026-09-11,2338,-1533109.0,0.0,32164.0
2026-09-11,2634,-2756372.0,0.0,-170295.0
2026-09-11,1409,-4170000.0,0.0,-143951.0
2026-09-11,6226,-5681091.0,0.0,-28037.0
2026-09-11,1595,11679,0,-148
2026-09-14,1595,14000,0,-1953
2026-09-15,1595,-30446,0,1859
2026-09-16,1595,18000,0,701
2026-09-17,1595,-32000,0,-3292
2026-09-18,1595,95080,0,3084
2026-09-21,1595,26000,0,1866
2026-09-22,1595,221000,0,73987
2026-09-23,1595,-622970,0,11465
2026-09-24,1595,-111960,0,-7152
2026-09-29,1595,-170732,0,38317
2026-09-11,2061,-61792,0,4635
2026-09-14,2061,-127418,0,1985
2026-09-15,2061,-26216,0,-4039
2026-09-16,2061,620368,0,-2703
2026-09-17,2061,-121622,0,621
2026-09-18,2061,-206359,0,264
2026-09-21,2061,360514,0,-440
2026-09-22,2061,-115763,0,-1127
2026-09-23,2061,-22717,0,132
2026-09-24,2061,-276941,0,5606
2026-09-29,2061,786431,0,16860
2026-09-30,2061,-321304,0,-12685
2026-10-01,2061,125033,0,8154
2026-09-11,3162,-121901,0,-7409
2026-09-14,3162,297087,0,5334
2026-09-15,3162,-1164705,0,-50760
2026-09-16,3162,522466,0,126340
2026-09-17,3162,83107,0,-3535
2026-09-18,3162,727257,0,15379
2026-09-21,3162,-112489,0,-3881
2026-09-22,3162,-229004,0,3960
2026-09-23,3162,45138,0,-882
2026-09-24,3162,24271,0,-169
2026-09-11,3221,-83552,0,-95652
2026-09-14,3221,144000,0,208
2026-09-15,3221,210108,0,-10625
2026-09-16,3221,296232,0,4664
2026-09-17,3221,198150,0,-5565
2026-09-18,3221,191480,0,-1662
2026-09-21,3221,750270,0,12601
2026-09-22,3221,-216665,0,81614
2026-09-23,3221,612391,0,12081
2026-09-24,3221,-550540,0,-18687
2026-09-29,3221,985941,0,53602
2026-09-30,3221,-205137,0,-8310
2026-09-11,3236,-663000,0,-14084
2026-09-14,3236,259021,0,-2926
2026-09-15,3236,130681,0,4096
2026-09-16,3236,152750,0,6257
2026-09-17,3236,-53980,0,-9422
2026-09-18,3236,295100,0,7484
2026-09-21,3236,124699,0,2627
2026-09-22,3236,-402950,0,-409
2026-09-23,3236,157069,0,4839
2026-09-24,3236,359051,0,4661
2026-09-29,3236,6871,0,3651
2026-09-30,3236,15755,0,16944
2026-09-11,3265,-161110,0,-103889
2026-09-14,3265,4385,0,-48736
2026-09-15,3265,-42900,0,-1456
2026-09-16,3265,-53000,0,-20182
2026-09-17,3265,450007,0,22557
2026-09-18,3265,1335821,0,66303
2026-09-21,3265,268797,0,-39827
2026-09-22,3265,1762431,0,226865
2026-09-23,3265,-824980,0,-130891
2026-09-24,3265,7851,-24000,19588
2026-09-29,3265,-230181,0,-61785
2026-09-11,3357,-32631,0,-12335
2026-09-14,3357,223593,0,-6832
2026-09-15,3357,93452,0,-3558
2026-09-16,3357,-17058,0,-7909
2026-09-17,3357,56703,0,-2913
2026-09-18,3357,258190,0,10949
2026-09-21,3357,-11560,0,16555
2026-09-22,3357,-271620,0,-17047
2026-09-23,3357,-31659,0,-3587
2026-09-24,3357,219303,-262000,-1467
2026-09-29,3357,-15997,0,-19250
2026-09-30,3357,100710,-1000,-11466
2026-09-11,3362,-187203,0,23920
2026-09-14,3362,261392,0,-16899
2026-09-15,3362,-209150,0,-3178
2026-09-16,3362,-257746,0,-593
2026-09-17,3362,-56154,0,3118
2026-09-18,3362,-7544,0,1526
2026-09-21,3362,-79077,0,-4235
2026-09-22,3362,-48791,0,-3834
2026-09-23,3362,96000,0,-2184
2026-09-24,3362,210005,0,2128
2026-09-29,3362,83156,0,-24032
2026-09-30,3362,90573,0,-323
2026-09-11,3441,-338674,0,64388
2026-09-14,3441,278313,0,-40986
2026-09-15,3441,-618777,0,104
2026-09-16,3441,68000,0,46123
2026-09-17,3441,-113850,0,-57977
2026-09-18,3441,69950,0,92000
2026-09-21,3441,26011,0,154000
2026-09-22,3441,195000,0,62946
2026-09-23,3441,15000,0,6000
2026-09-24,3441,49100,0,-2000
2026-09-29,3441,-99000,0,1000
2026-09-30,3441,-66991,0,-29234
2026-09-11,3490,-290119,0,-142
2026-09-14,3490,-436562,0,374
2026-09-15,3490,-1429871,0,195
2026-09-16,3490,764644,0,-54
2026-09-17,3490,60228,0,-329
2026-09-18,3490,-480523,0,167
2026-09-21,3490,698932,0,-424
2026-09-22,3490,-221216,0,353
2026-09-23,3490,-756000,0,-223
2026-09-24,3490,699300,0,112
2026-09-29,3490,30066,0,-288
2026-09-30,3490,-395000,0,0
2026-09-11,3551,-187953,0,-16810
2026-09-14,3551,-7000,0,-2479
2026-09-15,3551,-28000,0,2017
2026-09-16,3551,7000,0,-193
2026-09-17,3551,83041,0,-3279
2026-09-18,3551,208153,0,14152
2026-09-21,3551,-828000,0,-3631
2026-09-22,3551,-126000,0,-1430
2026-09-23,3551,-121000,0,5596
2026-09-24,3551,26000,0,-1987
2026-09-29,3551,400105,0,14031
2026-09-30,3551,-49462,0,-935
2026-10-01,3551,294140,0,22514
2026-09-11,3615,77915,0,346
2026-09-14,3615,24003,0,460
2026-09-15,3615,-72000,0,-777
2026-09-16,3615,134101,0,732
2026-09-17,3615,-35030,0,-573
2026-09-18,3615,-104961,0,-9085
2026-09-21,3615,36531,0,604
2026-09-22,3615,59991,0,-150
2026-09-23,3615,-273591,0,-385
2026-09-24,3615,-226706,0,-311
2026-09-29,3615,657461,0,5829
2026-09-30,3615,-339000,0,23285
2026-09-11,4556,-51087,0,-15319
2026-09-14,4556,100250,0,-595
2026-09-15,4556,-57850,0,-2876
2026-09-16,4556,-158985,0,87
2026-09-17,4556,-41850,0,-487
2026-09-18,4556,-83489,0,20
2026-09-21,4556,401940,0,736
2026-09-22,4556,-223781,0,1019
2026-09-23,4556,208000,0,2537
2026-09-24,4556,-150030,0,-1869
2026-09-29,4556,-42000,0,117
2026-09-30,4556,56926,0,6387
2026-09-11,4768,-145000,0,-8483
2026-09-14,4768,31088,0,8888
2026-09-15,4768,-104000,0,-10874
2026-09-16,4768,194178,0,18303
2026-09-17,4768,-10323,0,4030
2026-09-18,4768,58220,0,-2386
2026-09-21,4768,-2177,0,-19412
2026-09-22,4768,-107421,0,-19370
2026-09-23,4768,183246,0,47364
2026-09-24,4768,-222956,0,-36666
2026-09-11,4772,-169000,0,-19197
2026-09-14,4772,-87000,0,2558
2026-09-15,4772,-78615,0,-1599
2026-09-16,4772,18089,0,-4822
2026-09-17,4772,55560,0,-858
2026-09-18,4772,105000,0,1169
2026-09-21,4772,-60980,0,1261
2026-09-22,4772,41000,0,-2242
2026-09-23,4772,37075,0,-1364
2026-09-24,4772,81000,0,1290
2026-09-11,4903,-190000,0,0
2026-09-14,4903,218000,0,0
2026-09-15,4903,-189974,0,0
2026-09-16,4903,-31955,0,0
2026-09-17,4903,-31000,0,0
2026-09-18,4903,441000,0,0
2026-09-21,4903,654000,0,0
2026-09-22,4903,915530,0,0
2026-09-23,4903,-990505,0,0
2026-09-24,4903,201082,0,0
2026-09-11,4923,-57416,0,-38640
2026-09-14,4923,48525,0,-26444
2026-09-15,4923,41004,0,-4669
2026-09-16,4923,43405,0,-1250
2026-09-17,4923,184559,0,2244
2026-09-18,4923,531128,0,123
2026-09-21,4923,28786,0,-346
2026-09-22,4923,17316,0,738
2026-09-23,4923,78525,0,-625
2026-09-24,4923,-526817,0,1889
2026-09-29,4923,116116,0,1221
2026-09-30,4923,39000,0,0
2026-10-01,4923,-110255,0,647
2026-09-11,5309,-30960,42000,-7193
2026-09-14,5309,169000,24000,-24199
2026-09-15,5309,-45000,0,-10506
2026-09-16,5309,211470,-27000,24772
2026-09-17,5309,179000,4000,-4774
2026-09-18,5309,285262,0,15353
2026-09-21,5309,114000,0,2550
2026-09-22,5309,-36688,0,-1
2026-09-23,5309,7185,0,-10432
2026-09-24,5309,463350,0,39133
2026-09-11,5314,7045506,0,-375013
2026-09-14,5314,-1968476,0,-639143
2026-09-15,5314,197650,0,-1018000
2026-09-16,5314,175238,0,-42997
2026-09-17,5314,-2185334,0,-43579
2026-09-18,5314,-12070323,-14000,1449923
2026-09-21,5314,-8859171,0,-701209
2026-09-22,5314,2487495,0,-556561
2026-09-23,5314,-629901,0,-145254
2026-09-24,5314,-1487048,0,1863
2026-09-29,5314,-145083,0,372000
2026-09-30,5314,219705,0,79131
2026-09-11,5328,-158360,0,7341
2026-09-14,5328,-38300,0,-88098
2026-09-15,5328,265326,0,-130109
2026-09-16,5328,800542,0,1669
2026-09-17,5328,-115000,0,-1349
2026-09-18,5328,454027,0,1989
2026-09-21,5328,-492931,0,-882
2026-09-22,5328,204669,0,-14830
2026-09-23,5328,216433,0,-3170
2026-09-24,5328,219003,0,-25
2026-09-29,5328,25210,0,-17667
2026-09-30,5328,488016,0,-1292
2026-09-11,5439,361300,0,-31455
2026-09-14,5439,161136,0,-19617
2026-09-15,5439,-317745,0,-14013
2026-09-16,5439,142236,0,29821
2026-09-17,5439,-377895,0,-21781
2026-09-18,5439,332376,0,-28850
2026-09-21,5439,-128970,0,17546
2026-09-22,5439,288969,119000,90375
2026-09-23,5439,-231235,85000,-25699
2026-09-24,5439,-141362,0,-710
2026-09-29,5439,45378,0,-14769
2026-09-11,5443,127050,0,-34093
2026-09-14,5443,-247000,0,-3560
2026-09-15,5443,-56543,0,-28932
2026-09-16,5443,9215,0,-2654
2026-09-17,5443,367704,0,31527
2026-09-18,5443,-283872,0,-1709
2026-09-21,5443,-120799,0,-13672
2026-09-22,5443,-308593,0,-33193
2026-09-23,5443,-554000,0,-4107
2026-09-24,5443,156138,0,11502
2026-09-29,5443,695477,0,11890
2026-09-11,6127,-806172,0,-9310
2026-09-14,6127,-46186,0,-11080
2026-09-15,6127,-44654,0,-13140
2026-09-16,6127,543772,0,287
2026-09-17,6127,42204,0,-1351
2026-09-18,6127,318220,0,-1786
2026-09-21,6127,501760,0,138
2026-09-22,6127,-254987,0,1742
2026-09-23,6127,41789,0,-1291
2026-09-24,6127,30379,0,18912
2026-09-11,6175,-27966,0,-4555
2026-09-14,6175,115378,0,-4971
2026-09-15,6175,39000,0,0
2026-09-16,6175,79323,0,2
2026-09-17,6175,56000,0,-1702
2026-09-18,6175,228068,0,2940
2026-09-21,6175,256000,0,32420
2026-09-22,6175,-140720,0,-11846
2026-09-23,6175,-118814,0,5505
2026-09-24,6175,33200,0,-4999
2026-09-29,6175,-11920,0,4000
2026-09-30,6175,256375,0,3000
2026-09-11,6432,-10785,0,-3615
2026-09-14,6432,121289,0,-22548
2026-09-15,6432,7000,0,-341
2026-09-16,6432,31442,0,241
2026-09-17,6432,8721,0,-275
2026-09-18,6432,294000,0,512
2026-09-21,6432,-131888,0,-159
2026-09-22,6432,-432860,0,-505
2026-09-23,6432,-119000,0,409
2026-09-24,6432,-56000,0,-26429
2026-09-29,6432,-970,0,-65
2026-09-30,6432,250051,0,97
2026-10-01,6432,-186886,0,10828
2026-09-11,6435,2446,0,-4314
2026-09-14,6435,123117,0,14125
2026-09-15,6435,-24848,0,-9616
2026-09-16,6435,112176,0,9750
2026-09-17,6435,-17004,0,-7066
2026-09-18,6435,62647,0,3404
2026-09-21,6435,626,0,-903
2026-09-22,6435,114381,0,4911
2026-09-23,6435,10209,0,6074
2026-09-24,6435,-11000,0,1764
2026-09-29,6435,5169,0,-5572
2026-09-30,6435,-18880,0,-344
2026-10-01,6435,143754,0,14721
2026-09-11,6530,-52770,0,769
2026-09-14,6530,13165,0,-56
2026-09-15,6530,85022,0,-931
2026-09-16,6530,320299,0,809
2026-09-17,6530,269686,0,-222
2026-09-18,6530,-325248,0,292
2026-09-21,6530,19199,0,-829
2026-09-22,6530,19485,0,645
2026-09-23,6530,-95834,0,-386
2026-09-24,6530,7542,0,97
2026-09-29,6530,-21705,0,-91
2026-09-11,6532,106560,0,1090
2026-09-14,6532,-23780,0,1076
2026-09-15,6532,-124761,0,-57
2026-09-16,6532,41892,0,4
2026-09-17,6532,100220,0,52724
2026-09-18,6532,338399,0,-3042
2026-09-21,6532,218063,0,-2007
2026-09-22,6532,-91532,0,-1358
2026-09-23,6532,-78155,0,-1
2026-09-24,6532,69726,0,-33620
2026-09-29,6532,753000,0,-158
2026-09-30,6532,276440,0,22983
2026-09-11,6548,245010,-3000,-26551
2026-09-14,6548,1005498,-155000,30782
2026-09-15,6548,282864,-14000,-1254
2026-09-16,6548,-431083,-8000,-9271
2026-09-17,6548,1110700,-2000,19213
2026-09-18,6548,1356434,-8000,108772
2026-09-21,6548,-1643471,-12000,-109696
2026-09-22,6548,335321,0,189
2026-09-23,6548,-388063,0,66376
2026-09-24,6548,-63687,-4000,-112722
2026-09-29,6548,310000,-6000,15414
2026-09-30,6548,65116,-3000,19000
2026-10-01,6548,1008400,-1855000,49690
2026-09-11,6664,-17800,0,-19835
2026-09-14,6664,-61385,3000,-4573
2026-09-15,6664,12693,0,-9016
2026-09-16,6664,18230,0,-3030
2026-09-17,6664,-27960,0,-873
2026-09-18,6664,63174,0,825
2026-09-21,6664,36000,0,-1105
2026-09-22,6664,61000,0,1179
2026-09-23,6664,9398,2000,-1563
2026-09-24,6664,103368,0,8648
2026-09-29,6664,208204,0,34274
2026-09-11,6739,101708,16000,-28943
2026-09-14,6739,-70655,0,-17767
2026-09-15,6739,-44057,17000,-2493
2026-09-16,6739,-104817,0,-518
2026-09-17,6739,-8099,0,7624
2026-09-18,6739,-9785,0,7393
2026-09-21,6739,-45620,0,-17036
2026-09-22,6739,22419,0,-2249
2026-09-23,6739,46000,0,1438
2026-09-24,6739,-28935,0,12000
2026-09-29,6739,-22761,0,-2321
2026-09-30,6739,-17921,0,-9624
2026-10-01,6739,-49883,0,-2344
2026-09-11,6907,-4992,0,-4371
2026-09-14,6907,30812,0,-37132
2026-09-15,6907,-58000,0,-14436
2026-09-16,6907,13627,0,16002
2026-09-17,6907,-94124,0,-4143
2026-09-18,6907,72000,0,22727
2026-09-21,6907,12568,0,-14643
2026-09-22,6907,-6530,0,25535
2026-09-23,6907,-44992,0,-15854
2026-09-24,6907,-13805,20000,-6499
2026-09-29,6907,1000,10000,-869
2026-09-30,6907,72971,30000,-8705
2026-09-11,8043,-107850,0,-10135
2026-09-14,8043,5010,0,-11436
2026-09-15,8043,-55929,0,-28836
2026-09-16,8043,71000,0,8411
2026-09-17,8043,-145909,0,-9862
2026-09-18,8043,154407,0,-4448
2026-09-21,8043,-98861,0,3889
2026-09-22,8043,-63770,0,-15850
2026-09-23,8043,118964,0,6386
2026-09-24,8043,138989,0,9652
2026-09-29,8043,-64630,0,-8576
2026-09-30,8043,53720,0,-36473
2026-09-11,8086,-480838,0,-4298
2026-09-14,8086,12091,0,6592
2026-09-15,8086,-12000,0,-8197
2026-09-16,8086,-389898,-100000,40482
2026-09-17,8086,-49999,0,-3596
2026-09-18,8086,240138,0,17926
2026-09-21,8086,-486468,0,27694
2026-09-22,8086,465678,0,50596
2026-09-23,8086,-397830,0,109660
2026-09-24,8086,-78818,0,116019
2026-09-29,8086,1378,0,-11769
2026-09-11,8096,26080,0,-54246
2026-09-14,8096,1927268,0,-52221
2026-09-15,8096,232361,0,-17701
2026-09-16,8096,301904,0,32419
2026-09-17,8096,-898573,0,-23518
2026-09-18,8096,-382000,0,40278
2026-09-21,8096,10354,0,-12877
2026-09-22,8096,820258,0,2808
2026-09-23,8096,-97832,0,2308
2026-09-24,8096,424525,0,-80048
2026-09-11,8240,-26649,0,-1475
2026-09-14,8240,89039,0,-1264
2026-09-15,8240,16000,0,-31037
2026-09-16,8240,116090,0,2276
2026-09-17,8240,112618,0,-3161
2026-09-18,8240,-94928,0,81
2026-09-21,8240,-2000,0,-642
2026-09-22,8240,249128,0,-25667
2026-09-23,8240,-42779,0,3692
2026-09-24,8240,-261000,0,-2128
2026-09-29,8240,-436000,0,-9792
2026-09-30,8240,363802,0,126172
2026-10-02,1718,4971476.0,-22000.0,335081.0
2026-10-02,1714,2787318.0,-19000.0,253443.0
2026-10-02,2485,830628.0,0.0,3257.0
2026-10-02,3311,424000.0,0.0,78164.0
2026-10-02,2413,468574.0,0.0,3242.0
2026-10-02,1773,333093.0,0.0,-843.0
2026-10-02,6005,264159.0,0.0,0.0
2026-10-02,4764,111753.0,0.0,20148.0
2026-10-02,2385,-329228.0,38027.0,103253.0
2026-10-02,2812,-1849642.0,0.0,-74000.0
2026-10-05,3231,24878270.0,-181107.0,381749.0
2026-10-05,2344,22053190.0,-1848134.0,661419.0
2026-10-05,2887,13700689.0,-12594.0,182729.0
2026-10-05,2317,13072342.0,-63478.0,374858.0
2026-10-05,2301,11841503.0,-56717.0,675263.0
2026-10-05,2481,12256955.0,-1440000.0,505629.0
2026-10-05,2330,9770520.0,439108.0,491655.0
2026-10-05,2426,9785980.0,0.0,263352.0
2026-10-05,1718,8155131.0,0.0,1660167.0
2026-10-05,2313,7879903.0,412000.0,1106537.0
2026-10-05,2308,7962966.0,29292.0,359524.0
2026-10-05,1303,7047771.0,525194.0,68217.0
2026-10-05,4958,6264346.0,1322710.0,-258322.0
2026-10-05,1714,6575430.0,0.0,301821.0
2026-10-05,2885,4059265.0,-50205.0,1657144.0
2026-10-05,6005,4837159.0,-1000.0,0.0
2026-10-05,2340,3398500.0,0.0,350781.0
2026-10-05,2376,3143592.0,203000.0,73771.0
2026-10-05,1802,3253226.0,0.0,154223.0
2026-10-05,6209,2936204.0,0.0,274852.0
2026-10-05,9933,3958657.0,-25700.0,-813913.0
2026-10-05,2412,4768337.0,-1874299.0,45000.0
2026-10-05,4989,2767706.0,0.0,114128.0
2026-10-05,2484,2671328.0,0.0,-50221.0
2026-10-05,3717,2645194.0,0.0,-73000.0
2026-10-05,2881,2098180.0,406941.0,-15157.0
2026-10-05,1605,2805540.0,-58000.0,-271935.0
2026-10-05,1301,2577907.0,0.0,-131743.0
2026-10-05,1409,2047492.0,0.0,351015.0
2026-10-05,3711,3081011.0,-879217.0,175004.0
2026-10-05,2377,2081048.0,-21000.0,172111.0
2026-10-05,3037,3690708.0,-1274484.0,-188474.0
2026-10-05,2408,3060981.0,-1817473.0,738527.0
2026-10-05,2883,1676771.0,27225.0,263264.0
2026-10-05,3189,838354.0,1150000.0,-102745.0
2026-10-05,1717,1846949.0,0.0,18848.0
2026-10-05,3035,1834927.0,0.0,-12294.0
2026-10-05,2049,2176413.0,-483000.0,112032.0
2026-10-05,1709,1634000.0,0.0,-95212.0
2026-10-05,2884,1838741.0,-500861.0,173113.0
2026-10-05,2882,461973.0,1061503.0,-47274.0
2026-10-05,2486,1616509.0,-209000.0,22441.0
2026-10-05,3019,1163171.0,0.0,264469.0
2026-10-05,1708,1392260.0,0.0,14184.0
2026-10-05,4927,1332137.0,0.0,66788.0
2026-10-05,2454,1297381.0,-61540.0,121965.0
2026-10-05,3311,1341453.0,0.0,-14377.0
2026-10-05,2385,1353976.0,-76000.0,11690.0
2026-10-05,2368,917601.0,17872.0,346549.0
2026-10-05,3702,1137108.0,-10000.0,-9876.0
2026-10-05,1773,1049724.0,0.0,44952.0
2026-10-05,3034,878954.0,163000.0,31872.0
2026-10-05,2855,1031877.0,31000.0,0.0
2026-10-05,2395,866941.0,118831.0,64193.0
2026-10-05,8021,983796.0,35000.0,-3195.0
2026-10-05,2347,1287321.0,-309000.0,-10733.0
2026-10-05,3017,724397.0,246883.0,-32302.0
2026-10-05,8046,387199.0,665908.0,-119574.0
2026-10-05,6949,1054350.0,0.0,-144283.0
2026-10-05,2357,940394.0,-107247.0,53927.0
2026-10-05,6271,831061.0,0.0,32114.0
2026-10-05,5876,1125664.0,-428000.0,109817.0
2026-10-05,2413,801716.0,0.0,-1488.0
2026-10-05,5285,720830.0,0.0,65865.0
2026-10-05,2305,899427.0,0.0,-128276.0
2026-10-05,3044,603508.0,62000.0,103089.0
2026-10-05,2421,735749.0,1000.0,31404.0
2026-10-05,7788,656057.0,0.0,66064.0
2026-10-05,3023,702887.0,-9000.0,24175.0
2026-10-05,3605,969851.0,-258000.0,-8412.0
2026-10-05,6278,836163.0,-262000.0,111581.0
2026-10-05,2360,578621.0,167865.0,-67219.0
2026-10-05,8996,601842.0,-18000.0,94082.0
2026-10-05,3031,627503.0,0.0,2000.0
2026-10-05,3661,314372.0,270000.0,20313.0
2026-10-05,6691,512789.0,4000.0,54788.0
2026-10-05,6285,12950.0,4000.0,534604.0
2026-10-05,3518,391844.0,0.0,153278.0
2026-10-05,3701,320474.0,0.0,205734.0
2026-10-05,6446,468445.0,-1116.0,41517.0
2026-10-05,3149,506013.0,0.0,921.0
2026-10-05,3665,2229745.0,-1759066.0,26315.0
2026-10-05,3016,521743.0,0.0,-31096.0
2026-10-05,2451,340967.0,134000.0,9039.0
2026-10-05,2404,465044.0,-17000.0,11647.0
2026-10-05,3645,384279.0,0.0,59669.0
2026-10-05,3583,401803.0,0.0,19154.0
2026-10-05,2891,-769993.0,1017512.0,168745.0
2026-10-05,2030,437000.0,0.0,-45000.0
2026-10-05,1504,409400.0,-34000.0,-2622.0
2026-10-05,2455,99350.0,-45000.0,315884.0
2026-10-05,6414,304914.0,3000.0,54074.0
2026-10-05,1513,339316.0,16000.0,1885.0
2026-10-05,8103,410065.0,0.0,-57458.0
2026-10-05,2351,184505.0,0.0,165828.0
2026-10-05,2478,341493.0,0.0,743.0
2026-10-05,6451,312919.0,0.0,27603.0
2026-10-05,1711,248197.0,0.0,89654.0
2026-10-05,2406,66823.0,0.0,264035.0
2026-10-05,2379,131343.0,137000.0,55369.0
2026-10-05,4961,210012.0,109000.0,-3523.0
2026-10-05,5434,299269.0,-22000.0,23055.0
2026-10-05,2467,276503.0,0.0,22228.0
2026-10-05,4576,282084.0,0.0,-1148.0
2026-10-05,2466,226458.0,0.0,33249.0
2026-10-05,6415,234368.0,-37000.0,59938.0
2026-10-05,7795,245926.0,0.0,10158.0
2026-10-05,3563,221200.0,0.0,30482.0
2026-10-05,2316,249227.0,0.0,-7211.0
2026-10-05,6196,178542.0,-34000.0,89186.0
2026-10-05,1476,232950.0,-1000.0,-837.0
2026-10-05,3055,174260.0,0.0,23000.0
2026-10-05,6166,194538.0,0.0,2036.0
2026-10-05,7711,125199.0,0.0,68252.0
2026-10-05,6715,45057.0,140000.0,3917.0
2026-10-05,1560,109061.0,33000.0,45567.0
2026-10-05,6944,171981.0,0.0,15638.0
2026-10-05,6933,194203.0,0.0,-7274.0
2026-10-05,6789,207462.0,1000.0,-25683.0
2026-10-05,6669,428889.0,-296854.0,46564.0
2026-10-05,6449,155458.0,0.0,-964.0
2026-10-05,7610,125313.0,0.0,12594.0
2026-10-05,3167,125029.0,0.0,10263.0
2026-10-05,6213,141441.0,52000.0,-59643.0
2026-10-05,2345,213910.0,-190182.0,107462.0
2026-10-05,4977,171809.0,0.0,-44306.0
2026-10-05,4722,83170.0,0.0,39828.0
2026-10-05,5269,99594.0,23000.0,-7781.0
2026-10-05,6957,99290.0,0.0,-5965.0
2026-10-05,6155,89106.0,0.0,-8357.0
2026-10-05,2912,66330.0,3000.0,11000.0
2026-10-05,3533,-335493.0,433000.0,-20011.0
2026-10-05,8261,12935.0,0.0,55543.0
2026-10-05,7750,-4548.0,44000.0,21646.0
2026-10-05,2880,-131676.0,-110405.0,295964.0
2026-10-05,7799,46118.0,0.0,5000.0
2026-10-05,3443,31122.0,-12329.0,22775.0
2026-10-05,6526,86945.0,15000.0,-68481.0
2026-10-05,6861,21089.0,0.0,5461.0
2026-10-05,6197,63450.0,0.0,-38765.0
2026-10-05,2059,10536.0,17980.0,-8076.0
2026-10-05,2383,-99570.0,-17107.0,136321.0
2026-10-05,6781,15140.0,0.0,1273.0
2026-10-05,6515,11589.0,-7000.0,886.0
2026-10-05,7822,-1813.0,0.0,-1096.0
2026-10-05,4770,8133.0,0.0,-19023.0
2026-10-05,7769,-19151.0,-2021.0,8738.0
2026-10-05,2353,230551.0,-150000.0,-101479.0
2026-10-05,2027,-133691.0,-12000.0,114599.0
2026-10-05,4956,-52106.0,0.0,-1257.0
2026-10-05,6533,-37478.0,0.0,-19150.0
2026-10-05,1590,-62061.0,-2000.0,-272.0
2026-10-05,6531,-234137.0,158000.0,5483.0
2026-10-05,2428,-56245.0,0.0,-18182.0
2026-10-05,3653,-99383.0,18468.0,-286.0
2026-10-05,3450,-438285.0,463000.0,-112233.0
2026-10-05,8033,-91571.0,0.0,758.0
2026-10-05,6831,-97371.0,0.0,292.0
2026-10-05,3014,-273087.0,153000.0,10174.0
2026-10-05,6830,-116173.0,0.0,-1609.0
2026-10-05,3406,-222862.0,91000.0,-20172.0
2026-10-05,6133,-169427.0,0.0,0.0
2026-10-05,1809,-127004.0,0.0,-44848.0
2026-10-05,2458,-315112.0,276000.0,-141657.0
2026-10-05,6706,-256455.0,0.0,67710.0
2026-10-05,6442,-175293.0,0.0,-14240.0
2026-10-05,3008,-318236.0,116966.0,9409.0
2026-10-05,1519,-129731.0,-1000.0,-90283.0
2026-10-05,2375,-198167.0,0.0,-31777.0
2026-10-05,2302,-279845.0,0.0,40591.0
2026-10-05,2493,-369494.0,-1000.0,130076.0
2026-10-05,4566,-285477.0,0.0,16399.0
2026-10-05,1597,-265826.0,0.0,-16397.0
2026-10-05,3376,-138634.0,-117000.0,-28259.0
2026-10-05,2474,-212960.0,-35000.0,-69685.0
2026-10-05,6805,238361.0,-577000.0,11314.0
2026-10-05,6426,-348070.0,0.0,1294.0
2026-10-05,4763,-465789.0,58000.0,5016.0
2026-10-05,4904,597962.0,-1152651.0,141276.0
2026-10-05,2615,-248277.0,-65000.0,-100198.0
2026-10-05,6672,-425196.0,0.0,4294.0
2026-10-05,8028,-382242.0,0.0,-39629.0
2026-10-05,2472,-398293.0,0.0,-27015.0
2026-10-05,3013,-434928.0,0.0,-10437.0
2026-10-05,3706,-374430.0,-143000.0,69869.0
2026-10-05,2436,-323159.0,0.0,-173401.0
2026-10-05,6834,-392503.0,0.0,-111540.0
2026-10-05,3030,-509094.0,0.0,-8830.0
2026-10-05,3532,-361250.0,-76000.0,-97852.0
2026-10-05,1402,-619979.0,-72000.0,147069.0
2026-10-05,6919,-544566.0,0.0,-7000.0
2026-10-05,5871,-486935.0,-119000.0,22000.0
2026-10-05,2606,-569030.0,21000.0,-38902.0
2026-10-05,6139,-714016.0,93000.0,32568.0
2026-10-05,3090,-586958.0,0.0,-24836.0
2026-10-05,6443,-689072.0,0.0,-958.0
2026-10-05,4938,-876685.0,97000.0,60577.0
2026-10-05,3036,-774740.0,24000.0,22845.0
2026-10-05,2498,-481792.0,0.0,-261341.0
2026-10-05,8210,-525858.0,-324000.0,59159.0
2026-10-05,2441,-993523.0,244000.0,-63290.0
2026-10-05,6282,-762726.0,-19000.0,-42068.0
2026-10-05,2890,-1735964.0,652197.0,239403.0
2026-10-05,2618,-920518.0,-27000.0,69053.0
2026-10-05,4967,-864623.0,-1000.0,-17549.0
2026-10-05,1102,-842122.0,-204000.0,72830.0
2026-10-05,4764,-938848.0,0.0,-44057.0
2026-10-05,2337,-1105941.0,17000.0,7946.0
2026-10-05,6257,-1556139.0,432000.0,-6816.0
2026-10-05,3026,-140003.0,-1036000.0,44976.0
2026-10-05,2338,-1150712.0,0.0,-87154.0
2026-10-05,2489,-364729.0,0.0,-886321.0
2026-10-05,3045,-1292546.0,-36518.0,55927.0
2026-10-05,3715,-1444482.0,0.0,-39975.0
2026-10-05,8110,-1296414.0,0.0,-193606.0
2026-10-05,2886,3598995.0,-5455334.0,272405.0
2026-10-05,2342,-1637331.0,0.0,-34170.0
2026-10-05,4906,-1593295.0,0.0,-135923.0
2026-10-05,3006,-1863717.0,0.0,123190.0
2026-10-05,4551,-2105433.0,223000.0,-38265.0
2026-10-05,8112,-1942092.0,-10000.0,-39772.0
2026-10-05,1326,-1787309.0,0.0,-306367.0
2026-10-05,5880,-2087820.0,-44935.0,-24213.0
2026-10-05,1216,-1415677.0,-670812.0,-71185.0
2026-10-05,3094,-2313261.0,0.0,21000.0
2026-10-05,3042,-1471319.0,149000.0,-1115232.0
2026-10-05,2464,-2533869.0,0.0,40602.0
2026-10-05,2634,-2161084.0,-2000.0,-439838.0
2026-10-05,2892,-2481899.0,-64107.0,-63707.0
2026-10-05,8039,-2067648.0,-4000.0,-566227.0
2026-10-05,6456,-2506254.0,0.0,-213474.0
2026-10-05,2609,-2393057.0,-59000.0,-276629.0
2026-10-05,6168,-2741972.0,0.0,11230.0
2026-10-05,2603,-1813717.0,-748408.0,-176195.0
2026-10-05,2382,-2930158.0,130031.0,49565.0
2026-10-05,2367,-3821758.0,0.0,861664.0
2026-10-05,2605,-2829354.0,0.0,-143735.0
2026-10-05,1727,-2754581.0,0.0,-223952.0
2026-10-05,2363,-2526880.0,0.0,-600444.0
2026-10-05,6226,-3128630.0,0.0,-79000.0
2026-10-05,6505,-3365787.0,651579.0,-532181.0
2026-10-05,2354,-3045782.0,0.0,-204193.0
2026-10-05,2399,-3358024.0,0.0,13483.0
2026-10-05,2485,-3644348.0,0.0,184729.0
2026-10-05,6120,-3508033.0,0.0,-10994.0
2026-10-05,4919,-2285279.0,-3000.0,-1463496.0
2026-10-05,2449,-4134255.0,202581.0,-209103.0
2026-10-05,8150,-4588932.0,396000.0,-161307.0
2026-10-05,2356,-4948869.0,-119000.0,-10193.0
2026-10-05,3576,-5795517.0,0.0,-3000.0
2026-10-05,2801,-7368063.0,1411000.0,-21226.0
2026-10-05,2542,-6134000.0,148000.0,-58443.0
2026-10-05,3481,-4951561.0,0.0,-1219732.0
2026-10-05,3673,-5351754.0,0.0,-982912.0
2026-10-05,3714,-6501026.0,0.0,-211249.0
2026-10-05,2371,-6918597.0,-43000.0,-170799.0
2026-10-05,2002,-7383957.0,-130000.0,33905.0
2026-10-05,2610,-7398000.0,-208000.0,65125.0
2026-10-05,2492,-8910769.0,161000.0,483409.0
2026-10-05,2327,-12365940.0,3094423.0,-12851.0
2026-10-05,6239,-10753842.0,150000.0,-434537.0
2026-10-05,1101,-11976480.0,-99000.0,2689.0
2026-10-05,6770,-15614027.0,33000.0,-1606201.0
2026-10-05,2834,-17675080.0,0.0,-14181.0
2026-10-05,2812,-19205109.0,0.0,-17275.0
2026-10-05,1314,-19051289.0,0.0,-846859.0
2026-10-05,2324,-25066307.0,0.0,-69150.0
2026-10-05,6116,-27574299.0,0.0,-2521619.0
2026-10-05,2303,-81562142.0,-33809277.0,-3193301.0
2026-10-05,2409,-212135842.0,0.0,-22053472.0
2026-10-05,1569,-1496807.0,0.0,18507.0
2026-10-05,1595,227112.0,0.0,15005.0
2026-10-05,1785,-470422.0,0.0,40265.0
2026-10-05,1815,11227232.0,0.0,489527.0
2026-10-05,2061,-1200770.0,0.0,-685.0
2026-10-05,3081,-846718.0,676100.0,3557.0
2026-10-05,3105,9741607.0,255000.0,812618.0
2026-10-05,3131,181315.0,6000.0,28404.0
2026-10-05,3147,-257217.0,0.0,19426.0
2026-10-05,3162,-364235.0,0.0,-20216.0
2026-10-05,3163,-742742.0,0.0,16153.0
2026-10-05,3211,-167131.0,-34000.0,56428.0
2026-10-05,3221,886402.0,0.0,-4810.0
2026-10-05,3234,-1232812.0,0.0,94592.0
2026-10-05,3236,-2040677.0,0.0,58523.0
2026-10-05,3260,-1043941.0,-14000.0,71064.0
2026-10-05,3264,-3715270.0,-4703000.0,-183554.0
2026-10-05,3265,-145073.0,0.0,-32557.0
2026-10-05,3293,489669.0,-20000.0,223.0
2026-10-05,3317,-58520.0,0.0,84167.0
2026-10-05,3324,-585960.0,0.0,140963.0
2026-10-05,3357,387140.0,0.0,40245.0
2026-10-05,3362,-27231.0,0.0,14958.0
2026-10-05,3363,-398517.0,0.0,-7723.0
2026-10-05,3374,201241.0,0.0,684635.0
2026-10-05,3441,-386334.0,0.0,4792.0
2026-10-05,3455,-430174.0,109000.0,-61022.0
2026-10-05,3490,-2451615.0,0.0,574.0
2026-10-05,3491,513446.0,117000.0,-8668.0
2026-10-05,3498,646092.0,0.0,141183.0
2026-10-05,3529,103506.0,-174000.0,36273.0
2026-10-05,3551,-118518.0,0.0,-233.0
2026-10-05,3624,658216.0,-400000.0,55820.0
2026-10-05,3675,-529040.0,0.0,3244.0
2026-10-05,3680,602668.0,0.0,56889.0
2026-10-05,3693,97641.0,0.0,48931.0
2026-10-05,3707,4981322.0,0.0,-175213.0
2026-10-05,4556,-90618.0,0.0,1790.0
2026-10-05,4749,-251625.0,0.0,15739.0
2026-10-05,4768,-63515.0,0.0,-24670.0
2026-10-05,4772,-446532.0,0.0,-7644.0
2026-10-05,4903,-64198.0,0.0,0.0
2026-10-05,4908,-864479.0,0.0,46792.0
2026-10-05,4931,-233511.0,0.0,-40278.0
2026-10-05,4939,-607585.0,0.0,-22971.0
2026-10-05,4971,-143630.0,0.0,-42132.0
2026-10-05,4979,88932.0,-213000.0,20413.0
2026-10-05,4991,-1556041.0,235000.0,-93580.0
2026-10-05,5274,11878.0,900.0,4932.0
2026-10-05,5289,-10370.0,-35870.0,-7107.0
2026-10-05,5309,1254970.0,-9000.0,249649.0
2026-10-05,5314,-2237357.0,-19000.0,-187984.0
2026-10-05,5328,-23762.0,0.0,-107863.0
2026-10-05,5340,-237292.0,0.0,14720.0
2026-10-05,5347,-2851652.0,344000.0,-44678.0
2026-10-05,5351,-4427764.0,0.0,-97223.0
2026-10-05,5425,989479.0,0.0,33553.0
2026-10-05,5439,415465.0,0.0,35095.0
2026-10-05,5443,746230.0,0.0,-1980.0
2026-10-05,5475,2173.0,0.0,-10935.0
2026-10-05,5483,-4911247.0,202000.0,-958714.0
2026-10-05,5536,281028.0,3000.0,40962.0
2026-10-05,5904,612677.0,88000.0,-8173.0
2026-10-05,6127,-1055347.0,0.0,-23301.0
2026-10-05,6147,-7671593.0,372000.0,-599097.0
2026-10-05,6173,-366348.0,0.0,-42441.0
2026-10-05,6175,-723207.0,0.0,-29925.0
2026-10-05,6182,-15356866.0,-59000.0,-2443754.0
2026-10-05,6187,488861.0,-16000.0,60725.0
2026-10-05,6190,2417526.0,0.0,91702.0
2026-10-05,6199,-211225.0,0.0,-64680.0
2026-10-05,6207,1214429.0,0.0,23921.0
2026-10-05,6217,238954.0,0.0,-1815.0
2026-10-05,6223,189061.0,-7700.0,-4028.0
2026-10-05,6274,-440974.0,496000.0,246595.0
2026-10-05,6290,311448.0,0.0,44376.0
2026-10-05,6291,-34300.0,0.0,-18701.0
2026-10-05,6435,-563174.0,0.0,-26996.0
2026-10-05,6488,444353.0,248200.0,-529757.0
2026-10-05,6510,-19513.0,-56000.0,9324.0
2026-10-05,6532,-88653.0,0.0,-9958.0
2026-10-05,6538,-54551.0,0.0,49719.0
2026-10-05,6548,-3310382.0,470000.0,7141.0
2026-10-05,6584,-36140.0,-301000.0,7205.0
2026-10-05,6620,-246000.0,0.0,-4594.0
2026-10-05,6640,44102.0,0.0,18372.0
2026-10-05,6643,13119.0,0.0,-2860.0
2026-10-05,6664,239443.0,2000.0,17637.0
2026-10-05,6683,-57715.0,-98000.0,8148.0
2026-10-05,6693,293395.0,0.0,-1310.0
2026-10-05,6727,-26960.0,0.0,904.0
2026-10-05,6739,-78511.0,-50000.0,5907.0
2026-10-05,6907,281148.0,0.0,-22932.0
2026-10-05,7717,104284.0,0.0,14800.0
2026-10-05,7734,867.0,0.0,-4423.0
2026-10-05,7751,8008.0,0.0,4981.0
2026-10-05,7828,-28737.0,0.0,65.0
2026-10-05,7856,74201.0,4000.0,2000.0
2026-10-05,8027,-909124.0,0.0,-167.0
2026-10-05,8040,271000.0,0.0,-5474.0
2026-10-05,8042,-483352.0,0.0,-3210.0
2026-10-05,8043,80224.0,0.0,-9282.0
2026-10-05,8064,-54625.0,0.0,-5828.0
2026-10-05,8069,-87627.0,-6000.0,132933.0
2026-10-05,8086,-1479898.0,0.0,268177.0
2026-10-05,8096,414410.0,0.0,-1922.0
2026-10-05,8111,878850.0,0.0,-23253.0
2026-10-05,8155,187026.0,0.0,3804.0
2026-10-05,8227,-50000.0,0.0,1610.0
2026-10-05,8289,-1139960.0,0.0,958.0
2026-10-05,8299,330925.0,22400.0,19867.0
2026-10-05,8358,5007395.0,96000.0,996605.0
2026-10-05,1477,1169112.0,-41000.0,12437.0
2026-10-05,3543,1003837.0,0.0,0.0
2026-10-05,4916,795126.0,0.0,-3362.0
2026-10-05,6658,339908.0,0.0,5762.0
2026-10-05,2254,61000.0,0.0,0.0
2026-10-05,3596,-12990.0,0.0,23613.0
2026-10-05,5234,-173697.0,-2000.0,5397.0
2026-10-05,2468,-324178.0,0.0,-10000.0
2026-10-05,6668,-590860.0,0.0,0.0
2026-10-05,5498,-1673372.0,0.0,-9970.0
2026-10-05,6227,396002.0,0.0,172903.0
2026-10-05,8091,-519332.0,0.0,-21079.0
2026-10-06,2313,18381742.0,1703000.0,314906.0
2026-10-06,1326,13370519.0,0.0,197072.0
2026-10-06,1303,6555053.0,3486000.0,1526255.0
2026-10-06,2891,9406803.0,1354000.0,553722.0
2026-10-06,2605,9995332.0,0.0,508087.0
2026-10-06,6239,6903934.0,116000.0,1574382.0
2026-10-06,2885,7668834.0,143000.0,465267.0
2026-10-06,8150,7948693.0,50000.0,246175.0
2026-10-06,2886,12514743.0,-5472000.0,567302.0
2026-10-06,6257,5692331.0,697000.0,814797.0
2026-10-06,1802,5992847.0,42000.0,743299.0
2026-10-06,2883,7062821.0,-1478000.0,871964.0
2026-10-06,2884,6247532.0,-630000.0,515560.0
2026-10-06,2890,2799993.0,2166000.0,862344.0
2026-10-06,2609,5172030.0,-89000.0,220705.0
2026-10-06,1301,4003006.0,0.0,505528.0
2026-10-06,1314,3980472.0,0.0,158866.0
2026-10-06,4927,3912359.0,0.0,62766.0
2026-10-06,4906,3604760.0,0.0,167040.0
2026-10-06,2887,3081217.0,-225000.0,891530.0
2026-10-06,2892,5711880.0,-2036000.0,42755.0
2026-10-06,2880,2551358.0,-15000.0,757663.0
2026-10-06,2412,2945795.0,107180.0,10998.0
2026-10-06,6213,1829683.0,1233000.0,-28540.0
2026-10-06,1409,3125007.0,0.0,-105343.0
2026-10-06,1605,2582848.0,-22000.0,53414.0
2026-10-06,2382,2161090.0,306304.0,135176.0
2026-10-06,1504,2369595.0,6000.0,162003.0
2026-10-06,6456,2329334.0,0.0,82296.0
2026-10-06,1711,2053176.0,0.0,339105.0
2026-10-06,2368,-172640.0,2644500.0,-80711.0
2026-10-06,2436,2071303.0,-44000.0,94935.0
2026-10-06,6278,2438217.0,-699000.0,309589.0
2026-10-06,1717,1963071.0,0.0,55087.0
2026-10-06,2492,1657742.0,-98000.0,386030.0
2026-10-06,2399,1932858.0,0.0,10210.0
2026-10-06,6505,-707822.0,2265000.0,373512.0
2026-10-06,1102,2039207.0,-299000.0,165326.0
2026-10-06,3094,1665761.0,0.0,-4000.0
2026-10-06,1714,1462172.0,0.0,168746.0
2026-10-06,2882,-520399.0,1994000.0,73240.0
2026-10-06,2881,810832.0,580100.0,55870.0
2026-10-06,6285,890038.0,4000.0,507546.0
2026-10-06,3016,1392627.0,0.0,-15806.0
2026-10-06,4956,1301085.0,0.0,373.0
2026-10-06,2371,1130712.0,-16000.0,93562.0
2026-10-06,3044,1142500.0,7000.0,38598.0
2026-10-06,4919,1129961.0,0.0,35789.0
2026-10-06,2385,1171703.0,-91063.0,29884.0
2026-10-06,2603,727199.0,196890.0,132703.0
2026-10-06,3037,2956844.0,-1901010.0,-40038.0
2026-10-06,1216,-943777.0,1681000.0,277280.0
2026-10-06,2342,968834.0,0.0,9271.0
2026-10-06,1477,998461.0,47012.0,-71272.0
2026-10-06,4938,1018908.0,-193252.0,133336.0
2026-10-06,2606,930950.0,-4000.0,2009.0
2026-10-06,2383,654595.0,304000.0,-30740.0
2026-10-06,2236,908000.0,0.0,11522.0
2026-10-06,2441,642181.0,196000.0,59252.0
2026-10-06,3661,432953.0,356000.0,96632.0
2026-10-06,2254,877570.0,0.0,-2461.0
2026-10-06,2489,1059664.0,13800.0,-208888.0
2026-10-06,2308,644967.0,321529.0,-113480.0
2026-10-06,5876,366400.0,141000.0,281182.0
2026-10-06,3035,822720.0,0.0,-42710.0
2026-10-06,2637,731476.0,-29000.0,73324.0
2026-10-06,7788,622119.0,0.0,109098.0
2026-10-06,2476,679029.0,0.0,29695.0
2026-10-06,2347,828026.0,-199438.0,68418.0
2026-10-06,6271,630714.0,0.0,53459.0
2026-10-06,1513,597354.0,13000.0,49937.0
2026-10-06,2855,632393.0,9600.0,0.0
2026-10-06,3045,277139.0,259859.0,101381.0
2026-10-06,1476,584297.0,-8000.0,16366.0
2026-10-06,2408,813154.0,-506000.0,285258.0
2026-10-06,6155,597020.0,0.0,-9564.0
2026-10-06,2404,645138.0,-33000.0,-40568.0
2026-10-06,2379,411988.0,125000.0,29213.0
2026-10-06,1718,183242.0,0.0,372301.0
2026-10-06,3543,546432.0,0.0,7000.0
2026-10-06,3090,538890.0,0.0,8453.0
2026-10-06,3701,692922.0,0.0,-151740.0
2026-10-06,2542,2246315.0,-1721500.0,4862.0
2026-10-06,4904,197499.0,169000.0,162741.0
2026-10-06,4958,4652526.0,-4162000.0,28697.0
2026-10-06,6672,495107.0,0.0,2248.0
2026-10-06,2030,437234.0,0.0,59000.0
2026-10-06,2421,338621.0,8000.0,145267.0
2026-10-06,8046,260557.0,304000.0,-74481.0
2026-10-06,2478,469734.0,0.0,3957.0
2026-10-06,3017,146705.0,258000.0,54544.0
2026-10-06,8021,-852971.0,1226000.0,70751.0
2026-10-06,6197,397143.0,0.0,42094.0
2026-10-06,7795,427429.0,0.0,-12325.0
2026-10-06,3019,391500.0,0.0,1335.0
2026-10-06,8110,281445.0,0.0,108290.0
2026-10-06,2338,371600.0,0.0,-7600.0
2026-10-06,4961,281049.0,75000.0,-3139.0
2026-10-06,3167,330982.0,0.0,18610.0
2026-10-06,2375,354202.0,0.0,-5511.0
2026-10-06,6196,425079.0,0.0,-76855.0
2026-10-06,8996,318682.0,-12000.0,19507.0
2026-10-06,6209,489112.0,0.0,-169347.0
2026-10-06,1708,270643.0,0.0,18405.0
2026-10-06,3711,1699459.0,-1526000.0,103371.0
2026-10-06,2357,302452.0,-8500.0,-25422.0
2026-10-06,3702,260618.0,37086.0,-48035.0
2026-10-06,1773,247472.0,0.0,-7579.0
2026-10-06,3706,257465.0,-14000.0,-10828.0
2026-10-06,6668,210129.0,0.0,0.0
2026-10-06,2634,223665.0,-4000.0,-23934.0
2026-10-06,2363,400509.0,0.0,-223600.0
2026-10-06,2912,160068.0,12000.0,2000.0
2026-10-06,2472,150524.0,0.0,14503.0
2026-10-06,2468,148497.0,0.0,0.0
2026-10-06,3013,105010.0,0.0,40060.0
2026-10-06,4770,138526.0,0.0,-3296.0
2026-10-06,6944,110980.0,9000.0,-7294.0
2026-10-06,9933,76062.0,-9700.0,39027.0
2026-10-06,3443,-136623.0,213900.0,24168.0
2026-10-06,6789,89326.0,2000.0,7176.0
2026-10-06,6861,128898.0,0.0,-32846.0
2026-10-06,2360,166343.0,-48000.0,-25992.0
2026-10-06,7769,53692.0,26000.0,9523.0
2026-10-06,2428,83353.0,-1000.0,387.0
2026-10-06,2027,817281.0,-913000.0,167637.0
2026-10-06,1709,-1249633.0,1355000.0,-41767.0
2026-10-06,1560,128066.0,-17000.0,-47778.0
2026-10-06,3014,-64804.0,129246.0,-8452.0
2026-10-06,3653,70138.0,-14500.0,-687.0
2026-10-06,6691,-7020.0,79000.0,-19818.0
2026-10-06,3406,33041.0,-7000.0,17377.0
2026-10-06,1519,54374.0,-3000.0,-11322.0
2026-10-06,2458,-114300.0,152805.0,-5321.0
2026-10-06,3532,20698.0,-8000.0,6344.0
2026-10-06,2493,50065.0,0.0,-37111.0
2026-10-06,5269,10203.0,7000.0,-8026.0
2026-10-06,5434,47811.0,-4000.0,-38991.0
2026-10-06,2467,6575.0,0.0,-2941.0
2026-10-06,6414,31951.0,-14000.0,-14330.0
2026-10-06,6526,-7306.0,23000.0,-14755.0
2026-10-06,7822,-3920.0,1000.0,1406.0
2026-10-06,2316,-129901.0,0.0,128192.0
2026-10-06,1590,-20642.0,2000.0,1280.0
2026-10-06,6515,26545.0,-42000.0,-3632.0
2026-10-06,6781,-21303.0,0.0,-11638.0
2026-10-06,3311,-42433.0,0.0,6000.0
2026-10-06,3034,-124303.0,107000.0,-19623.0
2026-10-06,6415,-82475.0,-3000.0,47023.0
2026-10-06,2395,-66941.0,65000.0,-44477.0
2026-10-06,7610,-45013.0,0.0,-2245.0
2026-10-06,6442,-24654.0,0.0,-23865.0
2026-10-06,5234,-95980.0,0.0,42154.0
2026-10-06,6706,69150.0,0.0,-127170.0
2026-10-06,1597,-89377.0,0.0,31307.0
2026-10-06,3563,-45840.0,-11000.0,-6142.0
2026-10-06,6715,-95765.0,33000.0,-4248.0
2026-10-06,2618,-177411.0,-108000.0,213559.0
2026-10-06,2059,-112298.0,7500.0,22264.0
2026-10-06,7750,-70921.0,-2000.0,-9803.0
2026-10-06,7799,-84500.0,0.0,0.0
2026-10-06,4764,-122000.0,0.0,29325.0
2026-10-06,4977,-96248.0,0.0,-7433.0
2026-10-06,2498,-55982.0,0.0,-64168.0
2026-10-06,2812,-118093.0,-4000.0,0.0
2026-10-06,6831,-119009.0,0.0,-4009.0
2026-10-06,2351,31870.0,0.0,-155737.0
2026-10-06,6933,-121940.0,0.0,-2254.0
2026-10-06,6805,527925.0,-648000.0,-8380.0
2026-10-06,7711,-105240.0,0.0,-25990.0
2026-10-06,4576,-99270.0,0.0,-40147.0
2026-10-06,4722,-164017.0,0.0,16685.0
2026-10-06,3533,-189606.0,37000.0,-1649.0
2026-10-06,6446,-116633.0,-2000.0,-42419.0
2026-10-06,3008,-214784.0,2000.0,50782.0
2026-10-06,6830,-154783.0,0.0,-7228.0
2026-10-06,6139,-197016.0,-4000.0,38602.0
2026-10-06,3023,-180779.0,-3000.0,12113.0
2026-10-06,2466,-135583.0,0.0,-39337.0
2026-10-06,2377,653429.0,-793763.0,-41216.0
2026-10-06,6168,-42404.0,0.0,-143319.0
2026-10-06,6957,-196890.0,0.0,-11758.0
2026-10-06,3714,-206590.0,0.0,-6092.0
2026-10-06,2474,-170357.0,-39948.0,-2810.0
2026-10-06,6533,-218612.0,0.0,3000.0
2026-10-06,3596,-234300.0,2434.0,13763.0
2026-10-06,8033,-222629.0,0.0,-569.0
2026-10-06,4763,425390.0,-663000.0,10196.0
2026-10-06,3583,-241385.0,0.0,-9209.0
2026-10-06,6166,-247468.0,0.0,-15731.0
2026-10-06,2301,-582356.0,111000.0,202416.0
2026-10-06,8028,-238713.0,2000.0,-37049.0
2026-10-06,3376,-223000.0,0.0,-59154.0
2026-10-06,6451,-290731.0,0.0,-3870.0
2026-10-06,2345,31110.0,-320020.0,-6452.0
2026-10-06,6669,-267526.0,-9000.0,-35055.0
2026-10-06,6919,-328993.0,0.0,-9436.0
2026-10-06,2049,162293.0,-607000.0,35502.0
2026-10-06,3036,-59548.0,-203000.0,-163041.0
2026-10-06,6226,-446523.0,0.0,0.0
2026-10-06,6658,-469355.0,0.0,-5075.0
2026-10-06,6834,-488788.0,0.0,-26593.0
2026-10-06,5285,-538336.0,0.0,-31548.0
2026-10-06,6531,-625005.0,72000.0,-37683.0
2026-10-06,2337,-321098.0,-79000.0,-219615.0
2026-10-06,4551,-617346.0,0.0,-3952.0
2026-10-06,3189,251069.0,-814500.0,-71822.0
2026-10-06,4916,-670300.0,0.0,8706.0
2026-10-06,8103,-626530.0,0.0,-35953.0
2026-10-06,3715,-867532.0,0.0,189692.0
2026-10-06,6426,-654466.0,0.0,-26783.0
2026-10-06,6282,-701685.0,-7000.0,-27479.0
2026-10-06,8112,-517129.0,-31049.0,-200854.0
2026-10-06,4566,-768700.0,0.0,10694.0
2026-10-06,2801,569188.0,-1343000.0,10300.0
2026-10-06,3030,-841334.0,-1000.0,46941.0
2026-10-06,8210,-555881.0,-233000.0,-13498.0
2026-10-06,4967,-783300.0,0.0,-40154.0
2026-10-06,2002,-812874.0,-64000.0,48000.0
2026-10-06,2615,-877515.0,-21000.0,16155.0
2026-10-06,3645,-877000.0,0.0,-24447.0
2026-10-06,3518,-776070.0,0.0,-126000.0
2026-10-06,2302,-913152.0,0.0,3865.0
2026-10-06,1101,-975154.0,-58000.0,84079.0
2026-10-06,3042,-744068.0,-3000.0,-241775.0
2026-10-06,3665,108155.0,-1095500.0,-18137.0
2026-10-06,2356,-1432160.0,-7000.0,408884.0
2026-10-06,2376,-832335.0,-98000.0,-176715.0
2026-10-06,2486,-1134691.0,0.0,623.0
2026-10-06,2406,-1015490.0,0.0,-137010.0
2026-10-06,5880,-1075596.0,-94000.0,6813.0
2026-10-06,3576,-1159222.0,0.0,-13000.0
2026-10-06,3026,-323832.0,-808000.0,-42801.0
2026-10-06,3605,-960228.0,-280000.0,28846.0
2026-10-06,6449,-1368008.0,0.0,96731.0
2026-10-06,2330,-1672231.0,-22000.0,395975.0
2026-10-06,2484,-1334344.0,0.0,-26211.0
2026-10-06,2413,-1383000.0,0.0,5342.0
2026-10-06,2340,-1410919.0,0.0,-28306.0
2026-10-06,6443,-1443990.0,0.0,0.0
2026-10-06,2451,-1569896.0,113000.0,-42109.0
2026-10-06,2464,-1275018.0,0.0,-237350.0
2026-10-06,2353,-1867146.0,7220.0,116247.0
2026-10-06,3450,-1728665.0,-23000.0,-38184.0
2026-10-06,3149,-1840315.0,0.0,1818.0
2026-10-06,8261,-1838525.0,0.0,-32471.0
2026-10-06,3673,-2214150.0,-1000.0,46012.0
2026-10-06,3031,-2298109.0,0.0,0.0
2026-10-06,2327,-308308.0,-2283000.0,125828.0
2026-10-06,8039,-1850494.0,7000.0,-728934.0
2026-10-06,2354,-2435085.0,0.0,-230366.0
2026-10-06,5871,-2707827.0,-78000.0,53710.0
2026-10-06,3006,-2461870.0,0.0,-338820.0
2026-10-06,2324,-3173518.0,-10000.0,352805.0
2026-10-06,4989,-2904755.0,0.0,14789.0
2026-10-06,2455,-1551661.0,-315000.0,-1030411.0
2026-10-06,2449,-2700146.0,-335000.0,105747.0
2026-10-06,2610,-2926000.0,-223000.0,-5000.0
2026-10-06,6005,-3202346.0,-3000.0,0.0
2026-10-06,2305,-3836016.0,0.0,89753.0
2026-10-06,2344,7287269.0,-10812000.0,-304472.0
2026-10-06,2834,-3954725.0,-3000.0,30000.0
2026-10-06,1727,-4118361.0,0.0,-601274.0
2026-10-06,2454,-3912152.0,-851555.0,31675.0
2026-10-06,2367,-4611927.0,0.0,-259298.0
2026-10-06,3231,-3550113.0,-1146000.0,-284110.0
2026-10-06,3717,-5895424.0,0.0,-26000.0
2026-10-06,2426,-6385489.0,0.0,-315257.0
2026-10-06,2481,-6551967.0,-35000.0,-402766.0
2026-10-06,3481,-7402878.0,-14000.0,-1311246.0
2026-10-06,2485,-8696383.0,0.0,-469363.0
2026-10-06,6116,-9810009.0,0.0,-166100.0
2026-10-06,6770,-15521747.0,-340000.0,-743436.0
2026-10-06,2317,-19982641.0,-1140948.0,393963.0
2026-10-06,2303,4720013.0,-59352010.0,5367467.0
2026-10-06,2409,-87053778.0,-17000.0,-6549299.0
2026-10-06,1569,-455720.0,0.0,26001.0
2026-10-06,1785,-2038653.0,7000.0,46375.0
2026-10-06,1815,-1456081.0,24000.0,33955.0
2026-10-06,2061,133369.0,0.0,13232.0
2026-10-06,3081,-184666.0,-62800.0,-78.0
2026-10-06,3105,-2443493.0,-23400.0,-126320.0
2026-10-06,3131,8310.0,1061.0,-8040.0
2026-10-06,3141,-1449750.0,0.0,-72938.0
2026-10-06,3147,-309744.0,0.0,11773.0
2026-10-06,3162,297814.0,0.0,-13126.0
2026-10-06,3163,-42025.0,-90125.0,-437.0
2026-10-06,3211,1588310.0,-29300.0,-140613.0
2026-10-06,3221,-335227.0,0.0,-2715.0
2026-10-06,3234,-121134.0,0.0,-9878.0
2026-10-06,3236,385006.0,0.0,6055.0
2026-10-06,3260,-2892416.0,-70000.0,147526.0
2026-10-06,3264,-601488.0,-817000.0,310936.0
2026-10-06,3265,897274.0,0.0,124173.0
2026-10-06,3293,286486.0,6000.0,-23637.0
2026-10-06,3317,-286095.0,0.0,-70329.0
2026-10-06,3324,-189383.0,-367.0,-45036.0
2026-10-06,3357,49990.0,0.0,14967.0
2026-10-06,3362,-183957.0,0.0,-4831.0
2026-10-06,3363,-335879.0,0.0,-929.0
2026-10-06,3374,-2209732.0,1232.0,-227961.0
2026-10-06,3441,-449000.0,0.0,-14490.0
2026-10-06,3455,-13090.0,0.0,-59771.0
2026-10-06,3490,-160410.0,0.0,-315.0
2026-10-06,3491,392443.0,139520.0,48448.0
2026-10-06,3498,-213675.0,0.0,-86962.0
2026-10-06,3529,241027.0,-180752.0,-4858.0
2026-10-06,3624,24171.0,-500000.0,276449.0
2026-10-06,3675,169820.0,104000.0,-17190.0
2026-10-06,3680,423621.0,328.0,-46614.0
2026-10-06,3693,181559.0,-34000.0,102872.0
2026-10-06,3707,288671.0,0.0,-80376.0
2026-10-06,4542,-186374.0,0.0,-5441.0
2026-10-06,4556,-195513.0,0.0,16934.0
2026-10-06,4707,2246795.0,0.0,-56062.0
2026-10-06,4749,-144446.0,-712.0,-12605.0
2026-10-06,4760,356778.0,0.0,16469.0
2026-10-06,4768,419.0,0.0,7684.0
2026-10-06,4772,-104000.0,0.0,-16726.0
2026-10-06,4908,-217696.0,0.0,6987.0
2026-10-06,4931,1429907.0,0.0,230229.0
2026-10-06,4939,167268.0,0.0,-8520.0
2026-10-06,4966,-166797.0,22000.0,-3817.0
2026-10-06,4971,-144585.0,0.0,-668.0
2026-10-06,4979,-701568.0,-683000.0,-174143.0
2026-10-06,4991,116307.0,0.0,29169.0
2026-10-06,5274,-2307.0,-14750.0,-165.0
2026-10-06,5289,-495035.0,1100.0,-31643.0
2026-10-06,5309,18504.0,-3000.0,-267971.0
2026-10-06,5314,-963384.0,0.0,-384263.0
2026-10-06,5328,161161.0,0.0,-3563.0
2026-10-06,5340,-24126.0,0.0,6541.0
2026-10-06,5347,12070915.0,196000.0,607134.0
2026-10-06,5351,156864.0,0.0,23417.0
2026-10-06,5425,-3742109.0,0.0,-812313.0
2026-10-06,5439,-320233.0,0.0,58915.0
2026-10-06,5443,316195.0,0.0,-3687.0
2026-10-06,5475,-161564.0,0.0,796.0
2026-10-06,5483,-1365723.0,165000.0,247031.0
2026-10-06,5536,341362.0,400.0,52075.0
2026-10-06,5904,195217.0,65000.0,19161.0
2026-10-06,6121,-176952.0,-16512.0,-902.0
2026-10-06,6127,304535.0,0.0,-440.0
2026-10-06,6147,3942187.0,-4050000.0,463314.0
2026-10-06,6173,-194076.0,0.0,-48767.0
2026-10-06,6182,-3960175.0,-750000.0,-684346.0
2026-10-06,6187,336699.0,105205.0,-80725.0
2026-10-06,6190,-2011179.0,0.0,-34750.0
2026-10-06,6199,73480.0,0.0,-4007.0
2026-10-06,6207,-1139825.0,0.0,15754.0
2026-10-06,6217,-430568.0,0.0,914.0
2026-10-06,6223,198727.0,46114.0,-9589.0
2026-10-06,6274,-121814.0,905000.0,-261547.0
2026-10-06,6290,139386.0,0.0,88363.0
2026-10-06,6291,-18750.0,0.0,-4651.0
2026-10-06,6435,-118773.0,0.0,-8927.0
2026-10-06,6488,-518347.0,106000.0,103667.0
2026-10-06,6510,-39876.0,-14912.0,-171.0
2026-10-06,6538,173572.0,0.0,7499.0
2026-10-06,6548,-1190400.0,411000.0,-32603.0
2026-10-06,6584,-88746.0,-1000.0,2396.0
2026-10-06,6620,-131000.0,0.0,-6981.0
2026-10-06,6640,-111487.0,0.0,-14991.0
2026-10-06,6643,-26993.0,0.0,-8765.0
2026-10-06,6664,86595.0,2000.0,-6736.0
2026-10-06,6683,79259.0,-9000.0,-16784.0
2026-10-06,6693,-114000.0,0.0,-89004.0
2026-10-06,6716,-115134.0,0.0,-7467.0
2026-10-06,6727,-150281.0,0.0,-745.0
2026-10-06,6739,-7000.0,0.0,1959.0
2026-10-06,6907,59731.0,0.0,-39482.0
2026-10-06,7717,41163.0,0.0,-19652.0
2026-10-06,7734,-1379.0,3000.0,1155.0
2026-10-06,7751,2300.0,0.0,-1758.0
2026-10-06,7828,-25492.0,0.0,-976.0
2026-10-06,7856,-89733.0,3000.0,1127.0
2026-10-06,8027,-40832.0,0.0,-5312.0
2026-10-06,8042,5059.0,0.0,9040.0
2026-10-06,8043,26498.0,0.0,-4174.0
2026-10-06,8064,-847513.0,0.0,-41118.0
2026-10-06,8069,-978225.0,17000.0,213994.0
2026-10-06,8086,361188.0,0.0,58988.0
2026-10-06,8091,48101.0,0.0,-3587.0
2026-10-06,8096,406210.0,0.0,-8476.0
2026-10-06,8111,452281.0,0.0,-140821.0
2026-10-06,8155,58928.0,0.0,-17591.0
2026-10-06,8227,9100.0,0.0,4815.0
2026-10-06,8299,-173225.0,-632.0,-10464.0
2026-10-06,8358,-1156929.0,77000.0,-182048.0
2026-10-06,9105,6598000.0,0.0,152273.0
2026-10-06,2369,745498.0,0.0,13661.0
2026-10-06,2402,485409.0,0.0,53462.0
2026-10-06,9904,237250.0,-80000.0,293243.0
2026-10-06,2241,308564.0,0.0,0.0
2026-10-06,8131,208925.0,1000.0,7599.0
2026-10-06,5388,145594.0,5318.0,15300.0
2026-10-06,6152,-264150.0,0.0,-5010.0
2026-10-07,1301,35668335.0,10282000.0,1952676.0
2026-10-07,1605,22628111.0,2593790.0,859209.0
2026-10-07,1802,17210729.0,0.0,6232938.0
2026-10-07,9105,20323700.0,0.0,1113422.0
2026-10-07,1326,15752629.0,0.0,397492.0
2026-10-07,1303,11921385.0,1213622.0,-37109.0
2026-10-07,2344,20530198.0,-7282006.0,-329411.0
2026-10-07,2883,12143128.0,-58440.0,587692.0
2026-10-07,1314,12600578.0,0.0,-101000.0
2026-10-07,1216,8871216.0,1186410.0,77788.0
2026-10-07,2492,9934530.0,-1000.0,-323063.0
2026-10-07,2882,9200103.0,95072.0,44249.0
2026-10-07,9904,8503819.0,157256.0,410611.0
2026-10-07,3481,9504830.0,-24027.0,-856600.0
2026-10-07,1101,3877356.0,4731000.0,-56704.0
2026-10-07,2887,7927059.0,-277024.0,550648.0
2026-10-07,2885,7686361.0,205670.0,248128.0
2026-10-07,4958,6652329.0,248526.0,270570.0
2026-10-07,1409,7110740.0,0.0,-243968.0
2026-10-07,2812,5913356.0,0.0,23000.0
2026-10-07,5880,5770157.0,-51795.0,56874.0
2026-10-07,2891,4404797.0,743148.0,529993.0
2026-10-07,6505,1249139.0,3787167.0,261260.0
2026-10-07,6209,5003803.0,0.0,254988.0
2026-10-07,2327,1527417.0,3037776.0,583498.0
2026-10-07,6152,4791445.0,0.0,-9595.0
2026-10-07,6456,4383402.0,0.0,325029.0
2026-10-07,1504,4195628.0,-38889.0,231651.0
2026-10-07,2481,3942213.0,-91000.0,154440.0
2026-10-07,6278,3474693.0,59000.0,362826.0
2026-10-07,2464,3426587.0,0.0,218776.0
2026-10-07,2610,1060990.0,2536000.0,-68000.0
2026-10-07,3532,3379441.0,-77000.0,154667.0
2026-10-07,2881,3281574.0,-23059.0,27628.0
2026-10-07,1102,3075866.0,-128991.0,134513.0
2026-10-07,2801,3159688.0,-233000.0,16558.0
2026-10-07,2241,2900721.0,0.0,0.0
2026-10-07,2542,4305121.0,-1518700.0,85351.0
2026-10-07,8131,2718027.0,0.0,127329.0
2026-10-07,2484,2728073.0,0.0,76900.0
2026-10-07,2880,2274130.0,-67745.0,539097.0
2026-10-07,2884,2866810.0,-505610.0,318600.0
2026-10-07,5876,2200592.0,141000.0,319636.0
2026-10-07,3702,2530046.0,50000.0,-5861.0
2026-10-07,2412,2594003.0,-260572.0,27984.0
2026-10-07,1718,2934417.0,0.0,-632125.0
2026-10-07,3026,1601089.0,647000.0,-12998.0
2026-10-07,1714,1984233.0,0.0,50530.0
2026-10-07,3042,1598549.0,274000.0,142851.0
2026-10-07,4989,2025744.0,0.0,-17612.0
2026-10-07,3189,1779024.0,151000.0,-8958.0
2026-10-07,2402,1528207.0,0.0,363389.0
2026-10-07,2302,1868756.0,0.0,2533.0
2026-10-07,2489,1492509.0,5700.0,335501.0
2026-10-07,2886,7347946.0,-6177586.0,342304.0
2026-10-07,2027,2844603.0,-1402000.0,45838.0
2026-10-07,2382,1441121.0,-17474.0,40781.0
2026-10-07,2301,1321319.0,82585.0,51778.0
2026-10-07,3037,1811033.0,-449709.0,-8813.0
2026-10-07,2305,1405110.0,0.0,-100926.0
2026-10-07,6834,1260715.0,0.0,42173.0
2026-10-07,8039,1116595.0,12000.0,152661.0
2026-10-07,4904,931060.0,232711.0,97364.0
2026-10-07,3706,1168886.0,20000.0,-28963.0
2026-10-07,2912,987997.0,113000.0,4215.0
2026-10-07,6706,913345.0,0.0,138961.0
2026-10-07,3715,782943.0,0.0,243124.0
2026-10-07,2451,886533.0,126400.0,4714.0
2026-10-07,2377,1011911.0,-27383.0,32745.0
2026-10-07,2342,1006480.0,0.0,3816.0
2026-10-07,2347,1579134.0,-668461.0,52592.0
2026-10-07,6944,935185.0,2000.0,15604.0
2026-10-07,1708,935934.0,0.0,-14450.0
2026-10-07,2236,921050.0,0.0,-30836.0
2026-10-07,8110,880100.0,0.0,-5728.0
2026-10-07,2615,952652.0,0.0,-109633.0
2026-10-07,3149,840383.0,0.0,-1785.0
2026-10-07,1477,870228.0,-38241.0,-22129.0
2026-10-07,3543,806492.0,0.0,0.0
2026-10-07,6282,882379.0,-41000.0,-82934.0
2026-10-07,4566,814141.0,0.0,-62596.0
2026-10-07,3661,394034.0,362000.0,-8027.0
2026-10-07,3016,700255.0,0.0,17609.0
2026-10-07,3035,664518.0,0.0,51075.0
2026-10-07,1513,568389.0,35752.0,101842.0
2026-10-07,4919,175667.0,-109.0,530315.0
2026-10-07,3717,685970.0,0.0,6000.0
2026-10-07,2363,340053.0,0.0,327924.0
2026-10-07,2360,789424.0,20222.0,-173124.0
2026-10-07,3030,560433.0,0.0,73275.0
2026-10-07,3045,402202.0,134973.0,82053.0
2026-10-07,8103,613381.0,0.0,-3880.0
2026-10-07,1476,572223.0,8000.0,24316.0
2026-10-07,3673,690599.0,0.0,-88639.0
2026-10-07,2353,557014.0,-35000.0,-2231.0
2026-10-07,8046,501520.0,113697.0,-103822.0
2026-10-07,5285,551725.0,0.0,-57190.0
2026-10-07,1717,2084866.0,-1500000.0,-104886.0
2026-10-07,2467,365124.0,90000.0,3726.0
2026-10-07,2618,349408.0,-52582.0,153040.0
2026-10-07,2383,388521.0,38604.0,7770.0
2026-10-07,2609,527186.0,-25000.0,-72557.0
2026-10-07,6271,278273.0,102000.0,30632.0
2026-10-07,2498,383172.0,0.0,17947.0
2026-10-07,6442,314303.0,-45000.0,128804.0
2026-10-07,3714,365370.0,0.0,-5145.0
2026-10-07,3023,346191.0,-14000.0,16786.0
2026-10-07,8996,424616.0,-124039.0,43563.0
2026-10-07,3094,333142.0,0.0,3000.0
2026-10-07,6197,382546.0,0.0,-59705.0
2026-10-07,4551,-153320.0,300000.0,175462.0
2026-10-07,6446,284700.0,28770.0,7104.0
2026-10-07,2049,294267.0,-1000.0,13345.0
2026-10-07,1560,272068.0,37766.0,-6441.0
2026-10-07,6672,122829.0,179000.0,-21559.0
2026-10-07,2426,271483.0,0.0,2533.0
2026-10-07,3019,269958.0,0.0,-10605.0
2026-10-07,6957,252001.0,0.0,2553.0
2026-10-07,2030,271900.0,0.0,-19000.0
2026-10-07,2834,191000.0,0.0,61000.0
2026-10-07,2340,-254797.0,0.0,501705.0
2026-10-07,3701,178927.0,0.0,57965.0
2026-10-07,6668,222687.0,0.0,-2000.0
2026-10-07,6415,232565.0,2000.0,-30260.0
2026-10-07,6196,210297.0,5000.0,-15697.0
2026-10-07,2441,43441.0,171000.0,-15734.0
2026-10-07,2404,163615.0,44904.0,-32953.0
2026-10-07,3167,157884.0,0.0,17493.0
2026-10-07,7610,128719.0,0.0,28006.0
2026-10-07,8028,23348.0,0.0,128678.0
2026-10-07,6166,149188.0,0.0,982.0
2026-10-07,6691,108271.0,49000.0,-16154.0
2026-10-07,6789,135450.0,1000.0,2224.0
2026-10-07,6451,120377.0,0.0,8983.0
2026-10-07,6830,111691.0,0.0,3782.0
2026-10-07,7711,89971.0,0.0,23371.0
2026-10-07,2428,86158.0,0.0,13313.0
2026-10-07,4977,20281.0,0.0,64229.0
2026-10-07,3665,929768.0,-884130.0,36050.0
2026-10-07,3443,-6145.0,128493.0,-41213.0
2026-10-07,6933,76209.0,0.0,-2579.0
2026-10-07,2385,89392.0,-44187.0,25910.0
2026-10-07,7795,63894.0,0.0,7032.0
2026-10-07,2413,54949.0,0.0,3042.0
2026-10-07,6861,56919.0,0.0,-1491.0
2026-10-07,2369,-96223.0,0.0,149536.0
2026-10-07,2059,51253.0,27664.0,-33262.0
2026-10-07,7799,33604.0,0.0,2000.0
2026-10-07,5871,156717.0,-136491.0,12443.0
2026-10-07,4956,33039.0,0.0,-580.0
2026-10-07,6658,27653.0,0.0,1531.0
2026-10-07,5434,46681.0,1000.0,-24340.0
2026-10-07,7750,13056.0,0.0,183.0
2026-10-07,1590,5480.0,-609.0,614.0
2026-10-07,2421,104101.0,12000.0,-116608.0
2026-10-07,7769,-3218.0,2900.0,-2380.0
2026-10-07,6414,-14516.0,8000.0,-703.0
2026-10-07,5269,-38170.0,8776.0,2306.0
2026-10-07,3533,-23296.0,1627.0,-6467.0
2026-10-07,6781,-44548.0,-148.0,-4538.0
2026-10-07,6805,-107659.0,46000.0,9492.0
2026-10-07,8033,-53024.0,0.0,413.0
2026-10-07,3376,3300.0,0.0,-60664.0
2026-10-07,7822,-45620.0,0.0,-14993.0
2026-10-07,3576,-97678.0,0.0,16000.0
2026-10-07,6715,-285367.0,200000.0,1958.0
2026-10-07,3044,-170286.0,95000.0,-12809.0
2026-10-07,3563,-61201.0,-9000.0,-18576.0
2026-10-07,3653,62796.0,-159121.0,2756.0
2026-10-07,2351,-31322.0,0.0,-79069.0
2026-10-07,3518,-132999.0,0.0,14722.0
2026-10-07,2476,-75382.0,0.0,-51365.0
2026-10-07,2466,-138640.0,0.0,3171.0
2026-10-07,4763,903450.0,-691000.0,-352932.0
2026-10-07,6533,-142003.0,0.0,-1000.0
2026-10-07,4764,-178863.0,0.0,29744.0
2026-10-07,1519,-194557.0,-2140.0,43707.0
2026-10-07,6831,-158336.0,0.0,-1438.0
2026-10-07,4722,-213306.0,0.0,51418.0
2026-10-07,2486,-164726.0,0.0,598.0
2026-10-07,2357,-174883.0,-64864.0,26418.0
2026-10-07,2472,-550284.0,99000.0,232474.0
2026-10-07,8112,-220358.0,0.0,-16542.0
2026-10-07,3008,-392817.0,41511.0,106868.0
2026-10-07,6168,-269373.0,0.0,4497.0
2026-10-07,4576,-278158.0,0.0,-6172.0
2026-10-07,4961,-300705.0,36000.0,-39963.0
2026-10-07,3406,-576097.0,289000.0,-19825.0
2026-10-07,6226,-324000.0,0.0,5000.0
2026-10-07,2345,-215509.0,-73643.0,-53216.0
2026-10-07,2493,-376958.0,0.0,28378.0
2026-10-07,6449,-471383.0,0.0,111027.0
2026-10-07,2606,-381147.0,63000.0,-49219.0
2026-10-07,6526,-412473.0,30000.0,11529.0
2026-10-07,6257,-1329387.0,577000.0,379215.0
2026-10-07,6139,-390316.0,-2089.0,14001.0
2026-10-07,3013,-444410.0,0.0,56226.0
2026-10-07,2855,-462104.0,60712.0,0.0
2026-10-07,3583,-286445.0,-78000.0,-38897.0
2026-10-07,2395,-301266.0,-93335.0,-12628.0
2026-10-07,1773,-388438.0,-1000.0,-18678.0
2026-10-07,4967,-424847.0,0.0,-13924.0
2026-10-07,2316,-517601.0,0.0,74988.0
2026-10-07,3311,-403661.0,0.0,-46000.0
2026-10-07,5388,-504000.0,0.0,53844.0
2026-10-07,5234,-436435.0,-4000.0,-11163.0
2026-10-07,6531,-498312.0,12940.0,-14784.0
2026-10-07,2379,-597294.0,86000.0,5085.0
2026-10-07,6919,-520762.0,0.0,-4334.0
2026-10-07,6669,-484121.0,-17403.0,-29347.0
2026-10-07,2485,-830740.0,0.0,285220.0
2026-10-07,6426,-583970.0,0.0,7283.0
2026-10-07,8210,-511810.0,-68000.0,689.0
2026-10-07,2892,-590676.0,-35136.0,42155.0
2026-10-07,3014,-474590.0,49863.0,-163602.0
2026-10-07,6155,-705223.0,0.0,113135.0
2026-10-07,2455,1850713.0,-2424000.0,-32757.0
2026-10-07,3450,-1194569.0,591000.0,-25108.0
2026-10-07,2603,-676223.0,189397.0,-148961.0
2026-10-07,2399,-629347.0,0.0,-11831.0
2026-10-07,2330,-1163351.0,72763.0,447067.0
2026-10-07,4938,-674692.0,-144217.0,66587.0
2026-10-07,6515,-717729.0,-54034.0,7530.0
2026-10-07,3034,-860020.0,94592.0,-5201.0
2026-10-07,3036,-2014692.0,1293000.0,-53565.0
2026-10-07,7788,-624354.0,0.0,-162077.0
2026-10-07,6213,-359158.0,-76000.0,-356678.0
2026-10-07,9933,-934648.0,-57400.0,146432.0
2026-10-07,8261,-829071.0,0.0,-17496.0
2026-10-07,4927,-1067108.0,0.0,200722.0
2026-10-07,2605,-1059274.0,-1000.0,184048.0
2026-10-07,2375,-951012.0,0.0,70828.0
2026-10-07,1727,-890181.0,0.0,-11907.0
2026-10-07,2368,-1816224.0,1102557.0,-219976.0
2026-10-07,2634,-926910.0,-14000.0,-3476.0
2026-10-07,2354,-903165.0,0.0,-77097.0
2026-10-07,8021,-1152066.0,228000.0,-58868.0
2026-10-07,3017,-1058722.0,147334.0,-102172.0
2026-10-07,2436,-722630.0,0.0,-353220.0
2026-10-07,3006,-1063659.0,0.0,-12276.0
2026-10-07,2254,-1161780.0,0.0,4045.0
2026-10-07,3031,-1181100.0,0.0,-1000.0
2026-10-07,2637,-1275903.0,16719.0,-62747.0
2026-10-07,3711,-1409998.0,31797.0,26468.0
2026-10-07,4916,-1462923.0,0.0,30804.0
2026-10-07,2367,-1395926.0,0.0,-177852.0
2026-10-07,6005,-1643813.0,-5000.0,0.0
2026-10-07,3090,-1992488.0,100000.0,121323.0
2026-10-07,2449,-1916599.0,-66829.0,98753.0
2026-10-07,2474,-1946024.0,-18293.0,-42309.0
2026-10-07,2308,-2067353.0,71833.0,-109756.0
2026-10-07,2478,-2192662.0,0.0,38740.0
2026-10-07,3605,-2258386.0,0.0,-85084.0
2026-10-07,8150,-2169566.0,40000.0,-217592.0
2026-10-07,6285,-2299676.0,-8208.0,-242658.0
2026-10-07,2371,-2826500.0,-96000.0,203490.0
2026-10-07,1709,-3122598.0,0.0,-18392.0
2026-10-07,2454,-2769280.0,-285010.0,-130785.0
2026-10-07,2337,-3761643.0,0.0,-99826.0
2026-10-07,2356,-3961166.0,-18000.0,48174.0
2026-10-07,6239,-3877640.0,102000.0,-554622.0
2026-10-07,6116,-5103031.0,0.0,715278.0
2026-10-07,2002,-4203392.0,-283000.0,-3984.0
2026-10-07,1711,-4278158.0,0.0,-245692.0
2026-10-07,2324,-4579307.0,-12000.0,-137768.0
2026-10-07,4906,-5044473.0,0.0,-188668.0
2026-10-07,2376,-6748569.0,-272000.0,-11840.0
2026-10-07,2313,-6955453.0,111000.0,-588249.0
2026-10-07,2890,-11525914.0,1896485.0,208357.0
2026-10-07,2408,-7464541.0,-1496739.0,-651069.0
2026-10-07,3231,-9225689.0,-1754924.0,94469.0
2026-10-07,2317,-11742552.0,-625772.0,-270662.0
2026-10-07,2303,-15334483.0,-17653101.0,-351307.0
2026-10-07,6770,-36305486.0,-135851.0,-3218566.0
2026-10-07,2409,-76192815.0,-21934.0,-3892286.0
2026-10-07,1569,1090121.0,0.0,13188.0
2026-10-07,1785,-4123994.0,-4000.0,-76717.0
2026-10-07,1815,4394558.0,31000.0,1202880.0
2026-10-07,2061,519151.0,0.0,28928.0
2026-10-07,3081,-38212.0,16149.0,17005.0
2026-10-07,3105,2699732.0,105200.0,286120.0
2026-10-07,3131,-94330.0,-5030.0,-19644.0
2026-10-07,3141,448065.0,0.0,18838.0
2026-10-07,3147,19326.0,0.0,34726.0
2026-10-07,3163,-170992.0,0.0,12638.0
2026-10-07,3211,-364099.0,-8900.0,-55768.0
2026-10-07,3221,968271.0,0.0,73391.0
2026-10-07,3234,8037.0,0.0,68895.0
2026-10-07,3236,-510442.0,0.0,64528.0
2026-10-07,3260,-2539057.0,-59566.0,32070.0
2026-10-07,3264,-449550.0,351000.0,92017.0
2026-10-07,3265,-192005.0,0.0,58177.0
2026-10-07,3293,126599.0,10000.0,-3706.0
2026-10-07,3317,-100000.0,0.0,-2450.0
2026-10-07,3324,125946.0,-236317.0,11237.0
2026-10-07,3357,-133790.0,0.0,16409.0
2026-10-07,3362,22521.0,0.0,1577.0
2026-10-07,3363,851911.0,15000.0,16229.0
2026-10-07,3374,646890.0,-292.0,121128.0
2026-10-07,3441,1925016.0,0.0,-11304.0
2026-10-07,3455,97468.0,0.0,15445.0
2026-10-07,3491,-105350.0,70739.0,-17153.0
2026-10-07,3498,-57467.0,0.0,-1717.0
2026-10-07,3529,82746.0,-66124.0,-30736.0
2026-10-07,3624,8124846.0,-300000.0,87770.0
2026-10-07,3675,15597.0,61000.0,58736.0
2026-10-07,3680,90535.0,-165.0,1027.0
2026-10-07,3693,-99153.0,-5000.0,-39604.0
2026-10-07,3707,4719028.0,0.0,20250.0
2026-10-07,4542,-81677.0,0.0,-1543.0
2026-10-07,4556,-19100.0,0.0,-11000.0
2026-10-07,4707,-1126822.0,0.0,3635.0
2026-10-07,4749,-15313.0,-144.0,6259.0
2026-10-07,4760,-506973.0,0.0,11207.0
2026-10-07,4768,-177243.0,0.0,-1732.0
2026-10-07,4772,-123000.0,0.0,24891.0
2026-10-07,4908,617344.0,0.0,189525.0
2026-10-07,4931,-1706063.0,0.0,-110943.0
2026-10-07,4939,-96974.0,0.0,6179.0
2026-10-07,4966,112882.0,9000.0,3915.0
2026-10-07,4971,36129.0,0.0,6162.0
2026-10-07,4979,-202984.0,-329000.0,11607.0
2026-10-07,4991,231707.0,139000.0,11601.0
2026-10-07,5274,5755.0,-66575.0,481.0
2026-10-07,5289,-252380.0,-2473.0,-3401.0
2026-10-07,5309,-731634.0,-20000.0,26162.0
2026-10-07,5314,-1750829.0,0.0,-495451.0
2026-10-07,5328,-533450.0,0.0,10927.0
2026-10-07,5340,1210127.0,0.0,122498.0
2026-10-07,5347,703286.0,406000.0,-380800.0
2026-10-07,5351,-1502568.0,0.0,-18816.0
2026-10-07,5425,2313377.0,0.0,435234.0
2026-10-07,5439,-400836.0,0.0,-2536.0
2026-10-07,5475,1133147.0,0.0,-2698.0
2026-10-07,5483,12228776.0,137669.0,635963.0
2026-10-07,5536,278418.0,22238.0,49201.0
2026-10-07,5904,1139931.0,132400.0,-100408.0
2026-10-07,6127,-370124.0,0.0,49035.0
2026-10-07,6147,16381379.0,4977000.0,831533.0
2026-10-07,6182,12752171.0,-141000.0,1101179.0
2026-10-07,6187,35496.0,101897.0,13345.0
2026-10-07,6190,-308432.0,0.0,10718.0
2026-10-07,6199,454420.0,0.0,56604.0
2026-10-07,6207,1061155.0,0.0,-68934.0
2026-10-07,6217,383291.0,0.0,-477.0
2026-10-07,6218,-259097.0,0.0,2455.0
2026-10-07,6223,26335.0,-120705.0,-12748.0
2026-10-07,6274,-937607.0,177000.0,-115771.0
2026-10-07,6290,-831269.0,0.0,-193039.0
2026-10-07,6291,27085.0,0.0,-81315.0
2026-10-07,6435,-57263.0,0.0,-4406.0
2026-10-07,6488,-355788.0,-1337644.0,680361.0
2026-10-07,6510,-22337.0,-38044.0,-8523.0
2026-10-07,6538,-9150.0,0.0,37787.0
2026-10-07,6548,-1708313.0,151000.0,162214.0
2026-10-07,6584,-62730.0,0.0,-12807.0
2026-10-07,6620,-42996.0,0.0,6896.0
2026-10-07,6640,-74995.0,-132000.0,-7958.0
2026-10-07,6643,104526.0,0.0,-32529.0
2026-10-07,6667,712882.0,0.0,13697.0
2026-10-07,6683,-71780.0,0.0,-4560.0
2026-10-07,6693,-47150.0,0.0,-143869.0
2026-10-07,6716,218851.0,0.0,2800.0
2026-10-07,6727,35315.0,0.0,-9228.0
2026-10-07,7717,-45619.0,0.0,-39707.0
2026-10-07,7734,-4819.0,0.0,1739.0
2026-10-07,7751,24982.0,6000.0,940.0
2026-10-07,7792,-552807.0,0.0,-17094.0
2026-10-07,7828,-24675.0,0.0,0.0
2026-10-07,7856,88815.0,18000.0,-9617.0
2026-10-07,8027,-117762.0,0.0,415.0
2026-10-07,8042,897903.0,0.0,54836.0
2026-10-07,8043,-101517.0,0.0,81506.0
2026-10-07,8064,-119696.0,0.0,-3486.0
2026-10-07,8069,-1907996.0,-11523.0,-183796.0
2026-10-07,8086,1843583.0,0.0,340183.0
2026-10-07,8111,-1360274.0,0.0,-125330.0
2026-10-07,8155,40301.0,0.0,-1734.0
2026-10-07,8227,-64000.0,0.0,299.0
2026-10-07,8299,-357660.0,16367.0,-46583.0
2026-10-07,8358,-475281.0,270000.0,-80662.0
2026-10-07,1907,414645.0,0.0,6000.0
