date,code,margin_bal,short_bal
2026-09-24,1101,39730.0,70.0
2026-09-24,1102,655.0,7.0
2026-09-24,1216,839.0,1.0
2026-09-24,1301,17459.0,787.0
2026-09-24,1303,41217.0,2029.0
2026-09-24,1314,77693.0,324.0
2026-09-24,1326,21634.0,200.0
2026-09-24,1476,1676.0,18.0
2026-09-24,1504,27781.0,64.0
2026-09-24,1519,3236.0,47.0
2026-09-24,1560,1127.0,220.0
2026-09-24,1590,152.0,0.0
2026-09-24,1708,6345.0,77.0
2026-09-24,1709,30703.0,905.0
2026-09-24,1717,17552.0,419.0
2026-09-24,1727,9574.0,413.0
2026-09-24,1802,38108.0,1053.0
2026-09-24,1809,6207.0,169.0
2026-09-24,2002,39873.0,26.0
2026-09-24,2027,21351.0,350.0
2026-09-24,2030,10586.0,360.0
2026-09-24,2049,3592.0,45.0
2026-09-24,2059,682.0,2.0
2026-09-24,2301,18092.0,91.0
2026-09-24,2302,4393.0,214.0
2026-09-24,2303,171581.0,5803.0
2026-09-24,2305,8558.0,2138.0
2026-09-24,2308,10934.0,127.0
2026-09-24,2313,35656.0,609.0
2026-09-24,2317,58103.0,409.0
2026-09-24,2324,56824.0,919.0
2026-09-24,2327,48111.0,452.0
2026-09-24,2330,29707.0,16.0
2026-09-24,2337,87135.0,1571.0
2026-09-24,2342,5615.0,202.0
2026-09-24,2344,123000.0,3497.0
2026-09-24,2345,3297.0,8.0
2026-09-24,2351,13855.0,278.0
2026-09-24,2353,36975.0,1143.0
2026-09-24,2354,25133.0,107.0
2026-09-24,2356,28505.0,89.0
2026-09-24,2357,1483.0,101.0
2026-09-24,2360,1525.0,20.0
2026-09-24,2363,17884.0,123.0
2026-09-24,2368,12627.0,110.0
2026-09-24,2376,6278.0,362.0
2026-09-24,2377,12076.0,69.0
2026-09-24,2379,2526.0,28.0
2026-09-24,2382,15766.0,51.0
2026-09-24,2383,2387.0,2.0
2026-09-24,2395,1538.0,56.0
2026-09-24,2404,2236.0,29.0
2026-09-24,2406,13437.0,323.0
2026-09-24,2408,63339.0,2056.0
2026-09-24,2409,305332.0,13803.0
2026-09-24,2412,1809.0,29.0
2026-09-24,2421,4101.0,34.0
2026-09-24,2426,29238.0,1386.0
2026-09-24,2436,8057.0,199.0
2026-09-24,2441,6580.0,8.0
2026-09-24,2449,23826.0,495.0
2026-09-24,2451,5438.0,138.0
2026-09-24,2454,10770.0,76.0
2026-09-24,2455,10153.0,692.0
2026-09-24,2458,4301.0,82.0
2026-09-24,2464,19869.0,467.0
2026-09-24,2466,5952.0,376.0
2026-09-24,2467,1769.0,9.0
2026-09-24,2472,5726.0,15.0
2026-09-24,2474,6504.0,4.0
2026-09-24,2481,18748.0,1042.0
2026-09-24,2484,18364.0,82.0
2026-09-24,2486,23007.0,228.0
2026-09-24,2489,37453.0,913.0
2026-09-24,2492,18364.0,728.0
2026-09-24,2493,9787.0,27.0
2026-09-24,2498,29775.0,435.0
2026-09-24,2542,5006.0,0.0
2026-09-24,2603,10859.0,459.0
2026-09-24,2609,31799.0,2070.0
2026-09-24,2610,39920.0,192.0
2026-09-24,2615,14970.0,1104.0
2026-09-24,2618,20467.0,1016.0
2026-09-24,2801,9423.0,226.0
2026-09-24,2812,3519.0,2.0
2026-09-24,2834,29899.0,47.0
2026-09-24,2855,4389.0,178.0
2026-09-24,2880,819.0,94.0
2026-09-24,2881,5812.0,344.0
2026-09-24,2882,5034.0,1496.0
2026-09-24,2883,10286.0,349.0
2026-09-24,2884,6609.0,282.0
2026-09-24,2885,1643.0,4.0
2026-09-24,2886,2794.0,19.0
2026-09-24,2887,42077.0,321.0
2026-09-24,2890,2077.0,101.0
2026-09-24,2891,2667.0,63.0
2026-09-24,2892,15993.0,135.0
2026-09-24,2912,999.0,0.0
2026-09-24,3006,20139.0,432.0
2026-09-24,3008,4320.0,56.0
2026-09-24,3014,2798.0,21.0
2026-09-24,3016,11776.0,2487.0
2026-09-24,3017,3853.0,65.0
2026-09-24,3019,12706.0,47.0
2026-09-24,3026,12555.0,452.0
2026-09-24,3029,3714.0,34.0
2026-09-24,3034,2498.0,93.0
2026-09-24,3035,9516.0,396.0
2026-09-24,3036,15346.0,86.0
2026-09-24,3037,32653.0,769.0
2026-09-24,3042,18528.0,350.0
2026-09-24,3044,5549.0,37.0
2026-09-24,3045,509.0,226.0
2026-09-24,3055,8858.0,391.0
2026-09-24,3090,6401.0,41.0
2026-09-24,3094,5793.0,282.0
2026-09-24,3167,8625.0,171.0
2026-09-24,3189,21364.0,884.0
2026-09-24,3231,52569.0,361.0
2026-09-24,3376,12230.0,48.0
2026-09-24,3406,3482.0,200.0
2026-09-24,3443,4948.0,174.0
2026-09-24,3450,13586.0,231.0
2026-09-24,3481,323996.0,3991.0
2026-09-24,3518,4746.0,57.0
2026-09-24,3532,8843.0,614.0
2026-09-24,3533,1809.0,0.0
2026-09-24,3563,6817.0,18.0
2026-09-24,3576,0.0,0.0
2026-09-24,3605,18523.0,3108.0
2026-09-24,3645,6633.0,31.0
2026-09-24,3653,2999.0,207.0
2026-09-24,3661,5732.0,23.0
2026-09-24,3665,4966.0,34.0
2026-09-24,3702,13472.0,42.0
2026-09-24,3706,26575.0,41.0
2026-09-24,3711,9012.0,296.0
2026-09-24,3714,24355.0,242.0
2026-09-24,3715,24201.0,513.0
2026-09-24,3717,16677.0,3479.0
2026-09-24,4566,4395.0,101.0
2026-09-24,4763,41221.0,28.0
2026-09-24,4770,1994.0,19.0
2026-09-24,4916,7861.0,63.0
2026-09-24,4919,18773.0,1061.0
2026-09-24,4938,4032.0,23.0
2026-09-24,4956,6622.0,382.0
2026-09-24,4958,38381.0,219.0
2026-09-24,4967,7244.0,1405.0
2026-09-24,5269,1783.0,64.0
2026-09-24,5871,5095.0,4.0
2026-09-24,5880,4060.0,51.0
2026-09-24,6116,41879.0,6865.0
2026-09-24,6139,9205.0,19.0
2026-09-24,6166,3134.0,41.0
2026-09-24,6168,5550.0,896.0
2026-09-24,6196,1754.0,11.0
2026-09-24,6197,6339.0,55.0
2026-09-24,6205,4017.0,46.0
2026-09-24,6209,14254.0,259.0
2026-09-24,6213,18560.0,1010.0
2026-09-24,6214,688.0,117.0
2026-09-24,6239,21043.0,88.0
2026-09-24,6257,11594.0,122.0
2026-09-24,6271,6906.0,32.0
2026-09-24,6278,10056.0,138.0
2026-09-24,6285,14114.0,54.0
2026-09-24,6415,4516.0,60.0
2026-09-24,6426,3525.0,204.0
2026-09-24,6442,4108.0,15.0
2026-09-24,6443,6717.0,166.0
2026-09-24,6446,8502.0,17.0
2026-09-24,6451,9281.0,84.0
2026-09-24,6456,23714.0,414.0
2026-09-24,6505,7410.0,490.0
2026-09-24,6515,882.0,15.0
2026-09-24,6526,2141.0,20.0
2026-09-24,6531,5372.0,87.0
2026-09-24,6533,3336.0,1892.0
2026-09-24,6669,3742.0,1109.0
2026-09-24,6672,6735.0,72.0
2026-09-24,6691,1847.0,3.0
2026-09-24,6706,8035.0,279.0
2026-09-24,6715,6847.0,104.0
2026-09-24,6770,130053.0,1394.0
2026-09-24,6789,5035.0,22.0
2026-09-24,6805,2317.0,97.0
2026-09-24,6830,4432.0,666.0
2026-09-24,6831,1790.0,28.0
2026-09-24,6834,6205.0,1.0
2026-09-24,6861,2818.0,79.0
2026-09-24,6919,0.0,0.0
2026-09-24,6933,2053.0,39.0
2026-09-24,6944,1037.0,21.0
2026-09-24,7711,2009.0,61.0
2026-09-24,7750,678.0,0.0
2026-09-24,7769,593.0,0.0
2026-09-24,7795,1948.0,6.0
2026-09-24,7799,2013.0,34.0
2026-09-24,8021,14515.0,229.0
2026-09-24,8028,7642.0,118.0
2026-09-24,8039,21945.0,1150.0
2026-09-24,8046,10329.0,641.0
2026-09-24,8103,7490.0,186.0
2026-09-24,8110,16805.0,416.0
2026-09-24,8112,16559.0,1968.0
2026-09-24,8150,16822.0,1287.0
2026-09-24,8210,4273.0,11.0
2026-09-24,8261,6723.0,10.0
2026-09-24,8996,8608.0,126.0
2026-09-24,9945,15977.0,28.0
2026-09-24,1569,13428.0,219.0
2026-09-24,1785,25865.0,25.0
2026-09-24,1815,42825.0,379.0
2026-09-24,2221,2145.0,855.0
2026-09-24,3081,5909.0,106.0
2026-09-24,3105,45247.0,1194.0
2026-09-24,3131,396.0,1.0
2026-09-24,3147,1333.0,3.0
2026-09-24,3163,7547.0,61.0
2026-09-24,3211,8074.0,599.0
2026-09-24,3219,2041.0,620.0
2026-09-24,3234,0.0,0.0
2026-09-24,3260,18879.0,69.0
2026-09-24,3264,10958.0,152.0
2026-09-24,3293,2315.0,3.0
2026-09-24,3294,6322.0,139.0
2026-09-24,3317,4702.0,82.0
2026-09-24,3324,6969.0,205.0
2026-09-24,3339,6749.0,94.0
2026-09-24,3363,7250.0,318.0
2026-09-24,3374,28639.0,966.0
2026-09-24,3455,5823.0,81.0
2026-09-24,3491,2940.0,53.0
2026-09-24,3498,5472.0,545.0
2026-09-24,3529,1937.0,18.0
2026-09-24,3624,13344.0,927.0
2026-09-24,3675,2529.0,35.0
2026-09-24,3680,2578.0,141.0
2026-09-24,3691,3290.0,159.0
2026-09-24,3693,5011.0,48.0
2026-09-24,3707,14527.0,453.0
2026-09-24,4542,5105.0,144.0
2026-09-24,4749,3909.0,19.0
2026-09-24,4908,4828.0,57.0
2026-09-24,4931,9693.0,134.0
2026-09-24,4939,5552.0,404.0
2026-09-24,4966,3672.0,6.0
2026-09-24,4971,4464.0,175.0
2026-09-24,4979,14457.0,646.0
2026-09-24,4991,9307.0,96.0
2026-09-24,5274,132.0,0.0
2026-09-24,5289,4912.0,11.0
2026-09-24,5347,11772.0,360.0
2026-09-24,5351,13619.0,506.0
2026-09-24,5425,13023.0,306.0
2026-09-24,5475,0.0,0.0
2026-09-24,5483,17064.0,389.0
2026-09-24,5536,1215.0,4.0
2026-09-24,5904,6044.0,17.0
2026-09-24,6147,42996.0,664.0
2026-09-24,6148,2950.0,463.0
2026-09-24,6173,14044.0,1241.0
2026-09-24,6182,66259.0,1488.0
2026-09-24,6187,3359.0,17.0
2026-09-24,6199,5488.0,43.0
2026-09-24,6207,6312.0,365.0
2026-09-24,6217,13977.0,244.0
2026-09-24,6223,1178.0,9.0
2026-09-24,6274,14751.0,69.0
2026-09-24,6290,15859.0,46.0
2026-09-24,6291,1993.0,10.0
2026-09-24,6488,15893.0,522.0
2026-09-24,6510,1006.0,7.0
2026-09-24,6538,9403.0,727.0
2026-09-24,6620,10895.0,24.0
2026-09-24,6640,661.0,3.0
2026-09-24,6643,2151.0,81.0
2026-09-24,6683,2753.0,51.0
2026-09-24,6693,4375.0,36.0
2026-09-24,6727,5048.0,14.0
2026-09-24,7717,1103.0,13.0
2026-09-24,7734,975.0,5.0
2026-09-24,7751,750.0,0.0
2026-09-24,7792,1371.0,17.0
2026-09-24,8027,8258.0,99.0
2026-09-24,8040,3556.0,114.0
2026-09-24,8042,6370.0,9.0
2026-09-24,8064,12963.0,472.0
2026-09-24,8069,11610.0,21.0
2026-09-24,8111,12426.0,525.0
2026-09-24,8155,3756.0,68.0
2026-09-24,8227,3239.0,306.0
2026-09-24,8299,10753.0,38.0
2026-09-24,8358,25572.0,541.0
2026-09-23,1101,42391.0,104.0
2026-09-23,1102,627.0,7.0
2026-09-23,1216,792.0,1.0
2026-09-23,1301,17139.0,764.0
2026-09-23,1303,39389.0,1720.0
2026-09-23,1314,80972.0,332.0
2026-09-23,1326,21187.0,182.0
2026-09-23,1476,1552.0,18.0
2026-09-23,1504,27902.0,66.0
2026-09-23,1519,3279.0,39.0
2026-09-23,1560,1138.0,217.0
2026-09-23,1590,141.0,0.0
2026-09-23,1708,5973.0,55.0
2026-09-23,1709,32691.0,1036.0
2026-09-23,1717,17363.0,417.0
2026-09-23,1727,9131.0,674.0
2026-09-23,1802,38047.0,1006.0
2026-09-23,1809,6317.0,69.0
2026-09-23,2002,39990.0,25.0
2026-09-23,2027,21451.0,330.0
2026-09-23,2030,8856.0,160.0
2026-09-23,2049,3584.0,57.0
2026-09-23,2059,682.0,1.0
2026-09-23,2301,18114.0,88.0
2026-09-23,2302,4761.0,198.0
2026-09-23,2303,171349.0,7086.0
2026-09-23,2305,8591.0,2296.0
2026-09-23,2308,10829.0,123.0
2026-09-23,2313,35559.0,1058.0
2026-09-23,2317,56442.0,469.0
2026-09-23,2324,56680.0,1013.0
2026-09-23,2327,47925.0,419.0
2026-09-23,2330,28833.0,18.0
2026-09-23,2337,86436.0,1746.0
2026-09-23,2342,4339.0,165.0
2026-09-23,2344,121319.0,3734.0
2026-09-23,2345,3309.0,9.0
2026-09-23,2351,14403.0,305.0
2026-09-23,2353,37142.0,1125.0
2026-09-23,2354,24792.0,104.0
2026-09-23,2356,28369.0,116.0
2026-09-23,2357,1480.0,101.0
2026-09-23,2360,1568.0,20.0
2026-09-23,2363,17814.0,172.0
2026-09-23,2368,11485.0,218.0
2026-09-23,2376,6258.0,284.0
2026-09-23,2377,12122.0,71.0
2026-09-23,2379,2518.0,33.0
2026-09-23,2382,15546.0,83.0
2026-09-23,2383,2334.0,2.0
2026-09-23,2395,1512.0,42.0
2026-09-23,2404,2312.0,29.0
2026-09-23,2406,13520.0,312.0
2026-09-23,2408,61723.0,2603.0
2026-09-23,2409,303438.0,15151.0
2026-09-23,2412,1809.0,29.0
2026-09-23,2421,4105.0,21.0
2026-09-23,2426,29405.0,1540.0
2026-09-23,2436,7912.0,94.0
2026-09-23,2441,6687.0,10.0
2026-09-23,2449,24011.0,523.0
2026-09-23,2451,5494.0,147.0
2026-09-23,2454,10300.0,73.0
2026-09-23,2455,10284.0,964.0
2026-09-23,2458,4056.0,52.0
2026-09-23,2464,20029.0,450.0
2026-09-23,2466,5869.0,350.0
2026-09-23,2467,1774.0,9.0
2026-09-23,2472,5621.0,13.0
2026-09-23,2474,6713.0,6.0
2026-09-23,2481,19205.0,981.0
2026-09-23,2484,18531.0,126.0
2026-09-23,2486,23006.0,230.0
2026-09-23,2489,37287.0,1158.0
2026-09-23,2492,18492.0,697.0
2026-09-23,2493,9760.0,28.0
2026-09-23,2498,29810.0,428.0
2026-09-23,2542,5166.0,2.0
2026-09-23,2603,10714.0,454.0
2026-09-23,2609,31520.0,2103.0
2026-09-23,2610,39485.0,296.0
2026-09-23,2615,15144.0,1143.0
2026-09-23,2618,20307.0,1085.0
2026-09-23,2801,9755.0,210.0
2026-09-23,2812,3351.0,2.0
2026-09-23,2834,30486.0,513.0
2026-09-23,2855,4187.0,180.0
2026-09-23,2880,809.0,97.0
2026-09-23,2881,5550.0,361.0
2026-09-23,2882,4990.0,1497.0
2026-09-23,2883,9906.0,354.0
2026-09-23,2884,6764.0,287.0
2026-09-23,2885,1634.0,4.0
2026-09-23,2886,2775.0,18.0
2026-09-23,2887,42085.0,395.0
2026-09-23,2890,2116.0,80.0
2026-09-23,2891,2636.0,83.0
2026-09-23,2892,16061.0,138.0
2026-09-23,2912,520.0,0.0
2026-09-23,3006,19978.0,488.0
2026-09-23,3008,4189.0,54.0
2026-09-23,3014,2823.0,42.0
2026-09-23,3016,13767.0,1368.0
2026-09-23,3017,3851.0,57.0
2026-09-23,3019,12525.0,65.0
2026-09-23,3026,12635.0,389.0
2026-09-23,3029,3769.0,24.0
2026-09-23,3034,2403.0,93.0
2026-09-23,3035,9798.0,384.0
2026-09-23,3036,15269.0,92.0
2026-09-23,3037,32490.0,756.0
2026-09-23,3042,17353.0,278.0
2026-09-23,3044,5664.0,39.0
2026-09-23,3045,847.0,256.0
2026-09-23,3055,8743.0,457.0
2026-09-23,3090,6324.0,43.0
2026-09-23,3094,5823.0,315.0
2026-09-23,3167,8465.0,122.0
2026-09-23,3189,21207.0,706.0
2026-09-23,3231,52852.0,400.0
2026-09-23,3376,12168.0,63.0
2026-09-23,3406,3527.0,203.0
2026-09-23,3443,4890.0,173.0
2026-09-23,3450,13442.0,212.0
2026-09-23,3481,324147.0,4403.0
2026-09-23,3518,4394.0,54.0
2026-09-23,3532,8807.0,647.0
2026-09-23,3533,1813.0,0.0
2026-09-23,3563,6583.0,14.0
2026-09-23,3576,0.0,0.0
2026-09-23,3605,18443.0,3017.0
2026-09-23,3645,6676.0,29.0
2026-09-23,3653,2777.0,154.0
2026-09-23,3661,5741.0,27.0
2026-09-23,3665,5057.0,38.0
2026-09-23,3702,13232.0,36.0
2026-09-23,3706,26798.0,45.0
2026-09-23,3711,9207.0,302.0
2026-09-23,3714,24766.0,397.0
2026-09-23,3715,24213.0,551.0
2026-09-23,3717,16845.0,5103.0
2026-09-23,4566,4514.0,34.0
2026-09-23,4763,41308.0,30.0
2026-09-23,4770,2478.0,14.0
2026-09-23,4916,7975.0,67.0
2026-09-23,4919,18205.0,1419.0
2026-09-23,4938,3952.0,37.0
2026-09-23,4956,6554.0,366.0
2026-09-23,4958,37432.0,197.0
2026-09-23,4967,7254.0,1417.0
2026-09-23,5269,1786.0,66.0
2026-09-23,5871,5060.0,5.0
2026-09-23,5880,4046.0,72.0
2026-09-23,6116,40745.0,6657.0
2026-09-23,6139,9199.0,10.0
2026-09-23,6166,3145.0,38.0
2026-09-23,6168,5320.0,1194.0
2026-09-23,6196,1695.0,11.0
2026-09-23,6197,6334.0,64.0
2026-09-23,6205,4260.0,51.0
2026-09-23,6209,14149.0,92.0
2026-09-23,6213,18029.0,905.0
2026-09-23,6214,703.0,117.0
2026-09-23,6239,21176.0,95.0
2026-09-23,6257,11271.0,170.0
2026-09-23,6271,6777.0,36.0
2026-09-23,6278,10427.0,129.0
2026-09-23,6285,14273.0,48.0
2026-09-23,6415,4501.0,62.0
2026-09-23,6426,3619.0,238.0
2026-09-23,6442,4123.0,11.0
2026-09-23,6443,6745.0,166.0
2026-09-23,6446,8458.0,18.0
2026-09-23,6451,9263.0,89.0
2026-09-23,6456,21415.0,382.0
2026-09-23,6505,7245.0,501.0
2026-09-23,6515,870.0,15.0
2026-09-23,6526,2268.0,27.0
2026-09-23,6531,5318.0,89.0
2026-09-23,6533,3025.0,1849.0
2026-09-23,6669,3733.0,1095.0
2026-09-23,6672,6242.0,31.0
2026-09-23,6691,1824.0,4.0
2026-09-23,6706,7985.0,348.0
2026-09-23,6715,6814.0,106.0
2026-09-23,6770,126303.0,1951.0
2026-09-23,6789,5034.0,31.0
2026-09-23,6805,2295.0,107.0
2026-09-23,6830,4420.0,714.0
2026-09-23,6831,1723.0,28.0
2026-09-23,6834,5981.0,95.0
2026-09-23,6861,2746.0,68.0
2026-09-23,6919,0.0,0.0
2026-09-23,6933,1980.0,20.0
2026-09-23,6944,1031.0,17.0
2026-09-23,7711,2040.0,64.0
2026-09-23,7750,681.0,1.0
2026-09-23,7769,528.0,0.0
2026-09-23,7795,1869.0,6.0
2026-09-23,7799,2069.0,52.0
2026-09-23,8021,14734.0,338.0
2026-09-23,8028,7390.0,105.0
2026-09-23,8039,21893.0,1213.0
2026-09-23,8046,9909.0,663.0
2026-09-23,8103,7941.0,189.0
2026-09-23,8110,17136.0,441.0
2026-09-23,8112,16559.0,1972.0
2026-09-23,8150,17191.0,1107.0
2026-09-23,8210,4264.0,11.0
2026-09-23,8261,6663.0,10.0
2026-09-23,8996,8429.0,142.0
2026-09-23,9945,16594.0,25.0
2026-09-22,1101,36390.0,26.0
2026-09-22,1102,670.0,7.0
2026-09-22,1216,885.0,1.0
2026-09-22,1301,17629.0,803.0
2026-09-22,1303,39184.0,1880.0
2026-09-22,1314,76902.0,297.0
2026-09-22,1326,20898.0,193.0
2026-09-22,1476,1530.0,20.0
2026-09-22,1504,28016.0,71.0
2026-09-22,1519,3264.0,40.0
2026-09-22,1560,1153.0,199.0
2026-09-22,1590,154.0,0.0
2026-09-22,1708,5946.0,55.0
2026-09-22,1709,32913.0,572.0
2026-09-22,1717,17264.0,418.0
2026-09-22,1727,8918.0,400.0
2026-09-22,1802,37082.0,1042.0
2026-09-22,1809,6008.0,70.0
2026-09-22,2002,39339.0,25.0
2026-09-22,2027,21739.0,330.0
2026-09-22,2030,5714.0,148.0
2026-09-22,2049,3549.0,67.0
2026-09-22,2059,694.0,2.0
2026-09-22,2301,17430.0,89.0
2026-09-22,2302,4074.0,154.0
2026-09-22,2303,175731.0,7793.0
2026-09-22,2305,8449.0,2371.0
2026-09-22,2308,10902.0,124.0
2026-09-22,2313,35919.0,1021.0
2026-09-22,2317,55875.0,447.0
2026-09-22,2324,56471.0,1040.0
2026-09-22,2327,46786.0,412.0
2026-09-22,2330,29525.0,11.0
2026-09-22,2337,86105.0,1718.0
2026-09-22,2342,3844.0,76.0
2026-09-22,2344,121740.0,3791.0
2026-09-22,2345,3127.0,8.0
2026-09-22,2351,15263.0,437.0
2026-09-22,2353,37459.0,1123.0
2026-09-22,2354,24637.0,107.0
2026-09-22,2356,28047.0,123.0
2026-09-22,2357,1498.0,101.0
2026-09-22,2360,1529.0,22.0
2026-09-22,2363,18214.0,175.0
2026-09-22,2368,11135.0,70.0
2026-09-22,2376,6111.0,254.0
2026-09-22,2377,12064.0,73.0
2026-09-22,2379,2568.0,31.0
2026-09-22,2382,14845.0,78.0
2026-09-22,2383,2339.0,25.0
2026-09-22,2395,1506.0,47.0
2026-09-22,2404,2251.0,13.0
2026-09-22,2406,13262.0,292.0
2026-09-22,2408,64942.0,2155.0
2026-09-22,2409,273959.0,23553.0
2026-09-22,2412,1820.0,28.0
2026-09-22,2421,4173.0,28.0
2026-09-22,2426,29685.0,1601.0
2026-09-22,2436,7890.0,56.0
2026-09-22,2441,6581.0,17.0
2026-09-22,2449,24238.0,656.0
2026-09-22,2451,5471.0,165.0
2026-09-22,2454,10358.0,80.0
2026-09-22,2455,10585.0,1168.0
2026-09-22,2458,4055.0,53.0
2026-09-22,2464,18843.0,438.0
2026-09-22,2466,5798.0,357.0
2026-09-22,2467,1735.0,9.0
2026-09-22,2472,5456.0,14.0
2026-09-22,2474,6978.0,5.0
2026-09-22,2481,18614.0,960.0
2026-09-22,2484,15811.0,100.0
2026-09-22,2486,22976.0,233.0
2026-09-22,2489,37385.0,1277.0
2026-09-22,2492,17939.0,727.0
2026-09-22,2493,9533.0,29.0
2026-09-22,2498,29463.0,112.0
2026-09-22,2542,4586.0,0.0
2026-09-22,2603,10633.0,455.0
2026-09-22,2609,32495.0,2220.0
2026-09-22,2610,39433.0,246.0
2026-09-22,2615,14877.0,1328.0
2026-09-22,2618,20103.0,1015.0
2026-09-22,2801,10257.0,238.0
2026-09-22,2812,3636.0,2.0
2026-09-22,2834,29979.0,518.0
2026-09-22,2855,4185.0,200.0
2026-09-22,2880,798.0,104.0
2026-09-22,2881,5334.0,370.0
2026-09-22,2882,4969.0,1498.0
2026-09-22,2883,10761.0,352.0
2026-09-22,2884,6730.0,333.0
2026-09-22,2885,1526.0,4.0
2026-09-22,2886,2876.0,23.0
2026-09-22,2887,42077.0,420.0
2026-09-22,2890,1993.0,81.0
2026-09-22,2891,2514.0,76.0
2026-09-22,2892,16028.0,148.0
2026-09-22,2912,499.0,0.0
2026-09-22,3006,19627.0,489.0
2026-09-22,3008,4147.0,53.0
2026-09-22,3014,2481.0,12.0
2026-09-22,3016,12588.0,927.0
2026-09-22,3017,3824.0,55.0
2026-09-22,3019,12343.0,77.0
2026-09-22,3026,12747.0,410.0
2026-09-22,3029,3754.0,26.0
2026-09-22,3034,2425.0,93.0
2026-09-22,3035,9772.0,395.0
2026-09-22,3036,15474.0,87.0
2026-09-22,3037,33405.0,669.0
2026-09-22,3042,12110.0,219.0
2026-09-22,3044,5473.0,38.0
2026-09-22,3045,1082.0,242.0
2026-09-22,3055,9363.0,451.0
2026-09-22,3090,6352.0,40.0
2026-09-22,3094,4518.0,235.0
2026-09-22,3167,8185.0,140.0
2026-09-22,3189,22197.0,795.0
2026-09-22,3231,52788.0,435.0
2026-09-22,3376,12221.0,72.0
2026-09-22,3406,3638.0,208.0
2026-09-22,3443,5063.0,195.0
2026-09-22,3450,13316.0,212.0
2026-09-22,3481,318905.0,4172.0
2026-09-22,3518,4357.0,47.0
2026-09-22,3532,9079.0,882.0
2026-09-22,3533,1536.0,1.0
2026-09-22,3563,6116.0,10.0
2026-09-22,3576,0.0,0.0
2026-09-22,3605,19074.0,2720.0
2026-09-22,3645,6193.0,24.0
2026-09-22,3653,2878.0,59.0
2026-09-22,3661,5666.0,26.0
2026-09-22,3665,4675.0,30.0
2026-09-22,3702,12028.0,37.0
2026-09-22,3706,26679.0,46.0
2026-09-22,3711,9537.0,289.0
2026-09-22,3714,25411.0,672.0
2026-09-22,3715,24113.0,806.0
2026-09-22,3717,16134.0,5275.0
2026-09-22,4566,4507.0,26.0
2026-09-22,4763,40964.0,36.0
2026-09-22,4770,1745.0,4.0
2026-09-22,4916,7902.0,69.0
2026-09-22,4919,15720.0,870.0
2026-09-22,4938,3992.0,25.0
2026-09-22,4956,5734.0,446.0
2026-09-22,4958,35329.0,283.0
2026-09-22,4967,7251.0,1417.0
2026-09-22,5269,1786.0,66.0
2026-09-22,5871,4996.0,4.0
2026-09-22,5880,4103.0,73.0
2026-09-22,6116,39165.0,5784.0
2026-09-22,6139,8981.0,5.0
2026-09-22,6166,3168.0,43.0
2026-09-22,6168,4455.0,1077.0
2026-09-22,6196,1559.0,22.0
2026-09-22,6197,6311.0,64.0
2026-09-22,6205,3842.0,12.0
2026-09-22,6209,13758.0,96.0
2026-09-22,6213,18658.0,930.0
2026-09-22,6214,710.0,118.0
2026-09-22,6239,21587.0,120.0
2026-09-22,6257,11379.0,162.0
2026-09-22,6271,6699.0,33.0
2026-09-22,6278,9518.0,139.0
2026-09-22,6285,14197.0,56.0
2026-09-22,6415,4510.0,62.0
2026-09-22,6426,3391.0,121.0
2026-09-22,6442,4150.0,10.0
2026-09-22,6443,6762.0,166.0
2026-09-22,6446,8328.0,26.0
2026-09-22,6451,9243.0,118.0
2026-09-22,6456,19191.0,273.0
2026-09-22,6505,7656.0,507.0
2026-09-22,6515,888.0,14.0
2026-09-22,6526,1635.0,10.0
2026-09-22,6531,5470.0,31.0
2026-09-22,6533,3005.0,1797.0
2026-09-22,6669,3683.0,1069.0
2026-09-22,6672,6365.0,29.0
2026-09-22,6691,1820.0,4.0
2026-09-22,6706,7923.0,361.0
2026-09-22,6715,6614.0,226.0
2026-09-22,6770,128839.0,1696.0
2026-09-22,6789,4993.0,31.0
2026-09-22,6805,2408.0,55.0
2026-09-22,6830,4412.0,706.0
2026-09-22,6831,1662.0,28.0
2026-09-22,6834,5910.0,118.0
2026-09-22,6861,2811.0,82.0
2026-09-22,6919,0.0,0.0
2026-09-22,6933,1777.0,15.0
2026-09-22,6944,1052.0,17.0
2026-09-22,7711,1952.0,64.0
2026-09-22,7750,677.0,0.0
2026-09-22,7769,516.0,0.0
2026-09-22,7795,1960.0,8.0
2026-09-22,7799,1976.0,49.0
2026-09-22,8021,15115.0,1072.0
2026-09-22,8028,7280.0,141.0
2026-09-22,8039,22299.0,1379.0
2026-09-22,8046,10216.0,599.0
2026-09-22,8103,7780.0,247.0
2026-09-22,8110,16186.0,491.0
2026-09-22,8112,16629.0,2024.0
2026-09-22,8150,19556.0,714.0
2026-09-22,8210,4235.0,11.0
2026-09-22,8261,6453.0,38.0
2026-09-22,8996,8672.0,231.0
2026-09-22,9945,17116.0,35.0
2026-09-21,1101,37776.0,17.0
2026-09-21,1102,745.0,7.0
2026-09-21,1216,858.0,1.0
2026-09-21,1301,17894.0,815.0
2026-09-21,1303,38593.0,2263.0
2026-09-21,1314,76193.0,378.0
2026-09-21,1326,20817.0,216.0
2026-09-21,1476,1447.0,20.0
2026-09-21,1504,27985.0,74.0
2026-09-21,1519,3293.0,51.0
2026-09-21,1560,1193.0,163.0
2026-09-21,1590,150.0,0.0
2026-09-21,1708,5991.0,55.0
2026-09-21,1709,28633.0,446.0
2026-09-21,1717,17247.0,433.0
2026-09-21,1727,8783.0,419.0
2026-09-21,1802,37302.0,1103.0
2026-09-21,1809,5636.0,55.0
2026-09-21,2002,39174.0,25.0
2026-09-21,2027,21879.0,325.0
2026-09-21,2030,3363.0,109.0
2026-09-21,2049,3542.0,70.0
2026-09-21,2059,699.0,2.0
2026-09-21,2301,16930.0,113.0
2026-09-21,2302,4036.0,154.0
2026-09-21,2303,186812.0,7582.0
2026-09-21,2305,8878.0,2457.0
2026-09-21,2308,10469.0,121.0
2026-09-21,2313,36853.0,998.0
2026-09-21,2317,55741.0,438.0
2026-09-21,2324,55989.0,1074.0
2026-09-21,2327,45824.0,343.0
2026-09-21,2330,28742.0,16.0
2026-09-21,2337,86582.0,1694.0
2026-09-21,2342,3755.0,66.0
2026-09-21,2344,123826.0,3737.0
2026-09-21,2345,2916.0,8.0
2026-09-21,2351,15260.0,628.0
2026-09-21,2353,36501.0,1144.0
2026-09-21,2354,25078.0,105.0
2026-09-21,2356,27773.0,125.0
2026-09-21,2357,1514.0,101.0
2026-09-21,2360,1352.0,24.0
2026-09-21,2363,17817.0,149.0
2026-09-21,2368,10374.0,75.0
2026-09-21,2376,5879.0,263.0
2026-09-21,2377,12159.0,73.0
2026-09-21,2379,2574.0,23.0
2026-09-21,2382,14694.0,81.0
2026-09-21,2383,2307.0,25.0
2026-09-21,2395,1497.0,44.0
2026-09-21,2404,2290.0,13.0
2026-09-21,2406,12723.0,222.0
2026-09-21,2408,62973.0,2253.0
2026-09-21,2409,265065.0,14306.0
2026-09-21,2412,1760.0,28.0
2026-09-21,2421,4303.0,29.0
2026-09-21,2426,28567.0,1734.0
2026-09-21,2436,7985.0,55.0
2026-09-21,2441,6740.0,15.0
2026-09-21,2449,24320.0,505.0
2026-09-21,2451,5472.0,154.0
2026-09-21,2454,10621.0,63.0
2026-09-21,2455,9862.0,1140.0
2026-09-21,2458,3889.0,64.0
2026-09-21,2464,18790.0,449.0
2026-09-21,2466,5803.0,347.0
2026-09-21,2467,1720.0,11.0
2026-09-21,2472,5545.0,13.0
2026-09-21,2474,6999.0,6.0
2026-09-21,2481,18806.0,954.0
2026-09-21,2484,15979.0,99.0
2026-09-21,2486,22931.0,229.0
2026-09-21,2489,37907.0,1380.0
2026-09-21,2492,18456.0,710.0
2026-09-21,2493,8895.0,27.0
2026-09-21,2498,28998.0,124.0
2026-09-21,2542,4309.0,0.0
2026-09-21,2603,10239.0,433.0
2026-09-21,2609,32411.0,2235.0
2026-09-21,2610,39534.0,226.0
2026-09-21,2615,14927.0,1340.0
2026-09-21,2618,20311.0,1010.0
2026-09-21,2801,9897.0,226.0
2026-09-21,2812,3603.0,2.0
2026-09-21,2834,30090.0,349.0
2026-09-21,2855,4410.0,191.0
2026-09-21,2880,812.0,104.0
2026-09-21,2881,5374.0,365.0
2026-09-21,2882,4875.0,1498.0
2026-09-21,2883,9821.0,388.0
2026-09-21,2884,6868.0,322.0
2026-09-21,2885,1499.0,4.0
2026-09-21,2886,2723.0,27.0
2026-09-21,2887,41503.0,455.0
2026-09-21,2890,1892.0,81.0
2026-09-21,2891,2426.0,79.0
2026-09-21,2892,16199.0,136.0
2026-09-21,2912,519.0,0.0
2026-09-21,3006,19039.0,472.0
2026-09-21,3008,4084.0,53.0
2026-09-21,3014,2590.0,13.0
2026-09-21,3016,11560.0,707.0
2026-09-21,3017,3819.0,59.0
2026-09-21,3019,12271.0,82.0
2026-09-21,3026,12865.0,429.0
2026-09-21,3029,3911.0,29.0
2026-09-21,3034,2469.0,90.0
2026-09-21,3035,9614.0,333.0
2026-09-21,3036,15707.0,87.0
2026-09-21,3037,33762.0,578.0
2026-09-21,3042,12716.0,218.0
2026-09-21,3044,5553.0,49.0
2026-09-21,3045,816.0,379.0
2026-09-21,3055,8732.0,315.0
2026-09-21,3090,6420.0,45.0
2026-09-21,3094,5343.0,373.0
2026-09-21,3167,7918.0,142.0
2026-09-21,3189,23122.0,277.0
2026-09-21,3231,50766.0,498.0
2026-09-21,3376,12181.0,70.0
2026-09-21,3406,3636.0,230.0
2026-09-21,3443,5020.0,177.0
2026-09-21,3450,12939.0,251.0
2026-09-21,3481,332422.0,3928.0
2026-09-21,3518,4292.0,47.0
2026-09-21,3532,8936.0,705.0
2026-09-21,3533,1581.0,1.0
2026-09-21,3563,6067.0,2.0
2026-09-21,3576,0.0,0.0
2026-09-21,3605,19957.0,3021.0
2026-09-21,3645,6107.0,25.0
2026-09-21,3653,2803.0,56.0
2026-09-21,3661,5895.0,21.0
2026-09-21,3665,4433.0,37.0
2026-09-21,3702,11206.0,37.0
2026-09-21,3706,26604.0,46.0
2026-09-21,3711,10233.0,235.0
2026-09-21,3714,26404.0,589.0
2026-09-21,3715,24653.0,508.0
2026-09-21,3717,16073.0,4175.0
2026-09-21,4566,4491.0,26.0
2026-09-21,4763,39925.0,42.0
2026-09-21,4770,1795.0,9.0
2026-09-21,4916,7950.0,130.0
2026-09-21,4919,14145.0,809.0
2026-09-21,4938,4090.0,24.0
2026-09-21,4956,6150.0,1205.0
2026-09-21,4958,36903.0,200.0
2026-09-21,4967,7280.0,1431.0
2026-09-21,5269,1768.0,67.0
2026-09-21,5871,4486.0,6.0
2026-09-21,5880,4074.0,71.0
2026-09-21,6116,38060.0,5283.0
2026-09-21,6139,8911.0,5.0
2026-09-21,6166,3177.0,32.0
2026-09-21,6168,5820.0,1336.0
2026-09-21,6196,1619.0,25.0
2026-09-21,6197,6319.0,76.0
2026-09-21,6205,3793.0,9.0
2026-09-21,6209,13951.0,123.0
2026-09-21,6213,19274.0,944.0
2026-09-21,6214,813.0,118.0
2026-09-21,6239,21588.0,119.0
2026-09-21,6257,12373.0,158.0
2026-09-21,6271,6949.0,34.0
2026-09-21,6278,8958.0,84.0
2026-09-21,6285,14289.0,54.0
2026-09-21,6415,4581.0,63.0
2026-09-21,6426,3598.0,151.0
2026-09-21,6442,4171.0,14.0
2026-09-21,6443,6822.0,231.0
2026-09-21,6446,8329.0,21.0
2026-09-21,6451,9294.0,119.0
2026-09-21,6456,17742.0,247.0
2026-09-21,6505,7763.0,536.0
2026-09-21,6515,824.0,18.0
2026-09-21,6526,1458.0,4.0
2026-09-21,6531,5629.0,43.0
2026-09-21,6533,2833.0,1662.0
2026-09-21,6669,3477.0,1194.0
2026-09-21,6672,6265.0,43.0
2026-09-21,6691,1842.0,4.0
2026-09-21,6706,8824.0,536.0
2026-09-21,6715,6546.0,100.0
2026-09-21,6770,131504.0,1853.0
2026-09-21,6789,4883.0,51.0
2026-09-21,6805,2585.0,37.0
2026-09-21,6830,4458.0,705.0
2026-09-21,6831,1681.0,29.0
2026-09-21,6834,6125.0,164.0
2026-09-21,6861,2788.0,36.0
2026-09-21,6919,0.0,0.0
2026-09-21,6933,1776.0,16.0
2026-09-21,6944,1041.0,16.0
2026-09-21,7711,2016.0,66.0
2026-09-21,7750,671.0,0.0
2026-09-21,7769,552.0,0.0
2026-09-21,7795,1811.0,6.0
2026-09-21,7799,1927.0,49.0
2026-09-21,8021,14823.0,202.0
2026-09-21,8028,7241.0,133.0
2026-09-21,8039,22492.0,1410.0
2026-09-21,8046,11210.0,361.0
2026-09-21,8103,8484.0,253.0
2026-09-21,8110,15850.0,865.0
2026-09-21,8112,16549.0,2022.0
2026-09-21,8150,18604.0,739.0
2026-09-21,8210,4319.0,11.0
2026-09-21,8261,6465.0,40.0
2026-09-21,8996,8758.0,173.0
2026-09-21,9945,17781.0,35.0
2026-09-18,1101,37118.0,15.0
2026-09-18,1102,759.0,7.0
2026-09-18,1216,769.0,1.0
2026-09-18,1301,17958.0,804.0
2026-09-18,1303,39635.0,2356.0
2026-09-18,1314,73297.0,350.0
2026-09-18,1326,21260.0,426.0
2026-09-18,1476,1470.0,20.0
2026-09-18,1504,27911.0,90.0
2026-09-18,1519,3290.0,72.0
2026-09-18,1560,1227.0,154.0
2026-09-18,1590,155.0,0.0
2026-09-18,1708,5985.0,63.0
2026-09-18,1709,29117.0,300.0
2026-09-18,1717,17049.0,430.0
2026-09-18,1727,8312.0,489.0
2026-09-18,1802,36691.0,1055.0
2026-09-18,1809,5625.0,62.0
2026-09-18,2002,38659.0,26.0
2026-09-18,2027,21795.0,365.0
2026-09-18,2030,3334.0,106.0
2026-09-18,2049,3553.0,74.0
2026-09-18,2059,684.0,1.0
2026-09-18,2301,17059.0,99.0
2026-09-18,2302,3983.0,176.0
2026-09-18,2303,186966.0,7634.0
2026-09-18,2305,8888.0,2618.0
2026-09-18,2308,9981.0,71.0
2026-09-18,2313,36517.0,1070.0
2026-09-18,2317,55088.0,444.0
2026-09-18,2324,55606.0,1118.0
2026-09-18,2327,44788.0,349.0
2026-09-18,2330,28763.0,15.0
2026-09-18,2337,86053.0,1677.0
2026-09-18,2342,3800.0,69.0
2026-09-18,2344,122506.0,3749.0
2026-09-18,2345,2854.0,8.0
2026-09-18,2351,15164.0,663.0
2026-09-18,2353,36203.0,1148.0
2026-09-18,2354,24990.0,110.0
2026-09-18,2356,27643.0,169.0
2026-09-18,2357,1712.0,102.0
2026-09-18,2360,1423.0,23.0
2026-09-18,2363,17698.0,85.0
2026-09-18,2368,10122.0,66.0
2026-09-18,2376,6251.0,240.0
2026-09-18,2377,12164.0,72.0
2026-09-18,2379,2592.0,15.0
2026-09-18,2382,14522.0,86.0
2026-09-18,2383,2303.0,26.0
2026-09-18,2395,1553.0,38.0
2026-09-18,2404,2238.0,12.0
2026-09-18,2406,12118.0,165.0
2026-09-18,2408,62947.0,2313.0
2026-09-18,2409,256920.0,6749.0
2026-09-18,2412,1772.0,34.0
2026-09-18,2421,4311.0,30.0
2026-09-18,2426,28474.0,1852.0
2026-09-18,2436,7580.0,46.0
2026-09-18,2441,6776.0,7.0
2026-09-18,2449,23498.0,392.0
2026-09-18,2451,5563.0,154.0
2026-09-18,2454,10533.0,51.0
2026-09-18,2455,9724.0,1010.0
2026-09-18,2458,3913.0,73.0
2026-09-18,2464,19312.0,483.0
2026-09-18,2466,5821.0,326.0
2026-09-18,2467,1692.0,10.0
2026-09-18,2472,5366.0,18.0
2026-09-18,2474,6362.0,4.0
2026-09-18,2481,17095.0,1057.0
2026-09-18,2484,15922.0,101.0
2026-09-18,2486,22894.0,214.0
2026-09-18,2489,36723.0,1588.0
2026-09-18,2492,18133.0,587.0
2026-09-18,2493,9250.0,133.0
2026-09-18,2498,28979.0,116.0
2026-09-18,2542,3770.0,0.0
2026-09-18,2603,10070.0,407.0
2026-09-18,2609,33428.0,2487.0
2026-09-18,2610,39569.0,228.0
2026-09-18,2615,13871.0,1600.0
2026-09-18,2618,20581.0,991.0
2026-09-18,2801,9750.0,344.0
2026-09-18,2812,11084.0,2.0
2026-09-18,2834,30388.0,60.0
2026-09-18,2855,4188.0,159.0
2026-09-18,2880,769.0,104.0
2026-09-18,2881,6010.0,348.0
2026-09-18,2882,5407.0,1492.0
2026-09-18,2883,10214.0,342.0
2026-09-18,2884,7087.0,369.0
2026-09-18,2885,1604.0,3.0
2026-09-18,2886,2714.0,25.0
2026-09-18,2887,41456.0,2727.0
2026-09-18,2890,1999.0,81.0
2026-09-18,2891,2763.0,69.0
2026-09-18,2892,16205.0,640.0
2026-09-18,2912,509.0,0.0
2026-09-18,3006,18529.0,501.0
2026-09-18,3008,4064.0,55.0
2026-09-18,3014,2467.0,11.0
2026-09-18,3016,11686.0,1611.0
2026-09-18,3017,3763.0,59.0
2026-09-18,3019,12275.0,83.0
2026-09-18,3026,12156.0,456.0
2026-09-18,3029,3760.0,34.0
2026-09-18,3034,2347.0,92.0
2026-09-18,3035,9596.0,310.0
2026-09-18,3036,15990.0,86.0
2026-09-18,3037,33790.0,464.0
2026-09-18,3042,12968.0,239.0
2026-09-18,3044,5569.0,47.0
2026-09-18,3045,1478.0,412.0
2026-09-18,3055,8289.0,220.0
2026-09-18,3090,6359.0,77.0
2026-09-18,3094,5497.0,264.0
2026-09-18,3167,8108.0,128.0
2026-09-18,3189,22515.0,281.0
2026-09-18,3231,50531.0,519.0
2026-09-18,3376,12176.0,70.0
2026-09-18,3406,3820.0,274.0
2026-09-18,3443,4990.0,186.0
2026-09-18,3450,13101.0,253.0
2026-09-18,3481,319283.0,4007.0
2026-09-18,3518,4402.0,45.0
2026-09-18,3532,8942.0,719.0
2026-09-18,3533,1555.0,0.0
2026-09-18,3563,6042.0,2.0
2026-09-18,3576,0.0,0.0
2026-09-18,3605,18990.0,2031.0
2026-09-18,3645,6153.0,26.0
2026-09-18,3653,2795.0,49.0
2026-09-18,3661,5840.0,18.0
2026-09-18,3665,4253.0,22.0
2026-09-18,3702,11528.0,39.0
2026-09-18,3706,26349.0,46.0
2026-09-18,3711,11114.0,170.0
2026-09-18,3714,25670.0,244.0
2026-09-18,3715,24545.0,516.0
2026-09-18,3717,16900.0,1727.0
2026-09-18,4566,4504.0,27.0
2026-09-18,4763,39687.0,62.0
2026-09-18,4770,1720.0,7.0
2026-09-18,4916,7903.0,172.0
2026-09-18,4919,12339.0,815.0
2026-09-18,4938,4001.0,19.0
2026-09-18,4956,5986.0,458.0
2026-09-18,4958,35749.0,174.0
2026-09-18,4967,7234.0,1420.0
2026-09-18,5269,1752.0,68.0
2026-09-18,5871,4258.0,6.0
2026-09-18,5880,4155.0,72.0
2026-09-18,6116,37826.0,5387.0
2026-09-18,6139,8765.0,9.0
2026-09-18,6166,2936.0,7.0
2026-09-18,6168,6625.0,1220.0
2026-09-18,6196,1627.0,29.0
2026-09-18,6197,6397.0,71.0
2026-09-18,6205,3685.0,5.0
2026-09-18,6209,13854.0,142.0
2026-09-18,6213,19623.0,891.0
2026-09-18,6214,811.0,128.0
2026-09-18,6239,22250.0,91.0
2026-09-18,6257,12985.0,174.0
2026-09-18,6271,6933.0,35.0
2026-09-18,6278,8605.0,84.0
2026-09-18,6285,14317.0,52.0
2026-09-18,6415,4485.0,132.0
2026-09-18,6426,3415.0,170.0
2026-09-18,6442,4065.0,16.0
2026-09-18,6443,6840.0,231.0
2026-09-18,6446,8471.0,23.0
2026-09-18,6451,9243.0,142.0
2026-09-18,6456,16760.0,167.0
2026-09-18,6505,8362.0,663.0
2026-09-18,6515,672.0,14.0
2026-09-18,6526,1447.0,5.0
2026-09-18,6531,5554.0,49.0
2026-09-18,6533,2651.0,1394.0
2026-09-18,6669,3524.0,1723.0
2026-09-18,6672,6383.0,19.0
2026-09-18,6691,1767.0,2.0
2026-09-18,6706,8024.0,346.0
2026-09-18,6715,6151.0,84.0
2026-09-18,6770,131528.0,2457.0
2026-09-18,6789,4905.0,52.0
2026-09-18,6805,2731.0,37.0
2026-09-18,6830,4354.0,556.0
2026-09-18,6831,1600.0,29.0
2026-09-18,6834,5609.0,155.0
2026-09-18,6861,2962.0,34.0
2026-09-18,6919,0.0,0.0
2026-09-18,6933,1841.0,26.0
2026-09-18,6944,1042.0,16.0
2026-09-18,7711,2085.0,62.0
2026-09-18,7750,673.0,0.0
2026-09-18,7769,436.0,5.0
2026-09-18,7795,1822.0,6.0
2026-09-18,7799,1998.0,41.0
2026-09-18,8021,15243.0,112.0
2026-09-18,8028,7091.0,79.0
2026-09-18,8039,22437.0,1463.0
2026-09-18,8046,10135.0,501.0
2026-09-18,8103,7863.0,202.0
2026-09-18,8110,15245.0,339.0
2026-09-18,8112,16690.0,2023.0
2026-09-18,8150,18753.0,401.0
2026-09-18,8210,4220.0,12.0
2026-09-18,8261,6460.0,11.0
2026-09-18,8996,8882.0,153.0
2026-09-18,9945,18008.0,24.0
2026-09-17,1101,36474.0,17.0
2026-09-17,1102,795.0,7.0
2026-09-17,1216,744.0,0.0
2026-09-17,1301,18374.0,789.0
2026-09-17,1303,38218.0,2548.0
2026-09-17,1314,76268.0,226.0
2026-09-17,1326,21102.0,254.0
2026-09-17,1476,1491.0,20.0
2026-09-17,1504,28170.0,97.0
2026-09-17,1519,3354.0,72.0
2026-09-17,1560,1196.0,94.0
2026-09-17,1590,130.0,0.0
2026-09-17,1708,6350.0,63.0
2026-09-17,1709,27693.0,543.0
2026-09-17,1717,16941.0,431.0
2026-09-17,1727,8273.0,575.0
2026-09-17,1802,35579.0,1118.0
2026-09-17,1809,5512.0,46.0
2026-09-17,2002,38747.0,31.0
2026-09-17,2027,21841.0,366.0
2026-09-17,2030,2847.0,97.0
2026-09-17,2049,3506.0,111.0
2026-09-17,2059,671.0,1.0
2026-09-17,2301,16878.0,102.0
2026-09-17,2302,3982.0,197.0
2026-09-17,2303,207765.0,7144.0
2026-09-17,2305,10283.0,3470.0
2026-09-17,2308,10045.0,58.0
2026-09-17,2313,37293.0,1021.0
2026-09-17,2317,53473.0,469.0
2026-09-17,2324,55432.0,1100.0
2026-09-17,2327,43768.0,309.0
2026-09-17,2330,29148.0,11.0
2026-09-17,2337,86965.0,1767.0
2026-09-17,2342,3727.0,79.0
2026-09-17,2344,125398.0,3757.0
2026-09-17,2345,2722.0,12.0
2026-09-17,2351,15243.0,790.0
2026-09-17,2353,36208.0,1162.0
2026-09-17,2354,24753.0,112.0
2026-09-17,2356,27702.0,187.0
2026-09-17,2357,1717.0,103.0
2026-09-17,2360,1204.0,12.0
2026-09-17,2363,17594.0,80.0
2026-09-17,2368,9272.0,45.0
2026-09-17,2376,6091.0,351.0
2026-09-17,2377,12263.0,77.0
2026-09-17,2379,2591.0,10.0
2026-09-17,2382,14332.0,98.0
2026-09-17,2383,2343.0,28.0
2026-09-17,2395,1536.0,46.0
2026-09-17,2404,2271.0,8.0
2026-09-17,2406,12170.0,157.0
2026-09-17,2408,64695.0,2019.0
2026-09-17,2409,242724.0,7245.0
2026-09-17,2412,1963.0,65.0
2026-09-17,2421,4223.0,26.0
2026-09-17,2426,26265.0,1654.0
2026-09-17,2436,7463.0,47.0
2026-09-17,2441,6773.0,7.0
2026-09-17,2449,22913.0,146.0
2026-09-17,2451,5578.0,204.0
2026-09-17,2454,10289.0,41.0
2026-09-17,2455,9101.0,655.0
2026-09-17,2458,3854.0,55.0
2026-09-17,2464,18101.0,297.0
2026-09-17,2466,5874.0,310.0
2026-09-17,2467,1659.0,11.0
2026-09-17,2472,5361.0,18.0
2026-09-17,2474,6308.0,4.0
2026-09-17,2481,17421.0,1231.0
2026-09-17,2484,16013.0,172.0
2026-09-17,2486,22784.0,204.0
2026-09-17,2489,35251.0,1176.0
2026-09-17,2492,18493.0,452.0
2026-09-17,2493,9783.0,102.0
2026-09-17,2498,28810.0,121.0
2026-09-17,2542,3697.0,0.0
2026-09-17,2603,10193.0,384.0
2026-09-17,2609,33132.0,2363.0
2026-09-17,2610,39407.0,230.0
2026-09-17,2615,14507.0,1558.0
2026-09-17,2618,20396.0,1000.0
2026-09-17,2801,9759.0,296.0
2026-09-17,2812,11408.0,12.0
2026-09-17,2834,28843.0,207.0
2026-09-17,2855,4237.0,157.0
2026-09-17,2880,784.0,135.0
2026-09-17,2881,5897.0,364.0
2026-09-17,2882,5227.0,1531.0
2026-09-17,2883,11575.0,361.0
2026-09-17,2884,6711.0,328.0
2026-09-17,2885,1788.0,3.0
2026-09-17,2886,2572.0,30.0
2026-09-17,2887,41054.0,603.0
2026-09-17,2890,1996.0,84.0
2026-09-17,2891,2608.0,79.0
2026-09-17,2892,16086.0,151.0
2026-09-17,2912,506.0,0.0
2026-09-17,3006,18492.0,523.0
2026-09-17,3008,3904.0,52.0
2026-09-17,3014,2544.0,10.0
2026-09-17,3016,11382.0,1677.0
2026-09-17,3017,3768.0,34.0
2026-09-17,3019,12429.0,108.0
2026-09-17,3026,11836.0,525.0
2026-09-17,3029,3716.0,46.0
2026-09-17,3034,2460.0,90.0
2026-09-17,3035,9585.0,279.0
2026-09-17,3036,15405.0,78.0
2026-09-17,3037,34345.0,397.0
2026-09-17,3042,13919.0,210.0
2026-09-17,3044,5686.0,44.0
2026-09-17,3045,1182.0,420.0
2026-09-17,3055,8241.0,202.0
2026-09-17,3090,6474.0,108.0
2026-09-17,3094,4491.0,169.0
2026-09-17,3167,7803.0,89.0
2026-09-17,3189,23414.0,287.0
2026-09-17,3231,50592.0,529.0
2026-09-17,3376,12135.0,70.0
2026-09-17,3406,3545.0,283.0
2026-09-17,3443,4722.0,136.0
2026-09-17,3450,12807.0,259.0
2026-09-17,3481,316764.0,5879.0
2026-09-17,3518,4411.0,45.0
2026-09-17,3532,8607.0,669.0
2026-09-17,3533,1593.0,0.0
2026-09-17,3563,6044.0,2.0
2026-09-17,3576,0.0,0.0
2026-09-17,3605,21493.0,1582.0
2026-09-17,3645,6197.0,22.0
2026-09-17,3653,2775.0,55.0
2026-09-17,3661,5898.0,3.0
2026-09-17,3665,4253.0,5.0
2026-09-17,3702,11489.0,39.0
2026-09-17,3706,26235.0,54.0
2026-09-17,3711,10895.0,128.0
2026-09-17,3714,24953.0,233.0
2026-09-17,3715,25012.0,551.0
2026-09-17,3717,13412.0,519.0
2026-09-17,4566,4509.0,28.0
2026-09-17,4763,40679.0,85.0
2026-09-17,4770,1471.0,6.0
2026-09-17,4916,7264.0,81.0
2026-09-17,4919,12207.0,736.0
2026-09-17,4938,3981.0,19.0
2026-09-17,4956,5059.0,187.0
2026-09-17,4958,34134.0,251.0
2026-09-17,4967,7249.0,1434.0
2026-09-17,5269,1788.0,67.0
2026-09-17,5871,4229.0,6.0
2026-09-17,5880,3941.0,72.0
2026-09-17,6116,37220.0,5512.0
2026-09-17,6139,8820.0,5.0
2026-09-17,6166,2887.0,7.0
2026-09-17,6168,5163.0,714.0
2026-09-17,6196,1520.0,20.0
2026-09-17,6197,6281.0,48.0
2026-09-17,6205,3693.0,5.0
2026-09-17,6209,13876.0,197.0
2026-09-17,6213,20308.0,1450.0
2026-09-17,6214,804.0,133.0
2026-09-17,6239,21900.0,84.0
2026-09-17,6257,12319.0,80.0
2026-09-17,6271,6811.0,39.0
2026-09-17,6278,8359.0,80.0
2026-09-17,6285,14205.0,56.0
2026-09-17,6415,4715.0,57.0
2026-09-17,6426,3771.0,205.0
2026-09-17,6442,4175.0,14.0
2026-09-17,6443,6905.0,231.0
2026-09-17,6446,8423.0,17.0
2026-09-17,6451,9385.0,173.0
2026-09-17,6456,16673.0,168.0
2026-09-17,6505,8674.0,514.0
2026-09-17,6515,674.0,14.0
2026-09-17,6526,1276.0,3.0
2026-09-17,6531,5800.0,52.0
2026-09-17,6533,2170.0,1296.0
2026-09-17,6669,3433.0,2025.0
2026-09-17,6672,6608.0,19.0
2026-09-17,6691,1808.0,0.0
2026-09-17,6706,7823.0,311.0
2026-09-17,6715,5862.0,52.0
2026-09-17,6770,131887.0,1678.0
2026-09-17,6789,4911.0,40.0
2026-09-17,6805,2711.0,23.0
2026-09-17,6830,4334.0,242.0
2026-09-17,6831,1627.0,30.0
2026-09-17,6834,5385.0,141.0
2026-09-17,6861,2761.0,28.0
2026-09-17,6919,0.0,0.0
2026-09-17,6933,1786.0,31.0
2026-09-17,6944,1058.0,17.0
2026-09-17,7711,2181.0,81.0
2026-09-17,7750,671.0,0.0
2026-09-17,7769,425.0,0.0
2026-09-17,7795,1721.0,7.0
2026-09-17,7799,2074.0,44.0
2026-09-17,8021,14578.0,118.0
2026-09-17,8028,6471.0,45.0
2026-09-17,8039,21173.0,1394.0
2026-09-17,8046,10144.0,530.0
2026-09-17,8103,6778.0,241.0
2026-09-17,8110,15122.0,182.0
2026-09-17,8112,16767.0,2034.0
2026-09-17,8150,18699.0,247.0
2026-09-17,8210,4170.0,12.0
2026-09-17,8261,6549.0,33.0
2026-09-17,8996,8522.0,105.0
2026-09-17,9945,18013.0,24.0
2026-09-16,1101,37460.0,34.0
2026-09-16,1102,791.0,7.0
2026-09-16,1216,887.0,0.0
2026-09-16,1301,19288.0,717.0
2026-09-16,1303,40673.0,1728.0
2026-09-16,1314,53757.0,56.0
2026-09-16,1326,21630.0,200.0
2026-09-16,1476,1488.0,20.0
2026-09-16,1504,27467.0,97.0
2026-09-16,1519,3365.0,74.0
2026-09-16,1560,1181.0,55.0
2026-09-16,1590,133.0,0.0
2026-09-16,1708,6557.0,51.0
2026-09-16,1709,32241.0,300.0
2026-09-16,1717,16975.0,432.0
2026-09-16,1727,6650.0,311.0
2026-09-16,1802,35605.0,1042.0
2026-09-16,1809,5630.0,46.0
2026-09-16,2002,38621.0,36.0
2026-09-16,2027,21922.0,352.0
2026-09-16,2030,2805.0,101.0
2026-09-16,2049,3689.0,102.0
2026-09-16,2059,653.0,1.0
2026-09-16,2301,16844.0,106.0
2026-09-16,2302,3784.0,196.0
2026-09-16,2303,198616.0,6076.0
2026-09-16,2305,11121.0,2364.0
2026-09-16,2308,9990.0,51.0
2026-09-16,2313,36305.0,1044.0
2026-09-16,2317,53890.0,436.0
2026-09-16,2324,55116.0,1122.0
2026-09-16,2327,43651.0,316.0
2026-09-16,2330,29766.0,1.0
2026-09-16,2337,86095.0,1540.0
2026-09-16,2342,3780.0,81.0
2026-09-16,2344,121499.0,3660.0
2026-09-16,2345,2690.0,11.0
2026-09-16,2351,15390.0,839.0
2026-09-16,2353,36803.0,1144.0
2026-09-16,2354,25121.0,113.0
2026-09-16,2356,27739.0,177.0
2026-09-16,2357,1584.0,102.0
2026-09-16,2360,1197.0,12.0
2026-09-16,2363,17857.0,97.0
2026-09-16,2368,8568.0,50.0
2026-09-16,2376,6248.0,345.0
2026-09-16,2377,12384.0,70.0
2026-09-16,2379,2636.0,8.0
2026-09-16,2382,14531.0,88.0
2026-09-16,2383,2077.0,4.0
2026-09-16,2395,1545.0,45.0
2026-09-16,2404,2269.0,0.0
2026-09-16,2406,12208.0,155.0
2026-09-16,2408,64851.0,1995.0
2026-09-16,2409,249237.0,6571.0
2026-09-16,2412,2105.0,30.0
2026-09-16,2421,4191.0,23.0
2026-09-16,2426,26219.0,2203.0
2026-09-16,2436,7708.0,48.0
2026-09-16,2441,6895.0,10.0
2026-09-16,2449,23086.0,134.0
2026-09-16,2451,5626.0,203.0
2026-09-16,2454,10325.0,39.0
2026-09-16,2455,8195.0,574.0
2026-09-16,2458,3838.0,54.0
2026-09-16,2464,18020.0,282.0
2026-09-16,2466,5893.0,316.0
2026-09-16,2467,1724.0,10.0
2026-09-16,2472,5363.0,12.0
2026-09-16,2474,6304.0,4.0
2026-09-16,2481,16079.0,2244.0
2026-09-16,2484,15852.0,161.0
2026-09-16,2486,22789.0,244.0
2026-09-16,2489,35672.0,929.0
2026-09-16,2492,17783.0,459.0
2026-09-16,2493,9448.0,16.0
2026-09-16,2498,28770.0,140.0
2026-09-16,2542,3778.0,36.0
2026-09-16,2603,10306.0,382.0
2026-09-16,2609,34116.0,2181.0
2026-09-16,2610,39859.0,225.0
2026-09-16,2615,13849.0,1526.0
2026-09-16,2618,20547.0,1006.0
2026-09-16,2801,9456.0,182.0
2026-09-16,2812,3841.0,13.0
2026-09-16,2834,26038.0,43.0
2026-09-16,2855,4242.0,165.0
2026-09-16,2880,768.0,127.0
2026-09-16,2881,5891.0,372.0
2026-09-16,2882,5353.0,1504.0
2026-09-16,2883,10916.0,276.0
2026-09-16,2884,6804.0,299.0
2026-09-16,2885,1763.0,2.0
2026-09-16,2886,2549.0,26.0
2026-09-16,2887,43186.0,554.0
2026-09-16,2890,2025.0,84.0
2026-09-16,2891,2798.0,73.0
2026-09-16,2892,16179.0,142.0
2026-09-16,2912,526.0,0.0
2026-09-16,3006,18213.0,465.0
2026-09-16,3008,3909.0,53.0
2026-09-16,3014,2578.0,10.0
2026-09-16,3016,10131.0,1665.0
2026-09-16,3017,3706.0,30.0
2026-09-16,3019,12334.0,92.0
2026-09-16,3026,11490.0,460.0
2026-09-16,3029,4003.0,63.0
2026-09-16,3034,2440.0,93.0
2026-09-16,3035,9697.0,278.0
2026-09-16,3036,14412.0,45.0
2026-09-16,3037,34342.0,436.0
2026-09-16,3042,13908.0,237.0
2026-09-16,3044,5742.0,48.0
2026-09-16,3045,1226.0,379.0
2026-09-16,3055,8329.0,206.0
2026-09-16,3090,6437.0,76.0
2026-09-16,3094,3988.0,116.0
2026-09-16,3167,7934.0,104.0
2026-09-16,3189,23342.0,311.0
2026-09-16,3231,52734.0,424.0
2026-09-16,3376,12093.0,84.0
2026-09-16,3406,3337.0,354.0
2026-09-16,3443,4699.0,125.0
2026-09-16,3450,12402.0,518.0
2026-09-16,3481,315442.0,5517.0
2026-09-16,3518,4458.0,43.0
2026-09-16,3532,8594.0,734.0
2026-09-16,3533,1553.0,0.0
2026-09-16,3563,6052.0,1.0
2026-09-16,3576,0.0,0.0
2026-09-16,3605,21251.0,1587.0
2026-09-16,3645,6271.0,24.0
2026-09-16,3653,2832.0,45.0
2026-09-16,3661,5776.0,4.0
2026-09-16,3665,4159.0,5.0
2026-09-16,3702,12056.0,32.0
2026-09-16,3706,26492.0,64.0
2026-09-16,3711,11173.0,120.0
2026-09-16,3714,24690.0,214.0
2026-09-16,3715,24989.0,565.0
2026-09-16,3717,13029.0,447.0
2026-09-16,4566,4567.0,31.0
2026-09-16,4763,41051.0,52.0
2026-09-16,4770,1233.0,7.0
2026-09-16,4916,7313.0,98.0
2026-09-16,4919,12200.0,735.0
2026-09-16,4938,4207.0,18.0
2026-09-16,4956,5088.0,133.0
2026-09-16,4958,33945.0,273.0
2026-09-16,4967,7232.0,1438.0
2026-09-16,5269,1843.0,68.0
2026-09-16,5871,4265.0,6.0
2026-09-16,5880,3015.0,69.0
2026-09-16,6116,36580.0,5399.0
2026-09-16,6139,8878.0,6.0
2026-09-16,6166,2839.0,8.0
2026-09-16,6168,5292.0,377.0
2026-09-16,6196,1534.0,20.0
2026-09-16,6197,6266.0,50.0
2026-09-16,6205,3680.0,5.0
2026-09-16,6209,13729.0,137.0
2026-09-16,6213,18603.0,1122.0
2026-09-16,6214,822.0,91.0
2026-09-16,6239,22061.0,90.0
2026-09-16,6257,12661.0,48.0
2026-09-16,6271,6881.0,43.0
2026-09-16,6278,8358.0,79.0
2026-09-16,6285,14477.0,48.0
2026-09-16,6415,4695.0,57.0
2026-09-16,6426,3550.0,157.0
2026-09-16,6442,4132.0,26.0
2026-09-16,6443,6938.0,231.0
2026-09-16,6446,8316.0,16.0
2026-09-16,6451,9501.0,235.0
2026-09-16,6456,16415.0,159.0
2026-09-16,6505,12115.0,291.0
2026-09-16,6515,664.0,15.0
2026-09-16,6526,1270.0,3.0
2026-09-16,6531,5673.0,75.0
2026-09-16,6533,2098.0,1251.0
2026-09-16,6669,3492.0,1990.0
2026-09-16,6672,6671.0,30.0
2026-09-16,6691,1806.0,0.0
2026-09-16,6706,7671.0,256.0
2026-09-16,6715,5913.0,69.0
2026-09-16,6770,129898.0,1462.0
2026-09-16,6789,4925.0,41.0
2026-09-16,6805,2694.0,24.0
2026-09-16,6830,4351.0,142.0
2026-09-16,6831,1637.0,29.0
2026-09-16,6834,5432.0,129.0
2026-09-16,6861,2710.0,29.0
2026-09-16,6919,0.0,0.0
2026-09-16,6933,1514.0,25.0
2026-09-16,6944,1048.0,16.0
2026-09-16,7711,2116.0,110.0
2026-09-16,7750,668.0,0.0
2026-09-16,7769,434.0,1.0
2026-09-16,7795,1571.0,4.0
2026-09-16,7799,2000.0,29.0
2026-09-16,8021,14166.0,109.0
2026-09-16,8028,6085.0,31.0
2026-09-16,8039,20964.0,1500.0
2026-09-16,8046,10040.0,567.0
2026-09-16,8103,6774.0,182.0
2026-09-16,8110,14664.0,147.0
2026-09-16,8112,16669.0,2034.0
2026-09-16,8150,19061.0,262.0
2026-09-16,8210,4154.0,11.0
2026-09-16,8261,6549.0,21.0
2026-09-16,8996,8275.0,97.0
2026-09-16,9945,20442.0,24.0
2026-09-15,1101,37491.0,36.0
2026-09-15,1102,746.0,7.0
2026-09-15,1216,903.0,0.0
2026-09-15,1301,18675.0,710.0
2026-09-15,1303,39937.0,2208.0
2026-09-15,1314,56419.0,53.0
2026-09-15,1326,21574.0,220.0
2026-09-15,1476,1474.0,20.0
2026-09-15,1504,27523.0,95.0
2026-09-15,1519,3405.0,71.0
2026-09-15,1560,1177.0,50.0
2026-09-15,1590,109.0,0.0
2026-09-15,1708,6482.0,52.0
2026-09-15,1709,31387.0,139.0
2026-09-15,1717,16859.0,415.0
2026-09-15,1727,6779.0,223.0
2026-09-15,1802,35551.0,1090.0
2026-09-15,1809,5645.0,37.0
2026-09-15,2002,38487.0,38.0
2026-09-15,2027,22216.0,376.0
2026-09-15,2030,2936.0,98.0
2026-09-15,2049,3732.0,117.0
2026-09-15,2059,668.0,2.0
2026-09-15,2301,16549.0,127.0
2026-09-15,2302,4145.0,123.0
2026-09-15,2303,193737.0,5797.0
2026-09-15,2305,9352.0,1257.0
2026-09-15,2308,9875.0,40.0
2026-09-15,2313,36327.0,1024.0
2026-09-15,2317,53544.0,456.0
2026-09-15,2324,54783.0,1024.0
2026-09-15,2327,43596.0,384.0
2026-09-15,2330,29282.0,0.0
2026-09-15,2337,86689.0,1769.0
2026-09-15,2342,4027.0,63.0
2026-09-15,2344,123555.0,4845.0
2026-09-15,2345,2633.0,7.0
2026-09-15,2351,16005.0,868.0
2026-09-15,2353,36963.0,1150.0
2026-09-15,2354,25368.0,111.0
2026-09-15,2356,27675.0,283.0
2026-09-15,2357,1645.0,101.0
2026-09-15,2360,1162.0,13.0
2026-09-15,2363,18265.0,42.0
2026-09-15,2368,8562.0,66.0
2026-09-15,2376,6314.0,376.0
2026-09-15,2377,12538.0,73.0
2026-09-15,2379,2621.0,7.0
2026-09-15,2382,14845.0,62.0
2026-09-15,2383,2060.0,4.0
2026-09-15,2395,1598.0,44.0
2026-09-15,2404,2259.0,0.0
2026-09-15,2406,12318.0,155.0
2026-09-15,2408,65592.0,1800.0
2026-09-15,2409,253669.0,5581.0
2026-09-15,2412,2150.0,29.0
2026-09-15,2421,4114.0,24.0
2026-09-15,2426,26064.0,1897.0
2026-09-15,2436,7743.0,53.0
2026-09-15,2441,6873.0,6.0
2026-09-15,2449,22891.0,136.0
2026-09-15,2451,5675.0,200.0
2026-09-15,2454,10240.0,33.0
2026-09-15,2455,7568.0,530.0
2026-09-15,2458,3869.0,69.0
2026-09-15,2464,18088.0,231.0
2026-09-15,2466,5903.0,320.0
2026-09-15,2467,1702.0,17.0
2026-09-15,2472,5349.0,19.0
2026-09-15,2474,6500.0,4.0
2026-09-15,2481,16892.0,1232.0
2026-09-15,2484,15441.0,116.0
2026-09-15,2486,22668.0,245.0
2026-09-15,2489,31151.0,502.0
2026-09-15,2492,18174.0,518.0
2026-09-15,2493,8702.0,14.0
2026-09-15,2498,28831.0,409.0
2026-09-15,2542,3902.0,9.0
2026-09-15,2603,10602.0,343.0
2026-09-15,2609,34708.0,2110.0
2026-09-15,2610,39879.0,221.0
2026-09-15,2615,14115.0,1460.0
2026-09-15,2618,20572.0,997.0
2026-09-15,2801,9112.0,197.0
2026-09-15,2812,4441.0,13.0
2026-09-15,2834,26857.0,38.0
2026-09-15,2855,4357.0,155.0
2026-09-15,2880,771.0,109.0
2026-09-15,2881,6189.0,347.0
2026-09-15,2882,5550.0,1497.0
2026-09-15,2883,12138.0,262.0
2026-09-15,2884,8379.0,277.0
2026-09-15,2885,1807.0,2.0
2026-09-15,2886,2175.0,45.0
2026-09-15,2887,42863.0,494.0
2026-09-15,2890,2172.0,83.0
2026-09-15,2891,2866.0,67.0
2026-09-15,2892,16300.0,138.0
2026-09-15,2912,522.0,0.0
2026-09-15,3006,18538.0,474.0
2026-09-15,3008,3847.0,53.0
2026-09-15,3014,2650.0,9.0
2026-09-15,3016,9775.0,1561.0
2026-09-15,3017,3671.0,69.0
2026-09-15,3019,12648.0,52.0
2026-09-15,3026,10972.0,400.0
2026-09-15,3029,3954.0,61.0
2026-09-15,3034,2482.0,92.0
2026-09-15,3035,9735.0,295.0
2026-09-15,3036,13894.0,45.0
2026-09-15,3037,34286.0,470.0
2026-09-15,3042,13393.0,315.0
2026-09-15,3044,5780.0,43.0
2026-09-15,3045,885.0,194.0
2026-09-15,3055,8273.0,230.0
2026-09-15,3090,6501.0,87.0
2026-09-15,3094,3977.0,140.0
2026-09-15,3167,7628.0,98.0
2026-09-15,3189,22622.0,309.0
2026-09-15,3231,48136.0,429.0
2026-09-15,3376,12044.0,92.0
2026-09-15,3406,3184.0,220.0
2026-09-15,3443,4658.0,130.0
2026-09-15,3450,12168.0,284.0
2026-09-15,3481,319269.0,8221.0
2026-09-15,3518,4555.0,45.0
2026-09-15,3532,8774.0,960.0
2026-09-15,3533,1585.0,1.0
2026-09-15,3563,6038.0,1.0
2026-09-15,3576,0.0,0.0
2026-09-15,3605,20043.0,1474.0
2026-09-15,3645,6284.0,17.0
2026-09-15,3653,2834.0,45.0
2026-09-15,3661,5695.0,4.0
2026-09-15,3665,4096.0,7.0
2026-09-15,3702,11802.0,38.0
2026-09-15,3706,26508.0,64.0
2026-09-15,3711,11418.0,106.0
2026-09-15,3714,25170.0,162.0
2026-09-15,3715,25189.0,578.0
2026-09-15,3717,13068.0,444.0
2026-09-15,4566,4633.0,28.0
2026-09-15,4763,40718.0,0.0
2026-09-15,4770,1241.0,7.0
2026-09-15,4916,7326.0,97.0
2026-09-15,4919,12290.0,703.0
2026-09-15,4938,4121.0,25.0
2026-09-15,4956,5799.0,69.0
2026-09-15,4958,34275.0,212.0
2026-09-15,4967,7450.0,1417.0
2026-09-15,5269,1846.0,183.0
2026-09-15,5871,4349.0,6.0
2026-09-15,5880,2939.0,50.0
2026-09-15,6116,37169.0,6742.0
2026-09-15,6139,8847.0,9.0
2026-09-15,6166,2840.0,10.0
2026-09-15,6168,4678.0,151.0
2026-09-15,6196,1544.0,19.0
2026-09-15,6197,6279.0,51.0
2026-09-15,6205,3694.0,5.0
2026-09-15,6209,13712.0,101.0
2026-09-15,6213,17588.0,1069.0
2026-09-15,6214,880.0,90.0
2026-09-15,6239,22182.0,79.0
2026-09-15,6257,12691.0,40.0
2026-09-15,6271,6959.0,64.0
2026-09-15,6278,8116.0,82.0
2026-09-15,6285,14052.0,55.0
2026-09-15,6415,4762.0,56.0
2026-09-15,6426,3502.0,81.0
2026-09-15,6442,4373.0,22.0
2026-09-15,6443,7002.0,231.0
2026-09-15,6446,8646.0,14.0
2026-09-15,6451,9588.0,190.0
2026-09-15,6456,16461.0,193.0
2026-09-15,6505,11416.0,326.0
2026-09-15,6515,649.0,15.0
2026-09-15,6526,1250.0,2.0
2026-09-15,6531,5958.0,58.0
2026-09-15,6533,2084.0,1070.0
2026-09-15,6669,3047.0,1964.0
2026-09-15,6672,6451.0,55.0
2026-09-15,6691,1799.0,0.0
2026-09-15,6706,7561.0,314.0
2026-09-15,6715,5990.0,189.0
2026-09-15,6770,133800.0,735.0
2026-09-15,6789,4908.0,32.0
2026-09-15,6805,2774.0,25.0
2026-09-15,6830,4303.0,0.0
2026-09-15,6831,1620.0,31.0
2026-09-15,6834,5447.0,112.0
2026-09-15,6861,2373.0,31.0
2026-09-15,6919,0.0,0.0
2026-09-15,6933,1445.0,10.0
2026-09-15,6944,1017.0,16.0
2026-09-15,7711,2158.0,29.0
2026-09-15,7750,659.0,0.0
2026-09-15,7769,421.0,0.0
2026-09-15,7795,1668.0,3.0
2026-09-15,7799,1878.0,9.0
2026-09-15,8021,13214.0,92.0
2026-09-15,8028,6096.0,21.0
2026-09-15,8039,20574.0,1552.0
2026-09-15,8046,10032.0,589.0
2026-09-15,8103,6388.0,172.0
2026-09-15,8110,14663.0,131.0
2026-09-15,8112,16374.0,2021.0
2026-09-15,8150,19379.0,272.0
2026-09-15,8210,4143.0,10.0
2026-09-15,8261,6482.0,32.0
2026-09-15,8996,8301.0,102.0
2026-09-15,9945,21082.0,24.0
2026-09-14,1101,37312.0,39.0
2026-09-14,1102,756.0,7.0
2026-09-14,1216,837.0,0.0
2026-09-14,1301,18457.0,751.0
2026-09-14,1303,39768.0,1908.0
2026-09-14,1314,57748.0,49.0
2026-09-14,1326,21477.0,313.0
2026-09-14,1476,1473.0,20.0
2026-09-14,1504,27448.0,81.0
2026-09-14,1519,3495.0,69.0
2026-09-14,1560,1207.0,53.0
2026-09-14,1590,113.0,0.0
2026-09-14,1708,6454.0,43.0
2026-09-14,1709,31588.0,128.0
2026-09-14,1717,17086.0,424.0
2026-09-14,1727,6628.0,187.0
2026-09-14,1802,35307.0,1257.0
2026-09-14,1809,5618.0,36.0
2026-09-14,2002,37838.0,39.0
2026-09-14,2027,22838.0,462.0
2026-09-14,2030,3198.0,151.0
2026-09-14,2049,4020.0,156.0
2026-09-14,2059,669.0,2.0
2026-09-14,2301,16270.0,137.0
2026-09-14,2302,4107.0,126.0
2026-09-14,2303,192786.0,6111.0
2026-09-14,2305,9895.0,1660.0
2026-09-14,2308,9954.0,27.0
2026-09-14,2313,36329.0,1034.0
2026-09-14,2317,53430.0,449.0
2026-09-14,2324,54270.0,1001.0
2026-09-14,2327,43477.0,457.0
2026-09-14,2330,29214.0,0.0
2026-09-14,2337,86785.0,1783.0
2026-09-14,2342,3792.0,52.0
2026-09-14,2344,123988.0,4914.0
2026-09-14,2345,2597.0,7.0
2026-09-14,2351,16015.0,879.0
2026-09-14,2353,36873.0,1210.0
2026-09-14,2354,25221.0,108.0
2026-09-14,2356,27694.0,288.0
2026-09-14,2357,1808.0,135.0
2026-09-14,2360,1224.0,13.0
2026-09-14,2363,18071.0,52.0
2026-09-14,2368,8467.0,66.0
2026-09-14,2376,6327.0,346.0
2026-09-14,2377,12621.0,68.0
2026-09-14,2379,2598.0,6.0
2026-09-14,2382,14952.0,61.0
2026-09-14,2383,2076.0,2.0
2026-09-14,2395,1700.0,39.0
2026-09-14,2404,2297.0,0.0
2026-09-14,2406,12346.0,158.0
2026-09-14,2408,65289.0,1843.0
2026-09-14,2409,262535.0,6538.0
2026-09-14,2412,2196.0,28.0
2026-09-14,2421,4183.0,25.0
2026-09-14,2426,26438.0,2003.0
2026-09-14,2436,7641.0,92.0
2026-09-14,2441,6771.0,16.0
2026-09-14,2449,22759.0,156.0
2026-09-14,2451,5737.0,197.0
2026-09-14,2454,10300.0,59.0
2026-09-14,2455,7632.0,535.0
2026-09-14,2458,3881.0,68.0
2026-09-14,2464,18106.0,200.0
2026-09-14,2466,5898.0,332.0
2026-09-14,2467,1692.0,21.0
2026-09-14,2472,5390.0,12.0
2026-09-14,2474,6607.0,4.0
2026-09-14,2481,16614.0,1608.0
2026-09-14,2484,15283.0,76.0
2026-09-14,2486,22863.0,241.0
2026-09-14,2489,31217.0,558.0
2026-09-14,2492,18592.0,451.0
2026-09-14,2493,8717.0,12.0
2026-09-14,2498,29074.0,212.0
2026-09-14,2542,3874.0,10.0
2026-09-14,2603,10830.0,348.0
2026-09-14,2609,35654.0,2130.0
2026-09-14,2610,39576.0,262.0
2026-09-14,2615,14153.0,1461.0
2026-09-14,2618,20563.0,1012.0
2026-09-14,2801,9259.0,156.0
2026-09-14,2812,4311.0,3.0
2026-09-14,2834,23751.0,65.0
2026-09-14,2855,4211.0,152.0
2026-09-14,2880,776.0,97.0
2026-09-14,2881,5731.0,381.0
2026-09-14,2882,5145.0,1547.0
2026-09-14,2883,12731.0,272.0
2026-09-14,2884,8375.0,283.0
2026-09-14,2885,1482.0,2.0
2026-09-14,2886,1912.0,47.0
2026-09-14,2887,42923.0,496.0
2026-09-14,2890,2155.0,80.0
2026-09-14,2891,3177.0,38.0
2026-09-14,2892,10667.0,174.0
2026-09-14,2912,503.0,0.0
2026-09-14,3006,18368.0,466.0
2026-09-14,3008,3863.0,104.0
2026-09-14,3014,2656.0,9.0
2026-09-14,3016,9926.0,1617.0
2026-09-14,3017,3677.0,41.0
2026-09-14,3019,12337.0,45.0
2026-09-14,3026,11018.0,324.0
2026-09-14,3029,4028.0,44.0
2026-09-14,3034,2461.0,96.0
2026-09-14,3035,9735.0,335.0
2026-09-14,3036,13975.0,53.0
2026-09-14,3037,34471.0,478.0
2026-09-14,3042,12913.0,199.0
2026-09-14,3044,5788.0,52.0
2026-09-14,3045,766.0,165.0
2026-09-14,3055,8335.0,244.0
2026-09-14,3090,6437.0,62.0
2026-09-14,3094,3877.0,132.0
2026-09-14,3167,7376.0,73.0
2026-09-14,3189,22829.0,285.0
2026-09-14,3231,48309.0,433.0
2026-09-14,3376,12234.0,44.0
2026-09-14,3406,3461.0,243.0
2026-09-14,3443,4768.0,152.0
2026-09-14,3450,12115.0,334.0
2026-09-14,3481,319135.0,6735.0
2026-09-14,3518,4576.0,40.0
2026-09-14,3532,8629.0,1008.0
2026-09-14,3533,1633.0,1.0
2026-09-14,3563,6025.0,1.0
2026-09-14,3576,0.0,0.0
2026-09-14,3605,19799.0,1392.0
2026-09-14,3645,6306.0,17.0
2026-09-14,3653,2854.0,57.0
2026-09-14,3661,5772.0,4.0
2026-09-14,3665,3871.0,4.0
2026-09-14,3702,11761.0,38.0
2026-09-14,3706,26664.0,65.0
2026-09-14,3711,10925.0,130.0
2026-09-14,3714,25435.0,215.0
2026-09-14,3715,25209.0,633.0
2026-09-14,3717,13023.0,444.0
2026-09-14,4566,4656.0,28.0
2026-09-14,4763,41264.0,0.0
2026-09-14,4770,1251.0,8.0
2026-09-14,4916,7344.0,112.0
2026-09-14,4919,12351.0,706.0
2026-09-14,4938,4075.0,28.0
2026-09-14,4956,5818.0,57.0
2026-09-14,4958,34241.0,263.0
2026-09-14,4967,7639.0,1411.0
2026-09-14,5269,1858.0,171.0
2026-09-14,5871,4207.0,5.0
2026-09-14,5880,2840.0,50.0
2026-09-14,6116,37013.0,6759.0
2026-09-14,6139,8912.0,6.0
2026-09-14,6166,2874.0,10.0
2026-09-14,6168,4718.0,124.0
2026-09-14,6196,1537.0,19.0
2026-09-14,6197,6261.0,53.0
2026-09-14,6205,3693.0,5.0
2026-09-14,6209,13805.0,130.0
2026-09-14,6213,17698.0,1013.0
2026-09-14,6214,744.0,89.0
2026-09-14,6239,22451.0,80.0
2026-09-14,6257,12712.0,41.0
2026-09-14,6271,6893.0,38.0
2026-09-14,6278,8223.0,78.0
2026-09-14,6285,14068.0,58.0
2026-09-14,6415,4734.0,75.0
2026-09-14,6426,3483.0,111.0
2026-09-14,6442,4397.0,28.0
2026-09-14,6443,7039.0,232.0
2026-09-14,6446,8776.0,9.0
2026-09-14,6451,9855.0,88.0
2026-09-14,6456,16508.0,161.0
2026-09-14,6505,11971.0,320.0
2026-09-14,6515,656.0,18.0
2026-09-14,6526,1249.0,3.0
2026-09-14,6531,6026.0,73.0
2026-09-14,6533,2112.0,959.0
2026-09-14,6669,2989.0,1917.0
2026-09-14,6672,6532.0,28.0
2026-09-14,6691,1798.0,0.0
2026-09-14,6706,8290.0,573.0
2026-09-14,6715,5883.0,161.0
2026-09-14,6770,131938.0,1573.0
2026-09-14,6789,4937.0,41.0
2026-09-14,6805,2777.0,29.0
2026-09-14,6830,4309.0,0.0
2026-09-14,6831,1600.0,29.0
2026-09-14,6834,5411.0,133.0
2026-09-14,6861,2068.0,49.0
2026-09-14,6919,0.0,0.0
2026-09-14,6933,1473.0,15.0
2026-09-14,6944,1012.0,16.0
2026-09-14,7711,2169.0,36.0
2026-09-14,7750,658.0,0.0
2026-09-14,7769,416.0,0.0
2026-09-14,7795,1740.0,5.0
2026-09-14,7799,1893.0,6.0
2026-09-14,8021,13279.0,98.0
2026-09-14,8028,6018.0,14.0
2026-09-14,8039,20369.0,1543.0
2026-09-14,8046,10215.0,411.0
2026-09-14,8103,6121.0,194.0
2026-09-14,8110,14629.0,142.0
2026-09-14,8112,16434.0,2021.0
2026-09-14,8150,19007.0,263.0
2026-09-14,8210,4112.0,11.0
2026-09-14,8261,6463.0,34.0
2026-09-14,8996,8341.0,133.0
2026-09-14,9945,22763.0,24.0
2026-09-11,1101,36728.0,50.0
2026-09-11,1102,744.0,7.0
2026-09-11,1216,794.0,0.0
2026-09-11,1301,17800.0,850.0
2026-09-11,1303,40652.0,1857.0
2026-09-11,1314,57418.0,50.0
2026-09-11,1326,21614.0,412.0
2026-09-11,1476,1460.0,20.0
2026-09-11,1504,27526.0,77.0
2026-09-11,1519,3937.0,59.0
2026-09-11,1560,1189.0,96.0
2026-09-11,1590,110.0,0.0
2026-09-11,1708,6479.0,43.0
2026-09-11,1709,31367.0,142.0
2026-09-11,1717,17293.0,477.0
2026-09-11,1727,6747.0,196.0
2026-09-11,1802,35682.0,1432.0
2026-09-11,1809,5602.0,36.0
2026-09-11,2002,38141.0,66.0
2026-09-11,2027,22585.0,481.0
2026-09-11,2030,3195.0,156.0
2026-09-11,2049,3669.0,77.0
2026-09-11,2059,667.0,1.0
2026-09-11,2301,16393.0,126.0
2026-09-11,2302,4208.0,111.0
2026-09-11,2303,194471.0,5677.0
2026-09-11,2305,8458.0,604.0
2026-09-11,2308,9984.0,23.0
2026-09-11,2313,36550.0,1040.0
2026-09-11,2317,53699.0,537.0
2026-09-11,2324,53602.0,1029.0
2026-09-11,2327,43924.0,422.0
2026-09-11,2330,28901.0,0.0
2026-09-11,2337,86651.0,1955.0
2026-09-11,2342,3795.0,40.0
2026-09-11,2344,122862.0,3922.0
2026-09-11,2345,2588.0,17.0
2026-09-11,2351,15287.0,419.0
2026-09-11,2353,37131.0,1206.0
2026-09-11,2354,25116.0,128.0
2026-09-11,2356,27759.0,290.0
2026-09-11,2357,1858.0,130.0
2026-09-11,2360,1276.0,15.0
2026-09-11,2363,18417.0,35.0
2026-09-11,2368,8681.0,60.0
2026-09-11,2376,6407.0,343.0
2026-09-11,2377,12913.0,53.0
2026-09-11,2379,2656.0,5.0
2026-09-11,2382,15029.0,60.0
2026-09-11,2383,2098.0,4.0
2026-09-11,2395,1653.0,38.0
2026-09-11,2404,2320.0,0.0
2026-09-11,2406,12364.0,168.0
2026-09-11,2408,66764.0,1985.0
2026-09-11,2409,257833.0,6877.0
2026-09-11,2412,2377.0,27.0
2026-09-11,2421,4136.0,27.0
2026-09-11,2426,26332.0,1601.0
2026-09-11,2436,7755.0,85.0
2026-09-11,2441,6715.0,34.0
2026-09-11,2449,23190.0,170.0
2026-09-11,2451,5793.0,225.0
2026-09-11,2454,10332.0,60.0
2026-09-11,2455,7836.0,524.0
2026-09-11,2458,3906.0,65.0
2026-09-11,2464,19114.0,220.0
2026-09-11,2466,5866.0,335.0
2026-09-11,2467,1689.0,26.0
2026-09-11,2472,5394.0,10.0
2026-09-11,2474,6665.0,4.0
2026-09-11,2481,17163.0,1764.0
2026-09-11,2484,15497.0,83.0
2026-09-11,2486,23191.0,266.0
2026-09-11,2489,30939.0,444.0
2026-09-11,2492,18515.0,533.0
2026-09-11,2493,8769.0,17.0
2026-09-11,2498,29090.0,209.0
2026-09-11,2542,3949.0,10.0
2026-09-11,2603,10640.0,327.0
2026-09-11,2609,34426.0,2178.0
2026-09-11,2610,39744.0,262.0
2026-09-11,2615,14408.0,1611.0
2026-09-11,2618,20818.0,1356.0
2026-09-11,2801,7116.0,220.0
2026-09-11,2812,4298.0,3.0
2026-09-11,2834,23399.0,56.0
2026-09-11,2855,4229.0,147.0
2026-09-11,2880,709.0,121.0
2026-09-11,2881,5762.0,340.0
2026-09-11,2882,5300.0,1497.0
2026-09-11,2883,10946.0,283.0
2026-09-11,2884,7945.0,309.0
2026-09-11,2885,1534.0,2.0
2026-09-11,2886,1474.0,47.0
2026-09-11,2887,42466.0,432.0
2026-09-11,2890,1998.0,79.0
2026-09-11,2891,3367.0,36.0
2026-09-11,2892,9590.0,161.0
2026-09-11,2912,519.0,0.0
2026-09-11,3006,18480.0,492.0
2026-09-11,3008,4243.0,66.0
2026-09-11,3014,2661.0,9.0
2026-09-11,3016,8243.0,630.0
2026-09-11,3017,3726.0,49.0
2026-09-11,3019,12327.0,59.0
2026-09-11,3026,11005.0,366.0
2026-09-11,3029,3616.0,30.0
2026-09-11,3034,2433.0,101.0
2026-09-11,3035,9829.0,327.0
2026-09-11,3036,14115.0,52.0
2026-09-11,3037,34399.0,506.0
2026-09-11,3042,13236.0,203.0
2026-09-11,3044,5732.0,50.0
2026-09-11,3045,67.0,165.0
2026-09-11,3055,8336.0,602.0
2026-09-11,3090,6631.0,55.0
2026-09-11,3094,3821.0,85.0
2026-09-11,3167,7493.0,135.0
2026-09-11,3189,22440.0,320.0
2026-09-11,3231,48522.0,529.0
2026-09-11,3376,12080.0,154.0
2026-09-11,3406,3973.0,379.0
2026-09-11,3443,4751.0,125.0
2026-09-11,3450,11708.0,322.0
2026-09-11,3481,322292.0,6711.0
2026-09-11,3518,4583.0,35.0
2026-09-11,3532,8986.0,1092.0
2026-09-11,3533,1631.0,0.0
2026-09-11,3563,6007.0,1.0
2026-09-11,3576,0.0,0.0
2026-09-11,3605,21196.0,1452.0
2026-09-11,3645,6402.0,17.0
2026-09-11,3653,2894.0,52.0
2026-09-11,3661,5889.0,9.0
2026-09-11,3665,3621.0,6.0
2026-09-11,3702,11405.0,32.0
2026-09-11,3706,26599.0,53.0
2026-09-11,3711,10946.0,112.0
2026-09-11,3714,25094.0,208.0
2026-09-11,3715,25390.0,606.0
2026-09-11,3717,13025.0,444.0
2026-09-11,4566,4699.0,28.0
2026-09-11,4763,41100.0,0.0
2026-09-11,4770,1263.0,9.0
2026-09-11,4916,7342.0,114.0
2026-09-11,4919,12311.0,702.0
2026-09-11,4938,4077.0,26.0
2026-09-11,4956,5984.0,64.0
2026-09-11,4958,34871.0,325.0
2026-09-11,4967,7545.0,1440.0
2026-09-11,5269,1879.0,137.0
2026-09-11,5871,4298.0,15.0
2026-09-11,5880,2759.0,50.0
2026-09-11,6116,37392.0,6662.0
2026-09-11,6139,8905.0,7.0
2026-09-11,6166,2925.0,9.0
2026-09-11,6168,4788.0,119.0
2026-09-11,6196,1548.0,18.0
2026-09-11,6197,6261.0,55.0
2026-09-11,6205,3720.0,5.0
2026-09-11,6209,14454.0,214.0
2026-09-11,6213,18209.0,953.0
2026-09-11,6214,722.0,33.0
2026-09-11,6239,22782.0,88.0
2026-09-11,6257,13097.0,45.0
2026-09-11,6271,6904.0,31.0
2026-09-11,6278,8431.0,91.0
2026-09-11,6285,14106.0,59.0
2026-09-11,6415,4889.0,55.0
2026-09-11,6426,3464.0,54.0
2026-09-11,6442,4367.0,27.0
2026-09-11,6443,7135.0,242.0
2026-09-11,6446,9064.0,12.0
2026-09-11,6451,10045.0,91.0
2026-09-11,6456,16504.0,174.0
2026-09-11,6505,12283.0,380.0
2026-09-11,6515,673.0,19.0
2026-09-11,6526,1267.0,2.0
2026-09-11,6531,6315.0,85.0
2026-09-11,6533,2077.0,817.0
2026-09-11,6669,2974.0,1870.0
2026-09-11,6672,6608.0,23.0
2026-09-11,6691,1815.0,0.0
2026-09-11,6706,8480.0,249.0
2026-09-11,6715,5808.0,132.0
2026-09-11,6770,134859.0,1057.0
2026-09-11,6789,4973.0,47.0
2026-09-11,6805,2867.0,42.0
2026-09-11,6830,4421.0,0.0
2026-09-11,6831,1567.0,31.0
2026-09-11,6834,5938.0,210.0
2026-09-11,6861,2136.0,15.0
2026-09-11,6919,0.0,0.0
2026-09-11,6933,1574.0,18.0
2026-09-11,6944,1021.0,17.0
2026-09-11,7711,2285.0,37.0
2026-09-11,7750,683.0,2.0
2026-09-11,7769,429.0,0.0
2026-09-11,7795,2002.0,4.0
2026-09-11,7799,1871.0,5.0
2026-09-11,8021,13407.0,119.0
2026-09-11,8028,6061.0,15.0
2026-09-11,8039,20169.0,1607.0
2026-09-11,8046,10173.0,438.0
2026-09-11,8103,6083.0,196.0
2026-09-11,8110,14715.0,107.0
2026-09-11,8112,16502.0,2022.0
2026-09-11,8150,19476.0,253.0
2026-09-11,8210,4061.0,10.0
2026-09-11,8261,6658.0,44.0
2026-09-11,8996,7809.0,125.0
2026-09-11,9945,22600.0,28.0
2026-09-10,1101,36483.0,58.0
2026-09-10,1102,758.0,7.0
2026-09-10,1216,779.0,0.0
2026-09-10,1301,17691.0,874.0
2026-09-10,1303,41588.0,2269.0
2026-09-10,1314,57308.0,50.0
2026-09-10,1326,22436.0,447.0
2026-09-10,1476,1453.0,20.0
2026-09-10,1504,27470.0,95.0
2026-09-10,1519,3935.0,59.0
2026-09-10,1560,1290.0,23.0
2026-09-10,1590,109.0,0.0
2026-09-10,1708,6598.0,44.0
2026-09-10,1709,30219.0,86.0
2026-09-10,1717,17486.0,476.0
2026-09-10,1727,6717.0,203.0
2026-09-10,1802,35746.0,1625.0
2026-09-10,1809,5617.0,54.0
2026-09-10,2002,38061.0,84.0
2026-09-10,2027,23075.0,473.0
2026-09-10,2030,3381.0,151.0
2026-09-10,2049,3603.0,86.0
2026-09-10,2059,677.0,3.0
2026-09-10,2301,18464.0,204.0
2026-09-10,2302,4188.0,112.0
2026-09-10,2303,201658.0,6133.0
2026-09-10,2305,8181.0,587.0
2026-09-10,2308,9893.0,34.0
2026-09-10,2313,36963.0,1057.0
2026-09-10,2317,54740.0,699.0
2026-09-10,2324,54181.0,1047.0
2026-09-10,2327,45537.0,464.0
2026-09-10,2330,28474.0,2.0
2026-09-10,2337,86971.0,2189.0
2026-09-10,2342,3816.0,37.0
2026-09-10,2344,121990.0,4172.0
2026-09-10,2345,2647.0,21.0
2026-09-10,2351,15751.0,406.0
2026-09-10,2353,37199.0,1244.0
2026-09-10,2354,25367.0,105.0
2026-09-10,2356,27993.0,351.0
2026-09-10,2357,1796.0,41.0
2026-09-10,2360,1301.0,14.0
2026-09-10,2363,18285.0,89.0
2026-09-10,2368,9017.0,57.0
2026-09-10,2376,6389.0,350.0
2026-09-10,2377,13244.0,56.0
2026-09-10,2379,2694.0,1.0
2026-09-10,2382,15180.0,60.0
2026-09-10,2383,2108.0,1.0
2026-09-10,2395,1800.0,31.0
2026-09-10,2404,2416.0,1.0
2026-09-10,2406,12368.0,164.0
2026-09-10,2408,67277.0,2158.0
2026-09-10,2409,243053.0,8987.0
2026-09-10,2412,2352.0,27.0
2026-09-10,2421,4276.0,30.0
2026-09-10,2426,26934.0,1589.0
2026-09-10,2436,7795.0,188.0
2026-09-10,2441,7231.0,21.0
2026-09-10,2449,23252.0,180.0
2026-09-10,2451,5868.0,279.0
2026-09-10,2454,10434.0,66.0
2026-09-10,2455,7931.0,556.0
2026-09-10,2458,3888.0,61.0
2026-09-10,2464,19722.0,185.0
2026-09-10,2466,5849.0,319.0
2026-09-10,2467,1707.0,40.0
2026-09-10,2472,5485.0,11.0
2026-09-10,2474,6708.0,4.0
2026-09-10,2481,16735.0,1301.0
2026-09-10,2484,15764.0,152.0
2026-09-10,2486,23243.0,298.0
2026-09-10,2489,32016.0,703.0
2026-09-10,2492,18370.0,523.0
2026-09-10,2493,8879.0,19.0
2026-09-10,2498,28938.0,228.0
2026-09-10,2542,3870.0,9.0
2026-09-10,2603,10903.0,318.0
2026-09-10,2609,34140.0,2039.0
2026-09-10,2610,40438.0,270.0
2026-09-10,2615,14493.0,1577.0
2026-09-10,2618,21771.0,938.0
2026-09-10,2801,9523.0,166.0
2026-09-10,2812,4403.0,2.0
2026-09-10,2834,23611.0,75.0
2026-09-10,2855,4301.0,145.0
2026-09-10,2880,978.0,118.0
2026-09-10,2881,5927.0,352.0
2026-09-10,2882,5356.0,1504.0
2026-09-10,2883,10141.0,275.0
2026-09-10,2884,6815.0,225.0
2026-09-10,2885,1678.0,8.0
2026-09-10,2886,1573.0,37.0
2026-09-10,2887,42441.0,372.0
2026-09-10,2890,1733.0,75.0
2026-09-10,2891,3489.0,36.0
2026-09-10,2892,9375.0,107.0
2026-09-10,2912,522.0,0.0
2026-09-10,3006,17914.0,701.0
2026-09-10,3008,4275.0,63.0
2026-09-10,3014,2674.0,9.0
2026-09-10,3016,8020.0,582.0
2026-09-10,3017,3830.0,53.0
2026-09-10,3019,12456.0,46.0
2026-09-10,3026,11916.0,413.0
2026-09-10,3029,2773.0,16.0
2026-09-10,3034,2469.0,94.0
2026-09-10,3035,9558.0,280.0
2026-09-10,3036,14286.0,41.0
2026-09-10,3037,34435.0,483.0
2026-09-10,3042,13510.0,325.0
2026-09-10,3044,5735.0,45.0
2026-09-10,3045,117.0,165.0
2026-09-10,3055,8356.0,286.0
2026-09-10,3090,6834.0,57.0
2026-09-10,3094,3955.0,95.0
2026-09-10,3167,7755.0,159.0
2026-09-10,3189,22134.0,312.0
2026-09-10,3231,54585.0,467.0
2026-09-10,3376,12334.0,307.0
2026-09-10,3406,4115.0,504.0
2026-09-10,3443,4721.0,129.0
2026-09-10,3450,11776.0,333.0
2026-09-10,3481,325515.0,3922.0
2026-09-10,3518,4681.0,52.0
2026-09-10,3532,8851.0,911.0
2026-09-10,3533,1654.0,0.0
2026-09-10,3563,5998.0,1.0
2026-09-10,3576,0.0,0.0
2026-09-10,3605,22088.0,1467.0
2026-09-10,3645,6494.0,17.0
2026-09-10,3653,2903.0,56.0
2026-09-10,3661,6012.0,35.0
2026-09-10,3665,3583.0,6.0
2026-09-10,3702,11300.0,142.0
2026-09-10,3706,26702.0,80.0
2026-09-10,3711,10380.0,211.0
2026-09-10,3714,25981.0,210.0
2026-09-10,3715,25527.0,631.0
2026-09-10,3717,13058.0,473.0
2026-09-10,4566,4738.0,30.0
2026-09-10,4763,41056.0,0.0
2026-09-10,4770,1437.0,9.0
2026-09-10,4916,7286.0,122.0
2026-09-10,4919,12409.0,707.0
2026-09-10,4938,4035.0,28.0
2026-09-10,4956,6050.0,77.0
2026-09-10,4958,35417.0,332.0
2026-09-10,4967,7767.0,1403.0
2026-09-10,5269,1870.0,82.0
2026-09-10,5871,4388.0,15.0
2026-09-10,5880,2311.0,53.0
2026-09-10,6116,35903.0,6405.0
2026-09-10,6139,8893.0,26.0
2026-09-10,6166,2947.0,12.0
2026-09-10,6168,5082.0,226.0
2026-09-10,6196,1543.0,16.0
2026-09-10,6197,6231.0,51.0
2026-09-10,6205,3772.0,5.0
2026-09-10,6209,14428.0,183.0
2026-09-10,6213,18797.0,975.0
2026-09-10,6214,644.0,38.0
2026-09-10,6239,22007.0,95.0
2026-09-10,6257,12740.0,53.0
2026-09-10,6271,6839.0,40.0
2026-09-10,6278,8899.0,94.0
2026-09-10,6285,14084.0,66.0
2026-09-10,6415,4909.0,57.0
2026-09-10,6426,3523.0,75.0
2026-09-10,6442,4471.0,43.0
2026-09-10,6443,7143.0,243.0
2026-09-10,6446,9181.0,9.0
2026-09-10,6451,10161.0,96.0
2026-09-10,6456,16518.0,182.0
2026-09-10,6505,11662.0,452.0
2026-09-10,6515,692.0,20.0
2026-09-10,6526,1304.0,2.0
2026-09-10,6531,6304.0,111.0
2026-09-10,6533,2102.0,777.0
2026-09-10,6669,2953.0,1853.0
2026-09-10,6672,6607.0,29.0
2026-09-10,6691,1826.0,0.0
2026-09-10,6706,8260.0,174.0
2026-09-10,6715,5841.0,133.0
2026-09-10,6770,137292.0,2029.0
2026-09-10,6789,5031.0,47.0
2026-09-10,6805,2950.0,42.0
2026-09-10,6830,4456.0,0.0
2026-09-10,6831,1500.0,31.0
2026-09-10,6834,5162.0,198.0
2026-09-10,6861,1884.0,10.0
2026-09-10,6919,0.0,0.0
2026-09-10,6933,1693.0,29.0
2026-09-10,6944,999.0,17.0
2026-09-10,7711,2365.0,36.0
2026-09-10,7750,723.0,1.0
2026-09-10,7769,434.0,1.0
2026-09-10,7795,2079.0,22.0
2026-09-10,7799,1732.0,4.0
2026-09-10,8021,13728.0,137.0
2026-09-10,8028,6074.0,24.0
2026-09-10,8039,19683.0,1723.0
2026-09-10,8046,10390.0,398.0
2026-09-10,8103,5815.0,221.0
2026-09-10,8110,14792.0,146.0
2026-09-10,8112,16580.0,2033.0
2026-09-10,8150,19519.0,348.0
2026-09-10,8210,4055.0,10.0
2026-09-10,8261,6840.0,42.0
2026-09-10,8996,7902.0,106.0
2026-09-10,9945,23047.0,28.0
2026-09-09,1101,37014.0,56.0
2026-09-09,1102,773.0,7.0
2026-09-09,1216,771.0,0.0
2026-09-09,1301,17244.0,1003.0
2026-09-09,1303,41300.0,2119.0
2026-09-09,1314,57085.0,53.0
2026-09-09,1326,22156.0,514.0
2026-09-09,1476,1417.0,23.0
2026-09-09,1504,27516.0,106.0
2026-09-09,1519,4030.0,60.0
2026-09-09,1560,1310.0,22.0
2026-09-09,1590,112.0,0.0
2026-09-09,1708,6612.0,47.0
2026-09-09,1709,30116.0,94.0
2026-09-09,1717,17343.0,516.0
2026-09-09,1727,6792.0,216.0
2026-09-09,1802,35729.0,1763.0
2026-09-09,1809,5574.0,54.0
2026-09-09,2002,39778.0,102.0
2026-09-09,2027,23657.0,397.0
2026-09-09,2030,3526.0,149.0
2026-09-09,2049,3612.0,127.0
2026-09-09,2059,688.0,4.0
2026-09-09,2301,18703.0,212.0
2026-09-09,2302,4208.0,122.0
2026-09-09,2303,200072.0,5902.0
2026-09-09,2305,7586.0,188.0
2026-09-09,2308,9254.0,38.0
2026-09-09,2313,38250.0,1125.0
2026-09-09,2317,54493.0,469.0
2026-09-09,2324,54666.0,1118.0
2026-09-09,2327,43088.0,484.0
2026-09-09,2330,27979.0,36.0
2026-09-09,2337,86651.0,2142.0
2026-09-09,2342,3870.0,32.0
2026-09-09,2344,122116.0,4406.0
2026-09-09,2345,2597.0,23.0
2026-09-09,2351,15715.0,385.0
2026-09-09,2353,37349.0,1285.0
2026-09-09,2354,25803.0,110.0
2026-09-09,2356,28039.0,358.0
2026-09-09,2357,1865.0,38.0
2026-09-09,2360,1295.0,26.0
2026-09-09,2363,18206.0,46.0
2026-09-09,2368,8908.0,81.0
2026-09-09,2376,6426.0,389.0
2026-09-09,2377,12994.0,57.0
2026-09-09,2379,2662.0,7.0
2026-09-09,2382,14843.0,83.0
2026-09-09,2383,2095.0,1.0
2026-09-09,2395,1820.0,30.0
2026-09-09,2404,2439.0,3.0
2026-09-09,2406,12407.0,159.0
2026-09-09,2408,66409.0,2256.0
2026-09-09,2409,240304.0,7571.0
2026-09-09,2412,2418.0,24.0
2026-09-09,2421,4227.0,43.0
2026-09-09,2426,27338.0,2051.0
2026-09-09,2436,7760.0,216.0
2026-09-09,2441,7222.0,19.0
2026-09-09,2449,23619.0,179.0
2026-09-09,2451,5914.0,258.0
2026-09-09,2454,10447.0,59.0
2026-09-09,2455,8063.0,602.0
2026-09-09,2458,3826.0,62.0
2026-09-09,2464,19955.0,198.0
2026-09-09,2466,5803.0,324.0
2026-09-09,2467,1740.0,38.0
2026-09-09,2472,5550.0,8.0
2026-09-09,2474,6770.0,5.0
2026-09-09,2481,16696.0,974.0
2026-09-09,2484,16265.0,124.0
2026-09-09,2486,24053.0,402.0
2026-09-09,2489,32058.0,1082.0
2026-09-09,2492,16508.0,622.0
2026-09-09,2493,9034.0,16.0
2026-09-09,2498,28949.0,242.0
2026-09-09,2542,3583.0,10.0
2026-09-09,2603,10997.0,312.0
2026-09-09,2609,33830.0,2013.0
2026-09-09,2610,40478.0,276.0
2026-09-09,2615,13559.0,1273.0
2026-09-09,2618,21674.0,967.0
2026-09-09,2801,9296.0,147.0
2026-09-09,2812,4402.0,4.0
2026-09-09,2834,24449.0,77.0
2026-09-09,2855,4554.0,145.0
2026-09-09,2880,759.0,118.0
2026-09-09,2881,6245.0,346.0
2026-09-09,2882,5333.0,1523.0
2026-09-09,2883,10695.0,250.0
2026-09-09,2884,6966.0,202.0
2026-09-09,2885,1685.0,9.0
2026-09-09,2886,1531.0,39.0
2026-09-09,2887,42508.0,372.0
2026-09-09,2890,1743.0,75.0
2026-09-09,2891,3628.0,34.0
2026-09-09,2892,9378.0,96.0
2026-09-09,2912,632.0,0.0
2026-09-09,3006,17751.0,695.0
2026-09-09,3008,4374.0,66.0
2026-09-09,3014,2688.0,9.0
2026-09-09,3016,8050.0,75.0
2026-09-09,3017,3908.0,50.0
2026-09-09,3019,12442.0,65.0
2026-09-09,3026,10437.0,385.0
2026-09-09,3029,2812.0,7.0
2026-09-09,3034,2477.0,93.0
2026-09-09,3035,9538.0,280.0
2026-09-09,3036,14041.0,39.0
2026-09-09,3037,34394.0,546.0
2026-09-09,3042,12152.0,234.0
2026-09-09,3044,5725.0,54.0
2026-09-09,3045,98.0,170.0
2026-09-09,3055,7964.0,127.0
2026-09-09,3090,6669.0,52.0
2026-09-09,3094,3996.0,103.0
2026-09-09,3167,8003.0,256.0
2026-09-09,3189,22493.0,275.0
2026-09-09,3231,53826.0,497.0
2026-09-09,3376,12149.0,161.0
2026-09-09,3406,3881.0,481.0
2026-09-09,3443,4704.0,112.0
2026-09-09,3450,11697.0,334.0
2026-09-09,3481,322935.0,4242.0
2026-09-09,3518,4633.0,55.0
2026-09-09,3532,8750.0,907.0
2026-09-09,3533,1672.0,1.0
2026-09-09,3563,6001.0,1.0
2026-09-09,3576,0.0,0.0
2026-09-09,3605,20593.0,1530.0
2026-09-09,3645,6333.0,58.0
2026-09-09,3653,2917.0,62.0
2026-09-09,3661,5969.0,6.0
2026-09-09,3665,3621.0,5.0
2026-09-09,3702,11455.0,35.0
2026-09-09,3706,26325.0,86.0
2026-09-09,3711,10945.0,193.0
2026-09-09,3714,26197.0,244.0
2026-09-09,3715,24946.0,640.0
2026-09-09,3717,13078.0,473.0
2026-09-09,4566,4579.0,31.0
2026-09-09,4763,40829.0,3.0
2026-09-09,4770,1516.0,12.0
2026-09-09,4916,7324.0,122.0
2026-09-09,4919,12419.0,711.0
2026-09-09,4938,4051.0,32.0
2026-09-09,4956,6212.0,118.0
2026-09-09,4958,34645.0,368.0
2026-09-09,4967,7713.0,1474.0
2026-09-09,5269,1862.0,75.0
2026-09-09,5871,4330.0,15.0
2026-09-09,5880,2320.0,50.0
2026-09-09,6116,35958.0,6421.0
2026-09-09,6139,8789.0,4.0
2026-09-09,6166,2963.0,12.0
2026-09-09,6168,4777.0,192.0
2026-09-09,6196,1497.0,23.0
2026-09-09,6197,6203.0,56.0
2026-09-09,6205,3764.0,5.0
2026-09-09,6209,14212.0,176.0
2026-09-09,6213,18774.0,995.0
2026-09-09,6214,665.0,37.0
2026-09-09,6239,21943.0,89.0
2026-09-09,6257,12970.0,47.0
2026-09-09,6271,6788.0,43.0
2026-09-09,6278,8880.0,92.0
2026-09-09,6285,14148.0,72.0
2026-09-09,6415,4803.0,65.0
2026-09-09,6426,3377.0,80.0
2026-09-09,6442,4183.0,37.0
2026-09-09,6443,7148.0,275.0
2026-09-09,6446,9201.0,14.0
2026-09-09,6451,10049.0,121.0
2026-09-09,6456,16437.0,181.0
2026-09-09,6505,14492.0,604.0
2026-09-09,6515,670.0,20.0
2026-09-09,6526,1293.0,2.0
2026-09-09,6531,6032.0,116.0
2026-09-09,6533,2099.0,527.0
2026-09-09,6669,2937.0,1773.0
2026-09-09,6672,6510.0,28.0
2026-09-09,6691,1815.0,0.0
2026-09-09,6706,8309.0,173.0
2026-09-09,6715,5829.0,129.0
2026-09-09,6770,134354.0,1359.0
2026-09-09,6789,5048.0,51.0
2026-09-09,6805,2901.0,44.0
2026-09-09,6830,4395.0,42.0
2026-09-09,6831,1287.0,32.0
2026-09-09,6834,4646.0,189.0
2026-09-09,6861,1904.0,3.0
2026-09-09,6919,0.0,0.0
2026-09-09,6933,1733.0,32.0
2026-09-09,6944,997.0,17.0
2026-09-09,7711,2358.0,35.0
2026-09-09,7750,719.0,1.0
2026-09-09,7769,410.0,1.0
2026-09-09,7795,2321.0,36.0
2026-09-09,7799,1364.0,5.0
2026-09-09,8021,13941.0,225.0
2026-09-09,8028,6026.0,31.0
2026-09-09,8039,20474.0,1974.0
2026-09-09,8046,10296.0,431.0
2026-09-09,8103,5776.0,235.0
2026-09-09,8110,14748.0,157.0
2026-09-09,8112,16517.0,2052.0
2026-09-09,8150,18874.0,198.0
2026-09-09,8210,4020.0,13.0
2026-09-09,8261,7020.0,60.0
2026-09-09,8996,7414.0,146.0
2026-09-09,9945,23003.0,28.0
2026-09-08,1101,38077.0,27.0
2026-09-08,1102,789.0,7.0
2026-09-08,1216,642.0,0.0
2026-09-08,1301,17436.0,910.0
2026-09-08,1303,41230.0,2004.0
2026-09-08,1314,57802.0,50.0
2026-09-08,1326,23488.0,449.0
2026-09-08,1476,1398.0,18.0
2026-09-08,1504,27683.0,105.0
2026-09-08,1519,4148.0,58.0
2026-09-08,1560,1357.0,20.0
2026-09-08,1590,101.0,0.0
2026-09-08,1708,6631.0,47.0
2026-09-08,1709,30781.0,69.0
2026-09-08,1717,17238.0,501.0
2026-09-08,1727,6923.0,215.0
2026-09-08,1802,36125.0,1787.0
2026-09-08,1809,5442.0,48.0
2026-09-08,2002,39805.0,80.0
2026-09-08,2027,24295.0,410.0
2026-09-08,2030,3458.0,155.0
2026-09-08,2049,3732.0,73.0
2026-09-08,2059,716.0,6.0
2026-09-08,2301,18670.0,215.0
2026-09-08,2302,4180.0,134.0
2026-09-08,2303,184581.0,5262.0
2026-09-08,2305,7199.0,145.0
2026-09-08,2308,9154.0,34.0
2026-09-08,2313,37954.0,1171.0
2026-09-08,2317,54570.0,491.0
2026-09-08,2324,55320.0,1089.0
2026-09-08,2327,42662.0,472.0
2026-09-08,2330,27577.0,39.0
2026-09-08,2337,86917.0,2126.0
2026-09-08,2342,3881.0,35.0
2026-09-08,2344,114231.0,5618.0
2026-09-08,2345,2718.0,15.0
2026-09-08,2351,15333.0,328.0
2026-09-08,2353,37922.0,2097.0
2026-09-08,2354,26027.0,110.0
2026-09-08,2356,29394.0,367.0
2026-09-08,2357,1904.0,35.0
2026-09-08,2360,1252.0,23.0
2026-09-08,2363,18218.0,63.0
2026-09-08,2368,8864.0,75.0
2026-09-08,2376,6429.0,425.0
2026-09-08,2377,14098.0,50.0
2026-09-08,2379,2751.0,3.0
2026-09-08,2382,15671.0,54.0
2026-09-08,2383,2083.0,2.0
2026-09-08,2395,1808.0,33.0
2026-09-08,2404,2493.0,2.0
2026-09-08,2406,12417.0,162.0
2026-09-08,2408,66152.0,2407.0
2026-09-08,2409,228187.0,14072.0
2026-09-08,2412,2571.0,27.0
2026-09-08,2421,4268.0,43.0
2026-09-08,2426,28111.0,2160.0
2026-09-08,2436,7609.0,311.0
2026-09-08,2441,7254.0,10.0
2026-09-08,2449,23751.0,168.0
2026-09-08,2451,6147.0,256.0
2026-09-08,2454,10320.0,72.0
2026-09-08,2455,8319.0,734.0
2026-09-08,2458,3835.0,62.0
2026-09-08,2464,19630.0,196.0
2026-09-08,2466,5818.0,300.0
2026-09-08,2467,1693.0,43.0
2026-09-08,2472,5524.0,19.0
2026-09-08,2474,6837.0,4.0
2026-09-08,2481,16452.0,813.0
2026-09-08,2484,15843.0,125.0
2026-09-08,2486,23902.0,487.0
2026-09-08,2489,32331.0,1117.0
2026-09-08,2492,16041.0,677.0
2026-09-08,2493,9081.0,16.0
2026-09-08,2498,29078.0,206.0
2026-09-08,2542,3669.0,11.0
2026-09-08,2603,11902.0,347.0
2026-09-08,2609,34085.0,1964.0
2026-09-08,2610,41503.0,167.0
2026-09-08,2615,13474.0,1155.0
2026-09-08,2618,21727.0,952.0
2026-09-08,2801,10257.0,160.0
2026-09-08,2812,4159.0,29.0
2026-09-08,2834,25004.0,65.0
2026-09-08,2855,4690.0,146.0
2026-09-08,2880,742.0,127.0
2026-09-08,2881,6010.0,372.0
2026-09-08,2882,5339.0,1563.0
2026-09-08,2883,9841.0,288.0
2026-09-08,2884,6471.0,335.0
2026-09-08,2885,1694.0,9.0
2026-09-08,2886,1539.0,40.0
2026-09-08,2887,42054.0,470.0
2026-09-08,2890,1528.0,82.0
2026-09-08,2891,3332.0,86.0
2026-09-08,2892,9477.0,86.0
2026-09-08,2912,635.0,0.0
2026-09-08,3006,18214.0,696.0
2026-09-08,3008,4425.0,66.0
2026-09-08,3014,2648.0,20.0
2026-09-08,3016,7998.0,84.0
2026-09-08,3017,3919.0,59.0
2026-09-08,3019,12662.0,64.0
2026-09-08,3026,10505.0,429.0
2026-09-08,3029,2817.0,9.0
2026-09-08,3034,2504.0,91.0
2026-09-08,3035,10150.0,281.0
2026-09-08,3036,14060.0,35.0
2026-09-08,3037,34844.0,429.0
2026-09-08,3042,12769.0,154.0
2026-09-08,3044,5805.0,47.0
2026-09-08,3045,155.0,170.0
2026-09-08,3055,8178.0,113.0
2026-09-08,3090,6683.0,56.0
2026-09-08,3094,3907.0,127.0
2026-09-08,3167,7746.0,318.0
2026-09-08,3189,22657.0,282.0
2026-09-08,3231,53503.0,459.0
2026-09-08,3376,11753.0,160.0
2026-09-08,3406,3691.0,367.0
2026-09-08,3443,4742.0,109.0
2026-09-08,3450,11718.0,446.0
2026-09-08,3481,328923.0,4213.0
2026-09-08,3518,4659.0,55.0
2026-09-08,3532,8704.0,747.0
2026-09-08,3533,1679.0,0.0
2026-09-08,3563,5996.0,1.0
2026-09-08,3576,0.0,0.0
2026-09-08,3605,19680.0,1306.0
2026-09-08,3645,6284.0,57.0
2026-09-08,3653,2959.0,59.0
2026-09-08,3661,6253.0,2.0
2026-09-08,3665,3522.0,3.0
2026-09-08,3702,10035.0,24.0
2026-09-08,3706,26121.0,0.0
2026-09-08,3711,11666.0,171.0
2026-09-08,3714,25746.0,282.0
2026-09-08,3715,23847.0,527.0
2026-09-08,3717,12987.0,473.0
2026-09-08,4566,4597.0,36.0
2026-09-08,4763,40795.0,3.0
2026-09-08,4770,1330.0,18.0
2026-09-08,4916,7348.0,127.0
2026-09-08,4919,12658.0,711.0
2026-09-08,4938,4142.0,32.0
2026-09-08,4956,6279.0,122.0
2026-09-08,4958,34481.0,364.0
2026-09-08,4967,7432.0,1451.0
2026-09-08,5269,1856.0,78.0
2026-09-08,5871,4043.0,6.0
2026-09-08,5880,2574.0,50.0
2026-09-08,6116,36498.0,6555.0
2026-09-08,6139,8562.0,15.0
2026-09-08,6166,3001.0,9.0
2026-09-08,6168,5093.0,98.0
2026-09-08,6196,1524.0,16.0
2026-09-08,6197,6217.0,78.0
2026-09-08,6205,3751.0,5.0
2026-09-08,6209,14267.0,165.0
2026-09-08,6213,18501.0,1003.0
2026-09-08,6214,682.0,40.0
2026-09-08,6239,22611.0,85.0
2026-09-08,6257,13299.0,47.0
2026-09-08,6271,7006.0,53.0
2026-09-08,6278,8959.0,94.0
2026-09-08,6285,14185.0,72.0
2026-09-08,6415,4848.0,60.0
2026-09-08,6426,2889.0,98.0
2026-09-08,6442,4191.0,33.0
2026-09-08,6443,7171.0,275.0
2026-09-08,6446,9126.0,16.0
2026-09-08,6451,10134.0,159.0
2026-09-08,6456,16459.0,168.0
2026-09-08,6505,11189.0,263.0
2026-09-08,6515,583.0,24.0
2026-09-08,6526,1308.0,2.0
2026-09-08,6531,6310.0,51.0
2026-09-08,6533,2068.0,509.0
2026-09-08,6669,2825.0,1710.0
2026-09-08,6672,6801.0,25.0
2026-09-08,6691,1802.0,0.0
2026-09-08,6706,8286.0,173.0
2026-09-08,6715,5836.0,87.0
2026-09-08,6770,135064.0,1387.0
2026-09-08,6789,5065.0,46.0
2026-09-08,6805,3019.0,41.0
2026-09-08,6830,4348.0,37.0
2026-09-08,6831,1279.0,32.0
2026-09-08,6834,4219.0,170.0
2026-09-08,6861,1963.0,3.0
2026-09-08,6919,0.0,0.0
2026-09-08,6933,1744.0,68.0
2026-09-08,6944,1006.0,29.0
2026-09-08,7711,2311.0,115.0
2026-09-08,7750,714.0,1.0
2026-09-08,7769,468.0,2.0
2026-09-08,7795,2277.0,20.0
2026-09-08,7799,1338.0,5.0
2026-09-08,8021,14178.0,853.0
2026-09-08,8028,6025.0,35.0
2026-09-08,8039,21874.0,2214.0
2026-09-08,8046,10716.0,387.0
2026-09-08,8103,6288.0,256.0
2026-09-08,8110,14632.0,159.0
2026-09-08,8112,16327.0,2120.0
2026-09-08,8150,20327.0,185.0
2026-09-08,8210,4068.0,49.0
2026-09-08,8261,7113.0,63.0
2026-09-08,8996,7919.0,76.0
2026-09-08,9945,22990.0,28.0
2026-09-07,1101,37704.0,47.0
2026-09-07,1102,877.0,19.0
2026-09-07,1216,938.0,1.0
2026-09-07,1301,18220.0,967.0
2026-09-07,1303,39926.0,1917.0
2026-09-07,1314,62846.0,51.0
2026-09-07,1326,22904.0,511.0
2026-09-07,1476,1343.0,19.0
2026-09-07,1504,27654.0,130.0
2026-09-07,1519,4097.0,62.0
2026-09-07,1560,1359.0,21.0
2026-09-07,1590,95.0,0.0
2026-09-07,1708,6802.0,48.0
2026-09-07,1709,31090.0,53.0
2026-09-07,1717,17208.0,495.0
2026-09-07,1727,6877.0,251.0
2026-09-07,1802,35696.0,1691.0
2026-09-07,1809,5430.0,35.0
2026-09-07,2002,39854.0,88.0
2026-09-07,2027,24614.0,395.0
2026-09-07,2030,4354.0,103.0
2026-09-07,2049,3682.0,99.0
2026-09-07,2059,717.0,11.0
2026-09-07,2301,18439.0,262.0
2026-09-07,2302,4162.0,137.0
2026-09-07,2303,178956.0,7314.0
2026-09-07,2305,7132.0,180.0
2026-09-07,2308,9017.0,35.0
2026-09-07,2313,37288.0,1235.0
2026-09-07,2317,53612.0,496.0
2026-09-07,2324,55071.0,1129.0
2026-09-07,2327,48872.0,607.0
2026-09-07,2330,27517.0,45.0
2026-09-07,2337,87105.0,2143.0
2026-09-07,2342,3793.0,37.0
2026-09-07,2344,121793.0,4099.0
2026-09-07,2345,2329.0,15.0
2026-09-07,2351,15537.0,415.0
2026-09-07,2353,37311.0,2142.0
2026-09-07,2354,26336.0,124.0
2026-09-07,2356,28267.0,430.0
2026-09-07,2357,1789.0,40.0
2026-09-07,2360,1397.0,25.0
2026-09-07,2363,17891.0,50.0
2026-09-07,2368,8787.0,91.0
2026-09-07,2376,6577.0,220.0
2026-09-07,2377,13747.0,59.0
2026-09-07,2379,2633.0,0.0
2026-09-07,2382,14992.0,88.0
2026-09-07,2383,2073.0,1.0
2026-09-07,2395,1943.0,34.0
2026-09-07,2404,2440.0,2.0
2026-09-07,2406,12392.0,166.0
2026-09-07,2408,69416.0,2123.0
2026-09-07,2409,248299.0,13084.0
2026-09-07,2412,2404.0,79.0
2026-09-07,2421,4294.0,77.0
2026-09-07,2426,27987.0,2325.0
2026-09-07,2436,8493.0,462.0
2026-09-07,2441,7313.0,0.0
2026-09-07,2449,24044.0,157.0
2026-09-07,2451,6210.0,251.0
2026-09-07,2454,10544.0,74.0
2026-09-07,2455,8671.0,729.0
2026-09-07,2458,3844.0,70.0
2026-09-07,2464,19329.0,249.0
2026-09-07,2466,5791.0,306.0
2026-09-07,2467,1701.0,43.0
2026-09-07,2472,5512.0,14.0
2026-09-07,2474,7041.0,6.0
2026-09-07,2481,16594.0,719.0
2026-09-07,2484,15917.0,118.0
2026-09-07,2486,24026.0,527.0
2026-09-07,2489,34282.0,1196.0
2026-09-07,2492,16559.0,1173.0
2026-09-07,2493,9226.0,16.0
2026-09-07,2498,28871.0,199.0
2026-09-07,2542,3734.0,15.0
2026-09-07,2603,12095.0,396.0
2026-09-07,2609,34881.0,2050.0
2026-09-07,2610,42409.0,144.0
2026-09-07,2615,13757.0,1354.0
2026-09-07,2618,21867.0,936.0
2026-09-07,2801,8909.0,132.0
2026-09-07,2812,4104.0,29.0
2026-09-07,2834,25274.0,34.0
2026-09-07,2855,4777.0,144.0
2026-09-07,2880,802.0,120.0
2026-09-07,2881,6335.0,367.0
2026-09-07,2882,5898.0,1554.0
2026-09-07,2883,9686.0,273.0
2026-09-07,2884,5301.0,252.0
2026-09-07,2885,1841.0,9.0
2026-09-07,2886,1678.0,37.0
2026-09-07,2887,41840.0,380.0
2026-09-07,2890,1602.0,79.0
2026-09-07,2891,3521.0,71.0
2026-09-07,2892,9397.0,72.0
2026-09-07,2912,667.0,0.0
2026-09-07,3006,17452.0,685.0
2026-09-07,3008,4120.0,77.0
2026-09-07,3014,2598.0,20.0
2026-09-07,3016,7854.0,77.0
2026-09-07,3017,4065.0,69.0
2026-09-07,3019,12524.0,60.0
2026-09-07,3026,9794.0,418.0
2026-09-07,3029,2762.0,8.0
2026-09-07,3034,2510.0,91.0
2026-09-07,3035,10447.0,286.0
2026-09-07,3036,14005.0,36.0
2026-09-07,3037,35134.0,429.0
2026-09-07,3042,12577.0,177.0
2026-09-07,3044,5784.0,55.0
2026-09-07,3045,297.0,102.0
2026-09-07,3055,7823.0,79.0
2026-09-07,3090,6866.0,110.0
2026-09-07,3094,5000.0,201.0
2026-09-07,3167,8218.0,134.0
2026-09-07,3189,22677.0,295.0
2026-09-07,3231,48468.0,1036.0
2026-09-07,3376,11734.0,167.0
2026-09-07,3406,3561.0,374.0
2026-09-07,3443,4799.0,110.0
2026-09-07,3450,12042.0,451.0
2026-09-07,3481,323390.0,4630.0
2026-09-07,3518,4650.0,58.0
2026-09-07,3532,8847.0,625.0
2026-09-07,3533,1671.0,0.0
2026-09-07,3563,5958.0,1.0
2026-09-07,3576,0.0,0.0
2026-09-07,3605,17636.0,1267.0
2026-09-07,3645,6132.0,32.0
2026-09-07,3653,2987.0,59.0
2026-09-07,3661,6235.0,3.0
2026-09-07,3665,3589.0,2.0
2026-09-07,3702,10016.0,27.0
2026-09-07,3706,26224.0,0.0
2026-09-07,3711,11812.0,167.0
2026-09-07,3714,25588.0,362.0
2026-09-07,3715,23720.0,479.0
2026-09-07,3717,13107.0,473.0
2026-09-07,4566,4588.0,40.0
2026-09-07,4763,40670.0,9.0
2026-09-07,4770,1326.0,19.0
2026-09-07,4916,7348.0,113.0
2026-09-07,4919,12767.0,732.0
2026-09-07,4938,3980.0,36.0
2026-09-07,4956,6447.0,115.0
2026-09-07,4958,34719.0,334.0
2026-09-07,4967,7400.0,1455.0
2026-09-07,5269,1909.0,65.0
2026-09-07,5871,4101.0,10.0
2026-09-07,5880,1646.0,50.0
2026-09-07,6116,36042.0,6702.0
2026-09-07,6139,8602.0,7.0
2026-09-07,6166,3001.0,8.0
2026-09-07,6168,5028.0,124.0
2026-09-07,6196,1484.0,16.0
2026-09-07,6197,6214.0,90.0
2026-09-07,6205,3761.0,5.0
2026-09-07,6209,14025.0,218.0
2026-09-07,6213,18836.0,1029.0
2026-09-07,6214,682.0,40.0
2026-09-07,6239,22574.0,83.0
2026-09-07,6257,12954.0,38.0
2026-09-07,6271,6720.0,47.0
2026-09-07,6278,9034.0,113.0
2026-09-07,6285,14225.0,92.0
2026-09-07,6415,4843.0,59.0
2026-09-07,6426,3224.0,54.0
2026-09-07,6442,4226.0,35.0
2026-09-07,6443,7207.0,276.0
2026-09-07,6446,9204.0,11.0
2026-09-07,6451,10223.0,170.0
2026-09-07,6456,16480.0,170.0
2026-09-07,6505,11375.0,263.0
2026-09-07,6515,660.0,8.0
2026-09-07,6526,1325.0,2.0
2026-09-07,6531,6212.0,57.0
2026-09-07,6533,2123.0,435.0
2026-09-07,6669,2558.0,1604.0
2026-09-07,6672,6473.0,39.0
2026-09-07,6691,1813.0,0.0
2026-09-07,6706,8328.0,173.0
2026-09-07,6715,6000.0,69.0
2026-09-07,6770,137820.0,1723.0
2026-09-07,6789,5084.0,49.0
2026-09-07,6805,3066.0,42.0
2026-09-07,6830,4340.0,50.0
2026-09-07,6831,1257.0,29.0
2026-09-07,6834,4179.0,104.0
2026-09-07,6861,1736.0,4.0
2026-09-07,6919,0.0,0.0
2026-09-07,6933,1780.0,83.0
2026-09-07,6944,986.0,29.0
2026-09-07,7711,2408.0,56.0
2026-09-07,7750,654.0,1.0
2026-09-07,7769,475.0,2.0
2026-09-07,7795,2183.0,20.0
2026-09-07,7799,1334.0,5.0
2026-09-07,8021,14900.0,177.0
2026-09-07,8028,5902.0,34.0
2026-09-07,8039,22450.0,2857.0
2026-09-07,8046,10756.0,384.0
2026-09-07,8103,6991.0,237.0
2026-09-07,8110,14599.0,152.0
2026-09-07,8112,16308.0,2119.0
2026-09-07,8150,20448.0,202.0
2026-09-07,8210,3987.0,51.0
2026-09-07,8261,7463.0,44.0
2026-09-07,8996,7611.0,74.0
2026-09-07,9945,23089.0,28.0
2026-09-04,1101,37525.0,45.0
2026-09-04,1102,845.0,19.0
2026-09-04,1216,864.0,1.0
2026-09-04,1301,17269.0,969.0
2026-09-04,1303,41730.0,1803.0
2026-09-04,1314,62947.0,51.0
2026-09-04,1326,22713.0,445.0
2026-09-04,1476,1294.0,19.0
2026-09-04,1504,27409.0,132.0
2026-09-04,1519,3998.0,63.0
2026-09-04,1560,1405.0,19.0
2026-09-04,1590,130.0,0.0
2026-09-04,1708,6703.0,53.0
2026-09-04,1709,30742.0,51.0
2026-09-04,1717,16691.0,549.0
2026-09-04,1727,6531.0,297.0
2026-09-04,1802,35913.0,1656.0
2026-09-04,1809,5423.0,39.0
2026-09-04,2002,39848.0,99.0
2026-09-04,2027,23756.0,420.0
2026-09-04,2030,4105.0,127.0
2026-09-04,2049,3746.0,96.0
2026-09-04,2059,720.0,10.0
2026-09-04,2301,17732.0,335.0
2026-09-04,2302,4271.0,140.0
2026-09-04,2303,170213.0,4944.0
2026-09-04,2305,6782.0,105.0
2026-09-04,2308,9106.0,34.0
2026-09-04,2313,34334.0,1364.0
2026-09-04,2317,54095.0,531.0
2026-09-04,2324,51295.0,1430.0
2026-09-04,2327,43305.0,720.0
2026-09-04,2330,28381.0,25.0
2026-09-04,2337,87249.0,2787.0
2026-09-04,2342,3663.0,37.0
2026-09-04,2344,124669.0,4260.0
2026-09-04,2345,2322.0,23.0
2026-09-04,2351,14966.0,396.0
2026-09-04,2353,36450.0,2191.0
2026-09-04,2354,26353.0,123.0
2026-09-04,2356,27079.0,518.0
2026-09-04,2357,1685.0,50.0
2026-09-04,2360,1407.0,13.0
2026-09-04,2363,17839.0,40.0
2026-09-04,2368,7890.0,65.0
2026-09-04,2376,6731.0,200.0
2026-09-04,2377,12769.0,83.0
2026-09-04,2379,2609.0,0.0
2026-09-04,2382,14834.0,86.0
2026-09-04,2383,2137.0,1.0
2026-09-04,2395,1780.0,56.0
2026-09-04,2404,2451.0,2.0
2026-09-04,2406,12417.0,167.0
2026-09-04,2408,70060.0,2862.0
2026-09-04,2409,236800.0,22399.0
2026-09-04,2412,1454.0,27.0
2026-09-04,2421,3618.0,89.0
2026-09-04,2426,27385.0,2619.0
2026-09-04,2436,6943.0,393.0
2026-09-04,2441,7347.0,0.0
2026-09-04,2449,25163.0,148.0
2026-09-04,2451,6341.0,363.0
2026-09-04,2454,10520.0,42.0
2026-09-04,2455,9298.0,1115.0
2026-09-04,2458,3869.0,47.0
2026-09-04,2464,18777.0,335.0
2026-09-04,2466,5838.0,302.0
2026-09-04,2467,1683.0,41.0
2026-09-04,2472,5224.0,28.0
2026-09-04,2474,7000.0,6.0
2026-09-04,2481,15896.0,628.0
2026-09-04,2484,15458.0,125.0
2026-09-04,2486,23962.0,564.0
2026-09-04,2489,34549.0,1213.0
2026-09-04,2492,15597.0,2884.0
2026-09-04,2493,9183.0,16.0
2026-09-04,2498,28802.0,223.0
2026-09-04,2542,3656.0,16.0
2026-09-04,2603,12219.0,402.0
2026-09-04,2609,34789.0,2052.0
2026-09-04,2610,43266.0,249.0
2026-09-04,2615,14368.0,1330.0
2026-09-04,2618,21673.0,965.0
2026-09-04,2801,8933.0,132.0
2026-09-04,2812,4018.0,29.0
2026-09-04,2834,25032.0,29.0
2026-09-04,2855,4857.0,143.0
2026-09-04,2880,831.0,118.0
2026-09-04,2881,6083.0,395.0
2026-09-04,2882,5928.0,338.0
2026-09-04,2883,10323.0,282.0
2026-09-04,2884,5747.0,341.0
2026-09-04,2885,1875.0,9.0
2026-09-04,2886,1841.0,34.0
2026-09-04,2887,41471.0,496.0
2026-09-04,2890,1534.0,81.0
2026-09-04,2891,3208.0,85.0
2026-09-04,2892,1260.0,72.0
2026-09-04,2912,644.0,0.0
2026-09-04,3006,18750.0,503.0
2026-09-04,3008,3904.0,86.0
2026-09-04,3014,2588.0,20.0
2026-09-04,3016,7785.0,79.0
2026-09-04,3017,4111.0,74.0
2026-09-04,3019,12173.0,66.0
2026-09-04,3026,10291.0,349.0
2026-09-04,3029,2765.0,9.0
2026-09-04,3034,2560.0,90.0
2026-09-04,3035,10420.0,284.0
2026-09-04,3036,13832.0,38.0
2026-09-04,3037,35511.0,602.0
2026-09-04,3042,12858.0,194.0
2026-09-04,3044,5742.0,50.0
2026-09-04,3045,148.0,182.0
2026-09-04,3055,7466.0,71.0
2026-09-04,3090,6479.0,120.0
2026-09-04,3094,5806.0,400.0
2026-09-04,3167,8040.0,111.0
2026-09-04,3189,22035.0,348.0
2026-09-04,3231,47315.0,971.0
2026-09-04,3376,11484.0,169.0
2026-09-04,3406,3702.0,420.0
2026-09-04,3443,4737.0,113.0
2026-09-04,3450,12236.0,453.0
2026-09-04,3481,321789.0,5417.0
2026-09-04,3518,4742.0,59.0
2026-09-04,3532,8959.0,683.0
2026-09-04,3533,1686.0,0.0
2026-09-04,3563,5938.0,1.0
2026-09-04,3576,0.0,0.0
2026-09-04,3605,16427.0,1708.0
2026-09-04,3645,6164.0,63.0
2026-09-04,3653,2989.0,60.0
2026-09-04,3661,6054.0,4.0
2026-09-04,3665,3487.0,5.0
2026-09-04,3702,8919.0,30.0
2026-09-04,3706,25931.0,0.0
2026-09-04,3711,13404.0,114.0
2026-09-04,3714,25205.0,343.0
2026-09-04,3715,23548.0,517.0
2026-09-04,3717,12932.0,474.0
2026-09-04,4566,4596.0,33.0
2026-09-04,4763,40673.0,19.0
2026-09-04,4770,1243.0,17.0
2026-09-04,4916,7354.0,114.0
2026-09-04,4919,12417.0,730.0
2026-09-04,4938,3817.0,48.0
2026-09-04,4956,6279.0,159.0
2026-09-04,4958,36463.0,222.0
2026-09-04,4967,7469.0,1433.0
2026-09-04,5269,1914.0,65.0
2026-09-04,5871,4181.0,6.0
2026-09-04,5880,2650.0,50.0
2026-09-04,6116,35519.0,7064.0
2026-09-04,6139,8718.0,7.0
2026-09-04,6166,2852.0,14.0
2026-09-04,6168,4703.0,127.0
2026-09-04,6196,1471.0,16.0
2026-09-04,6197,6087.0,92.0
2026-09-04,6205,3776.0,9.0
2026-09-04,6209,13805.0,318.0
2026-09-04,6213,18507.0,1051.0
2026-09-04,6214,688.0,39.0
2026-09-04,6239,22215.0,82.0
2026-09-04,6257,13061.0,38.0
2026-09-04,6271,7254.0,107.0
2026-09-04,6278,9058.0,121.0
2026-09-04,6285,14066.0,98.0
2026-09-04,6415,4857.0,77.0
2026-09-04,6426,2821.0,26.0
2026-09-04,6442,4221.0,40.0
2026-09-04,6443,7237.0,286.0
2026-09-04,6446,9276.0,10.0
2026-09-04,6451,10393.0,315.0
2026-09-04,6456,16200.0,170.0
2026-09-04,6505,11689.0,248.0
2026-09-04,6515,648.0,8.0
2026-09-04,6526,1302.0,2.0
2026-09-04,6531,6421.0,47.0
2026-09-04,6533,2075.0,0.0
2026-09-04,6669,2298.0,1520.0
2026-09-04,6672,5803.0,30.0
2026-09-04,6691,1839.0,0.0
2026-09-04,6706,8245.0,176.0
2026-09-04,6715,6037.0,63.0
2026-09-04,6770,139628.0,543.0
2026-09-04,6789,5071.0,49.0
2026-09-04,6805,3169.0,42.0
2026-09-04,6830,4395.0,70.0
2026-09-04,6831,1196.0,32.0
2026-09-04,6834,3974.0,76.0
2026-09-04,6861,1725.0,6.0
2026-09-04,6919,0.0,0.0
2026-09-04,6933,1797.0,144.0
2026-09-04,6944,1002.0,30.0
2026-09-04,7711,2210.0,48.0
2026-09-04,7750,727.0,1.0
2026-09-04,7769,431.0,0.0
2026-09-04,7795,2118.0,9.0
2026-09-04,7799,1300.0,6.0
2026-09-04,8021,13741.0,125.0
2026-09-04,8028,5877.0,29.0
2026-09-04,8039,21842.0,2287.0
2026-09-04,8046,10635.0,374.0
2026-09-04,8103,6774.0,240.0
2026-09-04,8110,14551.0,150.0
2026-09-04,8112,16171.0,2124.0
2026-09-04,8150,20158.0,242.0
2026-09-04,8210,3728.0,14.0
2026-09-04,8261,7374.0,43.0
2026-09-04,8996,6831.0,97.0
2026-09-04,9945,22853.0,29.0
2026-09-03,1101,37167.0,45.0
2026-09-03,1102,977.0,25.0
2026-09-03,1216,836.0,6.0
2026-09-03,1301,16793.0,1007.0
2026-09-03,1303,41607.0,1884.0
2026-09-03,1314,62809.0,53.0
2026-09-03,1326,23698.0,431.0
2026-09-03,1476,1309.0,19.0
2026-09-03,1504,27358.0,135.0
2026-09-03,1519,4024.0,38.0
2026-09-03,1560,1313.0,26.0
2026-09-03,1590,129.0,0.0
2026-09-03,1708,6797.0,53.0
2026-09-03,1709,31114.0,77.0
2026-09-03,1717,16491.0,663.0
2026-09-03,1727,6612.0,256.0
2026-09-03,1802,35762.0,1866.0
2026-09-03,1809,5432.0,42.0
2026-09-03,2002,39530.0,93.0
2026-09-03,2027,23820.0,411.0
2026-09-03,2030,3956.0,122.0
2026-09-03,2049,3855.0,68.0
2026-09-03,2059,723.0,8.0
2026-09-03,2301,18554.0,322.0
2026-09-03,2302,4350.0,142.0
2026-09-03,2303,167321.0,4015.0
2026-09-03,2305,6819.0,70.0
2026-09-03,2308,9290.0,40.0
2026-09-03,2313,34173.0,1248.0
2026-09-03,2317,54027.0,463.0
2026-09-03,2324,54375.0,1084.0
2026-09-03,2327,42120.0,596.0
2026-09-03,2330,28459.0,26.0
2026-09-03,2337,87075.0,2975.0
2026-09-03,2342,3632.0,41.0
2026-09-03,2344,124727.0,8573.0
2026-09-03,2345,2326.0,22.0
2026-09-03,2351,13972.0,342.0
2026-09-03,2353,37404.0,2218.0
2026-09-03,2354,25915.0,116.0
2026-09-03,2356,28042.0,427.0
2026-09-03,2357,1716.0,40.0
2026-09-03,2360,1340.0,13.0
2026-09-03,2363,17853.0,30.0
2026-09-03,2368,8016.0,91.0
2026-09-03,2376,6371.0,191.0
2026-09-03,2377,13775.0,46.0
2026-09-03,2379,2634.0,0.0
2026-09-03,2382,14594.0,60.0
2026-09-03,2383,2055.0,0.0
2026-09-03,2395,1722.0,38.0
2026-09-03,2404,2411.0,2.0
2026-09-03,2406,12475.0,180.0
2026-09-03,2408,69700.0,5404.0
2026-09-03,2409,237942.0,19566.0
2026-09-03,2412,1504.0,26.0
2026-09-03,2421,3296.0,61.0
2026-09-03,2426,28194.0,1695.0
2026-09-03,2436,6781.0,624.0
2026-09-03,2441,7371.0,1.0
2026-09-03,2449,24351.0,123.0
2026-09-03,2451,6303.0,255.0
2026-09-03,2454,10536.0,47.0
2026-09-03,2455,9307.0,993.0
2026-09-03,2458,3913.0,48.0
2026-09-03,2464,16212.0,548.0
2026-09-03,2466,5847.0,294.0
2026-09-03,2467,1662.0,46.0
2026-09-03,2472,5382.0,20.0
2026-09-03,2474,7032.0,6.0
2026-09-03,2481,14489.0,987.0
2026-09-03,2484,15444.0,118.0
2026-09-03,2486,23732.0,1005.0
2026-09-03,2489,35731.0,1354.0
2026-09-03,2492,16157.0,2611.0
2026-09-03,2493,9296.0,19.0
2026-09-03,2498,28651.0,226.0
2026-09-03,2542,3589.0,16.0
2026-09-03,2603,11779.0,401.0
2026-09-03,2609,35811.0,2084.0
2026-09-03,2610,42997.0,250.0
2026-09-03,2615,15027.0,1386.0
2026-09-03,2618,21751.0,988.0
2026-09-03,2801,10245.0,157.0
2026-09-03,2812,4019.0,29.0
2026-09-03,2834,24490.0,62.0
2026-09-03,2855,4714.0,142.0
2026-09-03,2880,896.0,111.0
2026-09-03,2881,6059.0,337.0
2026-09-03,2882,5998.0,322.0
2026-09-03,2883,10855.0,264.0
2026-09-03,2884,7461.0,274.0
2026-09-03,2885,1777.0,3.0
2026-09-03,2886,1228.0,53.0
2026-09-03,2887,41108.0,461.0
2026-09-03,2890,1613.0,78.0
2026-09-03,2891,3271.0,62.0
2026-09-03,2892,1263.0,69.0
2026-09-03,2912,641.0,0.0
2026-09-03,3006,18210.0,577.0
2026-09-03,3008,4166.0,90.0
2026-09-03,3014,2559.0,20.0
2026-09-03,3016,7745.0,67.0
2026-09-03,3017,4061.0,45.0
2026-09-03,3019,11956.0,53.0
2026-09-03,3026,9927.0,243.0
2026-09-03,3029,2798.0,9.0
2026-09-03,3034,2553.0,132.0
2026-09-03,3035,10385.0,289.0
2026-09-03,3036,13463.0,36.0
2026-09-03,3037,34936.0,683.0
2026-09-03,3042,12724.0,227.0
2026-09-03,3044,5684.0,50.0
2026-09-03,3045,142.0,184.0
2026-09-03,3055,7359.0,75.0
2026-09-03,3090,6938.0,105.0
2026-09-03,3094,3437.0,134.0
2026-09-03,3167,7628.0,83.0
2026-09-03,3189,21642.0,293.0
2026-09-03,3231,48061.0,524.0
2026-09-03,3376,11591.0,167.0
2026-09-03,3406,3543.0,445.0
2026-09-03,3443,4765.0,111.0
2026-09-03,3450,12576.0,479.0
2026-09-03,3481,321562.0,5892.0
2026-09-03,3518,4671.0,90.0
2026-09-03,3532,8714.0,650.0
2026-09-03,3533,1700.0,7.0
2026-09-03,3563,5933.0,2.0
2026-09-03,3576,0.0,0.0
2026-09-03,3605,17175.0,1728.0
2026-09-03,3645,6134.0,63.0
2026-09-03,3653,2970.0,60.0
2026-09-03,3661,6059.0,2.0
2026-09-03,3665,3497.0,4.0
2026-09-03,3702,9015.0,26.0
2026-09-03,3706,26065.0,13.0
2026-09-03,3711,12972.0,167.0
2026-09-03,3714,25229.0,180.0
2026-09-03,3715,23381.0,534.0
2026-09-03,3717,12948.0,474.0
2026-09-03,4566,4674.0,34.0
2026-09-03,4763,40802.0,55.0
2026-09-03,4770,1211.0,8.0
2026-09-03,4916,7429.0,117.0
2026-09-03,4919,12493.0,725.0
2026-09-03,4938,4025.0,30.0
2026-09-03,4956,6607.0,106.0
2026-09-03,4958,34393.0,243.0
2026-09-03,4967,7782.0,1438.0
2026-09-03,5269,1902.0,65.0
2026-09-03,5871,4090.0,6.0
2026-09-03,5880,2965.0,63.0
2026-09-03,6116,35345.0,7117.0
2026-09-03,6139,8794.0,3.0
2026-09-03,6166,3057.0,11.0
2026-09-03,6168,4582.0,80.0
2026-09-03,6196,1410.0,18.0
2026-09-03,6197,6055.0,79.0
2026-09-03,6205,3814.0,9.0
2026-09-03,6209,13748.0,360.0
2026-09-03,6213,18078.0,1142.0
2026-09-03,6214,692.0,39.0
2026-09-03,6239,21799.0,87.0
2026-09-03,6257,12643.0,43.0
2026-09-03,6271,7007.0,39.0
2026-09-03,6278,8732.0,107.0
2026-09-03,6285,14294.0,75.0
2026-09-03,6415,4910.0,65.0
2026-09-03,6426,2703.0,36.0
2026-09-03,6442,4033.0,62.0
2026-09-03,6443,7251.0,286.0
2026-09-03,6446,9139.0,35.0
2026-09-03,6451,10574.0,572.0
2026-09-03,6456,16195.0,171.0
2026-09-03,6505,11420.0,252.0
2026-09-03,6515,631.0,8.0
2026-09-03,6526,1295.0,2.0
2026-09-03,6531,6390.0,60.0
2026-09-03,6533,2075.0,0.0
2026-09-03,6669,2195.0,1317.0
2026-09-03,6672,5994.0,13.0
2026-09-03,6691,1812.0,0.0
2026-09-03,6706,8140.0,171.0
2026-09-03,6715,6188.0,83.0
2026-09-03,6770,138329.0,717.0
2026-09-03,6789,5067.0,54.0
2026-09-03,6805,3118.0,45.0
2026-09-03,6830,4353.0,77.0
2026-09-03,6831,1192.0,31.0
2026-09-03,6834,3980.0,51.0
2026-09-03,6861,1716.0,5.0
2026-09-03,6919,0.0,0.0
2026-09-03,6933,1761.0,34.0
2026-09-03,6944,977.0,30.0
2026-09-03,7711,2053.0,46.0
2026-09-03,7750,734.0,1.0
2026-09-03,7769,443.0,0.0
2026-09-03,7795,2161.0,6.0
2026-09-03,7799,1283.0,6.0
2026-09-03,8021,13645.0,366.0
2026-09-03,8028,5826.0,26.0
2026-09-03,8039,19958.0,2345.0
2026-09-03,8046,11110.0,1288.0
2026-09-03,8103,6574.0,252.0
2026-09-03,8110,14570.0,146.0
2026-09-03,8112,16188.0,2141.0
2026-09-03,8150,19720.0,283.0
2026-09-03,8210,3813.0,10.0
2026-09-03,8261,7223.0,48.0
2026-09-03,8996,6581.0,67.0
2026-09-03,9945,22941.0,27.0
2026-09-03,1569,10331,42
2026-09-04,1569,10315,59
2026-09-07,1569,10702,67
2026-09-08,1569,10707,42
2026-09-09,1569,10704,47
2026-09-10,1569,10700,47
2026-09-11,1569,11206,56
2026-09-14,1569,11218,53
2026-09-15,1569,11046,59
2026-09-16,1569,10944,60
2026-09-17,1569,10985,73
2026-09-18,1569,11180,100
2026-09-21,1569,12327,163
2026-09-22,1569,12528,198
2026-09-23,1569,12882,197
2026-09-03,1785,26028,72
2026-09-04,1785,25962,72
2026-09-07,1785,25883,73
2026-09-08,1785,25954,61
2026-09-09,1785,25974,61
2026-09-10,1785,25900,85
2026-09-11,1785,25607,68
2026-09-14,1785,25481,45
2026-09-15,1785,25413,29
2026-09-16,1785,25428,27
2026-09-17,1785,25746,26
2026-09-18,1785,25742,28
2026-09-21,1785,25797,25
2026-09-22,1785,25790,30
2026-09-23,1785,25819,34
2026-09-03,1815,42864,19
2026-09-04,1815,41788,0
2026-09-07,1815,43912,0
2026-09-08,1815,40626,0
2026-09-09,1815,44724,264
2026-09-10,1815,43535,446
2026-09-11,1815,42332,653
2026-09-14,1815,41149,722
2026-09-15,1815,39158,674
2026-09-16,1815,41217,536
2026-09-17,1815,41419,444
2026-09-18,1815,46560,579
2026-09-21,1815,43514,597
2026-09-22,1815,43834,602
2026-09-23,1815,44078,572
2026-09-03,2221,1676,152
2026-09-04,2221,1666,175
2026-09-07,2221,1574,142
2026-09-08,2221,1586,127
2026-09-09,2221,1554,143
2026-09-10,2221,2017,207
2026-09-11,2221,1813,205
2026-09-14,2221,1779,130
2026-09-15,2221,2028,270
2026-09-16,2221,1826,813
2026-09-17,2221,2093,866
2026-09-18,2221,2049,1018
2026-09-21,2221,2100,1086
2026-09-22,2221,1954,999
2026-09-23,2221,2136,810
2026-09-03,3081,5721,273
2026-09-04,3081,5763,263
2026-09-07,3081,5720,259
2026-09-08,3081,5384,223
2026-09-09,3081,5486,218
2026-09-10,3081,5535,206
2026-09-11,3081,5562,193
2026-09-14,3081,5498,180
2026-09-15,3081,5486,170
2026-09-16,3081,5922,186
2026-09-17,3081,6003,126
2026-09-18,3081,5974,152
2026-09-21,3081,5976,137
2026-09-22,3081,5981,128
2026-09-23,3081,5925,111
2026-09-03,3105,46424,908
2026-09-04,3105,48138,921
2026-09-07,3105,48626,920
2026-09-08,3105,48592,897
2026-09-09,3105,47516,942
2026-09-10,3105,47648,945
2026-09-11,3105,47517,891
2026-09-14,3105,46751,934
2026-09-15,3105,46491,1276
2026-09-16,3105,47007,1162
2026-09-17,3105,46657,1329
2026-09-18,3105,46432,1374
2026-09-21,3105,46381,1200
2026-09-22,3105,46219,1238
2026-09-23,3105,45989,1154
2026-09-03,3131,410,43
2026-09-04,3131,401,44
2026-09-07,3131,363,62
2026-09-08,3131,373,70
2026-09-09,3131,353,68
2026-09-10,3131,369,69
2026-09-11,3131,394,62
2026-09-14,3131,399,61
2026-09-15,3131,388,56
2026-09-16,3131,390,53
2026-09-17,3131,387,35
2026-09-18,3131,387,14
2026-09-21,3131,389,7
2026-09-22,3131,394,3
2026-09-23,3131,405,1
2026-09-03,3147,1369,3
2026-09-04,3147,1308,2
2026-09-07,3147,1321,0
2026-09-08,3147,1302,0
2026-09-09,3147,1277,1
2026-09-10,3147,1298,1
2026-09-11,3147,1281,0
2026-09-14,3147,1365,1
2026-09-15,3147,1396,3
2026-09-16,3147,1413,1
2026-09-17,3147,1378,1
2026-09-18,3147,1402,2
2026-09-21,3147,1414,2
2026-09-22,3147,1363,1
2026-09-23,3147,1336,1
2026-09-03,3163,6966,109
2026-09-04,3163,6932,105
2026-09-07,3163,7284,113
2026-09-08,3163,7390,102
2026-09-09,3163,7491,88
2026-09-10,3163,7454,81
2026-09-11,3163,7279,58
2026-09-14,3163,7200,58
2026-09-15,3163,7225,79
2026-09-16,3163,7286,82
2026-09-17,3163,7346,69
2026-09-18,3163,7490,64
2026-09-21,3163,7545,65
2026-09-22,3163,7539,61
2026-09-23,3163,7547,73
2026-09-03,3211,9330,140
2026-09-04,3211,9238,147
2026-09-07,3211,9077,143
2026-09-08,3211,8808,135
2026-09-09,3211,8172,170
2026-09-10,3211,8095,163
2026-09-11,3211,8033,131
2026-09-14,3211,8022,128
2026-09-15,3211,7976,124
2026-09-16,3211,8070,133
2026-09-17,3211,8061,116
2026-09-18,3211,7964,120
2026-09-21,3211,8088,526
2026-09-22,3211,8156,500
2026-09-23,3211,8147,594
2026-09-03,3219,1680,452
2026-09-04,3219,1646,449
2026-09-07,3219,1627,442
2026-09-08,3219,1632,445
2026-09-09,3219,1607,446
2026-09-10,3219,1635,459
2026-09-11,3219,1602,459
2026-09-14,3219,1577,463
2026-09-15,3219,1577,462
2026-09-16,3219,1569,457
2026-09-17,3219,1473,451
2026-09-18,3219,1642,461
2026-09-21,3219,1697,496
2026-09-22,3219,1607,540
2026-09-23,3219,1964,526
2026-09-03,3234,0,0
2026-09-04,3234,0,0
2026-09-07,3234,0,0
2026-09-08,3234,0,0
2026-09-09,3234,0,0
2026-09-10,3234,0,0
2026-09-11,3234,0,0
2026-09-14,3234,0,0
2026-09-15,3234,0,0
2026-09-16,3234,0,0
2026-09-17,3234,0,0
2026-09-18,3234,0,0
2026-09-21,3234,0,0
2026-09-22,3234,0,0
2026-09-23,3234,0,0
2026-09-03,3260,20508,599
2026-09-04,3260,20622,601
2026-09-07,3260,20217,540
2026-09-08,3260,19948,564
2026-09-09,3260,20014,584
2026-09-10,3260,20088,393
2026-09-11,3260,19890,320
2026-09-14,3260,19685,165
2026-09-15,3260,19468,5
2026-09-16,3260,19274,2
2026-09-17,3260,19233,2
2026-09-18,3260,19041,0
2026-09-21,3260,18717,63
2026-09-22,3260,18725,79
2026-09-23,3260,18716,74
2026-09-03,3264,5079,150
2026-09-04,3264,5195,137
2026-09-07,3264,5196,136
2026-09-08,3264,5708,133
2026-09-09,3264,5640,140
2026-09-10,3264,5576,154
2026-09-11,3264,5942,147
2026-09-14,3264,5896,136
2026-09-15,3264,5964,134
2026-09-16,3264,6038,139
2026-09-17,3264,6217,471
2026-09-18,3264,7816,440
2026-09-21,3264,8361,447
2026-09-22,3264,8571,386
2026-09-23,3264,10268,188
2026-09-03,3293,2946,0
2026-09-04,3293,2945,0
2026-09-07,3293,2946,0
2026-09-08,3293,2951,0
2026-09-09,3293,2931,0
2026-09-10,3293,2941,0
2026-09-11,3293,2922,0
2026-09-14,3293,2883,0
2026-09-15,3293,2835,0
2026-09-16,3293,2789,0
2026-09-17,3293,2632,0
2026-09-18,3293,2622,105
2026-09-21,3293,2617,0
2026-09-22,3293,2597,0
2026-09-23,3293,2571,0
2026-09-03,3294,6308,23
2026-09-04,3294,6287,23
2026-09-07,3294,6289,23
2026-09-08,3294,6282,23
2026-09-09,3294,6283,23
2026-09-10,3294,6284,18
2026-09-11,3294,6209,19
2026-09-14,3294,6207,18
2026-09-15,3294,6220,18
2026-09-16,3294,6200,19
2026-09-17,3294,6215,19
2026-09-18,3294,6206,19
2026-09-21,3294,6200,20
2026-09-22,3294,6283,19
2026-09-23,3294,6151,26
2026-09-03,3317,4074,12
2026-09-04,3317,4054,13
2026-09-07,3317,4069,12
2026-09-08,3317,4109,22
2026-09-09,3317,4096,21
2026-09-10,3317,4112,14
2026-09-11,3317,4107,14
2026-09-14,3317,4116,16
2026-09-15,3317,4119,15
2026-09-16,3317,4135,14
2026-09-17,3317,4118,15
2026-09-18,3317,4107,14
2026-09-21,3317,4118,14
2026-09-22,3317,4153,14
2026-09-23,3317,4689,55
2026-09-03,3324,5508,226
2026-09-04,3324,6138,389
2026-09-07,3324,6306,475
2026-09-08,3324,6243,260
2026-09-09,3324,6031,255
2026-09-10,3324,6163,172
2026-09-11,3324,6215,136
2026-09-14,3324,6172,109
2026-09-15,3324,6068,108
2026-09-16,3324,6730,117
2026-09-17,3324,6807,117
2026-09-18,3324,6975,121
2026-09-21,3324,6961,136
2026-09-22,3324,7198,202
2026-09-23,3324,7099,157
2026-09-03,3339,6735,127
2026-09-04,3339,6730,120
2026-09-07,3339,6879,133
2026-09-08,3339,6904,110
2026-09-09,3339,6973,111
2026-09-10,3339,7047,99
2026-09-11,3339,7093,94
2026-09-14,3339,7215,92
2026-09-15,3339,7169,82
2026-09-16,3339,7103,63
2026-09-17,3339,6973,68
2026-09-18,3339,6999,78
2026-09-21,3339,6871,80
2026-09-22,3339,6806,100
2026-09-23,3339,7133,79
2026-09-03,3363,7406,429
2026-09-04,3363,7332,371
2026-09-07,3363,7357,387
2026-09-08,3363,7422,381
2026-09-09,3363,7497,340
2026-09-10,3363,7372,362
2026-09-11,3363,7339,315
2026-09-14,3363,7203,341
2026-09-15,3363,7241,271
2026-09-16,3363,7285,301
2026-09-17,3363,7456,257
2026-09-18,3363,7555,278
2026-09-21,3363,7584,250
2026-09-22,3363,7480,240
2026-09-23,3363,7246,285
2026-09-03,3374,28193,653
2026-09-04,3374,28659,680
2026-09-07,3374,29383,722
2026-09-08,3374,29690,729
2026-09-09,3374,29724,750
2026-09-10,3374,30196,758
2026-09-11,3374,29218,718
2026-09-14,3374,27382,604
2026-09-15,3374,27117,539
2026-09-16,3374,27562,496
2026-09-17,3374,27221,497
2026-09-18,3374,27792,525
2026-09-21,3374,27368,532
2026-09-22,3374,28305,798
2026-09-23,3374,28498,605
2026-09-03,3455,5626,49
2026-09-04,3455,5465,52
2026-09-07,3455,5382,52
2026-09-08,3455,5381,26
2026-09-09,3455,5389,42
2026-09-10,3455,5474,27
2026-09-11,3455,5236,54
2026-09-14,3455,5130,48
2026-09-15,3455,5094,55
2026-09-16,3455,5241,96
2026-09-17,3455,5359,83
2026-09-18,3455,5521,79
2026-09-21,3455,5668,80
2026-09-22,3455,5552,73
2026-09-23,3455,5482,71
2026-09-03,3491,3009,35
2026-09-04,3491,3093,42
2026-09-07,3491,3149,41
2026-09-08,3491,3137,35
2026-09-09,3491,3135,35
2026-09-10,3491,3075,19
2026-09-11,3491,3038,34
2026-09-14,3491,3041,21
2026-09-15,3491,3022,20
2026-09-16,3491,2896,31
2026-09-17,3491,2960,43
2026-09-18,3491,2919,51
2026-09-21,3491,2990,49
2026-09-22,3491,3017,45
2026-09-23,3491,2954,56
2026-09-03,3498,4607,626
2026-09-04,3498,4778,574
2026-09-07,3498,4894,582
2026-09-08,3498,4910,572
2026-09-09,3498,4976,564
2026-09-10,3498,5123,577
2026-09-11,3498,5182,515
2026-09-14,3498,5111,511
2026-09-15,3498,4772,598
2026-09-16,3498,4688,583
2026-09-17,3498,4842,505
2026-09-18,3498,4749,513
2026-09-21,3498,4848,513
2026-09-22,3498,5186,537
2026-09-23,3498,5315,515
2026-09-03,3529,1909,3
2026-09-04,3529,1959,3
2026-09-07,3529,2050,8
2026-09-08,3529,2064,25
2026-09-09,3529,2115,14
2026-09-10,3529,2112,10
2026-09-11,3529,2090,8
2026-09-14,3529,2028,13
2026-09-15,3529,1988,8
2026-09-16,3529,1995,11
2026-09-17,3529,1997,9
2026-09-18,3529,2012,12
2026-09-21,3529,2041,14
2026-09-22,3529,2127,25
2026-09-23,3529,1991,23
2026-09-03,3624,7877,141
2026-09-04,3624,6979,172
2026-09-07,3624,8269,188
2026-09-08,3624,8982,183
2026-09-09,3624,10026,213
2026-09-10,3624,10117,377
2026-09-11,3624,10172,1757
2026-09-14,3624,11070,832
2026-09-15,3624,11166,812
2026-09-16,3624,11609,685
2026-09-17,3624,10922,516
2026-09-18,3624,10844,578
2026-09-21,3624,12355,618
2026-09-22,3624,11355,550
2026-09-23,3624,10899,882
2026-09-03,3675,1767,2
2026-09-04,3675,1768,1
2026-09-07,3675,1734,2
2026-09-08,3675,1731,1
2026-09-09,3675,1736,0
2026-09-10,3675,1713,0
2026-09-11,3675,1671,0
2026-09-14,3675,1700,0
2026-09-15,3675,1703,2
2026-09-16,3675,1884,13
2026-09-17,3675,1793,7
2026-09-18,3675,1991,9
2026-09-21,3675,2044,7
2026-09-22,3675,2197,8
2026-09-23,3675,2760,50
2026-09-03,3680,2872,74
2026-09-04,3680,2918,71
2026-09-07,3680,2910,76
2026-09-08,3680,2866,69
2026-09-09,3680,2840,163
2026-09-10,3680,2831,116
2026-09-11,3680,2781,82
2026-09-14,3680,2773,55
2026-09-15,3680,2794,57
2026-09-16,3680,2739,62
2026-09-17,3680,2689,69
2026-09-18,3680,2723,73
2026-09-21,3680,2555,97
2026-09-22,3680,2565,123
2026-09-23,3680,2544,115
2026-09-03,3691,2635,194
2026-09-04,3691,2645,195
2026-09-07,3691,2668,191
2026-09-08,3691,2673,186
2026-09-09,3691,2668,186
2026-09-10,3691,2669,183
2026-09-11,3691,2604,174
2026-09-14,3691,2606,169
2026-09-15,3691,2597,165
2026-09-16,3691,2571,152
2026-09-17,3691,2572,145
2026-09-18,3691,2562,147
2026-09-21,3691,2596,133
2026-09-22,3691,2795,145
2026-09-23,3691,2769,169
2026-09-03,3693,4248,22
2026-09-04,3693,4300,31
2026-09-07,3693,4227,50
2026-09-08,3693,4157,49
2026-09-09,3693,4209,59
2026-09-10,3693,4264,45
2026-09-11,3693,4147,36
2026-09-14,3693,4201,42
2026-09-15,3693,4285,53
2026-09-16,3693,4298,42
2026-09-17,3693,4575,53
2026-09-18,3693,4737,45
2026-09-21,3693,4676,43
2026-09-22,3693,4722,44
2026-09-23,3693,4884,51
2026-09-03,3707,11438,242
2026-09-04,3707,11030,240
2026-09-07,3707,11129,238
2026-09-08,3707,11200,218
2026-09-09,3707,11170,217
2026-09-10,3707,11466,225
2026-09-11,3707,11423,226
2026-09-14,3707,11316,237
2026-09-15,3707,11407,259
2026-09-16,3707,11383,276
2026-09-17,3707,11128,285
2026-09-18,3707,11088,244
2026-09-21,3707,11041,251
2026-09-22,3707,12788,344
2026-09-23,3707,14397,408
2026-09-03,4542,5233,50
2026-09-04,4542,5193,39
2026-09-07,4542,5168,31
2026-09-08,4542,5178,33
2026-09-09,4542,5173,35
2026-09-10,4542,5168,25
2026-09-11,4542,5110,23
2026-09-14,4542,5073,28
2026-09-15,4542,5067,31
2026-09-16,4542,5076,25
2026-09-17,4542,5140,34
2026-09-18,4542,5157,35
2026-09-21,4542,5180,40
2026-09-22,4542,5033,45
2026-09-23,4542,5061,66
2026-09-03,4749,4003,21
2026-09-04,4749,4038,19
2026-09-07,4749,4090,19
2026-09-08,4749,4130,19
2026-09-09,4749,4100,20
2026-09-10,4749,4109,19
2026-09-11,4749,4121,19
2026-09-14,4749,4074,19
2026-09-15,4749,4068,19
2026-09-16,4749,4074,19
2026-09-17,4749,4080,19
2026-09-18,4749,4051,19
2026-09-21,4749,4029,19
2026-09-22,4749,4008,19
2026-09-23,4749,4022,19
2026-09-03,4908,6492,135
2026-09-04,4908,6631,126
2026-09-07,4908,6527,120
2026-09-08,4908,6717,111
2026-09-09,4908,7265,166
2026-09-10,4908,7364,168
2026-09-11,4908,7393,138
2026-09-14,4908,6719,115
2026-09-15,4908,6538,159
2026-09-16,4908,6824,210
2026-09-17,4908,7158,218
2026-09-18,4908,6565,227
2026-09-21,4908,5830,264
2026-09-22,4908,5677,201
2026-09-23,4908,5046,118
2026-09-03,4931,9883,218
2026-09-04,4931,10018,258
2026-09-07,4931,10005,191
2026-09-08,4931,10135,160
2026-09-09,4931,10038,191
2026-09-10,4931,9835,158
2026-09-11,4931,9655,145
2026-09-14,4931,9426,171
2026-09-15,4931,9022,148
2026-09-16,4931,9073,171
2026-09-17,4931,8982,164
2026-09-18,4931,9224,155
2026-09-21,4931,9362,146
2026-09-22,4931,9691,141
2026-09-23,4931,9783,134
2026-09-03,4939,6098,892
2026-09-04,4939,6140,939
2026-09-07,4939,6864,969
2026-09-08,4939,6376,955
2026-09-09,4939,6238,1053
2026-09-10,4939,5590,898
2026-09-11,4939,5780,912
2026-09-14,4939,5906,790
2026-09-15,4939,5677,832
2026-09-16,4939,5728,625
2026-09-17,4939,5688,568
2026-09-18,4939,5745,534
2026-09-21,4939,5880,537
2026-09-22,4939,5854,517
2026-09-23,4939,5640,440
2026-09-03,4966,3789,3
2026-09-04,4966,3759,7
2026-09-07,4966,3749,7
2026-09-08,4966,3749,3
2026-09-09,4966,3726,3
2026-09-10,4966,3725,6
2026-09-11,4966,3720,6
2026-09-14,4966,3718,10
2026-09-15,4966,3719,6
2026-09-16,4966,3709,9
2026-09-17,4966,3704,8
2026-09-18,4966,3718,8
2026-09-21,4966,3693,6
2026-09-22,4966,3631,6
2026-09-23,4966,3686,6
2026-09-03,4971,4383,161
2026-09-04,4971,4578,160
2026-09-07,4971,4634,161
2026-09-08,4971,4644,158
2026-09-09,4971,4716,163
2026-09-10,4971,4544,163
2026-09-11,4971,4459,170
2026-09-14,4971,4439,153
2026-09-15,4971,4454,178
2026-09-16,4971,4596,201
2026-09-17,4971,4610,187
2026-09-18,4971,4570,192
2026-09-21,4971,4551,186
2026-09-22,4971,4553,183
2026-09-23,4971,4524,179
2026-09-03,4979,10246,382
2026-09-04,4979,11078,458
2026-09-07,4979,12314,417
2026-09-08,4979,11728,555
2026-09-09,4979,12549,529
2026-09-10,4979,12468,878
2026-09-11,4979,12016,400
2026-09-14,4979,11641,380
2026-09-15,4979,11339,199
2026-09-16,4979,11314,214
2026-09-17,4979,11184,183
2026-09-18,4979,12682,339
2026-09-21,4979,13153,388
2026-09-22,4979,13823,409
2026-09-23,4979,14299,314
2026-09-03,4991,8545,550
2026-09-04,4991,8266,159
2026-09-07,4991,8206,139
2026-09-08,4991,8058,141
2026-09-09,4991,7987,134
2026-09-10,4991,7942,102
2026-09-11,4991,8051,80
2026-09-14,4991,8085,85
2026-09-15,4991,8120,102
2026-09-16,4991,8395,69
2026-09-17,4991,8427,72
2026-09-18,4991,8926,129
2026-09-21,4991,9445,140
2026-09-22,4991,9449,66
2026-09-23,4991,9218,51
2026-09-03,5274,231,0
2026-09-04,5274,227,0
2026-09-07,5274,224,0
2026-09-08,5274,189,0
2026-09-09,5274,165,0
2026-09-10,5274,154,0
2026-09-11,5274,169,0
2026-09-14,5274,162,0
2026-09-15,5274,167,0
2026-09-16,5274,153,0
2026-09-17,5274,147,0
2026-09-18,5274,145,0
2026-09-21,5274,130,0
2026-09-22,5274,126,0
2026-09-23,5274,134,0
2026-09-03,5289,4510,6
2026-09-04,5289,4510,5
2026-09-07,5289,4592,10
2026-09-08,5289,4736,12
2026-09-09,5289,4748,10
2026-09-10,5289,4785,11
2026-09-11,5289,4730,18
2026-09-14,5289,4705,17
2026-09-15,5289,4725,14
2026-09-16,5289,4722,14
2026-09-17,5289,4751,12
2026-09-18,5289,4748,33
2026-09-21,5289,4788,32
2026-09-22,5289,4785,32
2026-09-23,5289,4902,36
2026-09-03,5347,12539,116
2026-09-04,5347,12513,124
2026-09-07,5347,12505,137
2026-09-08,5347,12748,133
2026-09-09,5347,12601,148
2026-09-10,5347,12504,201
2026-09-11,5347,12453,180
2026-09-14,5347,12064,178
2026-09-15,5347,11712,238
2026-09-16,5347,11526,173
2026-09-17,5347,13146,232
2026-09-18,5347,12159,379
2026-09-21,5347,12064,363
2026-09-22,5347,11601,393
2026-09-23,5347,11609,407
2026-09-03,5351,13191,892
2026-09-04,5351,13413,834
2026-09-07,5351,13204,870
2026-09-08,5351,13242,848
2026-09-09,5351,13084,848
2026-09-10,5351,13160,814
2026-09-11,5351,12928,739
2026-09-14,5351,12829,685
2026-09-15,5351,12767,633
2026-09-16,5351,12955,525
2026-09-17,5351,12877,527
2026-09-18,5351,13300,548
2026-09-21,5351,13687,501
2026-09-22,5351,13548,514
2026-09-23,5351,13553,507
2026-09-03,5425,13027,543
2026-09-04,5425,12799,745
2026-09-07,5425,12708,744
2026-09-08,5425,12416,711
2026-09-09,5425,12443,697
2026-09-10,5425,12485,789
2026-09-11,5425,12470,1214
2026-09-14,5425,12381,910
2026-09-15,5425,12616,874
2026-09-16,5425,12324,474
2026-09-17,5425,12314,376
2026-09-18,5425,12576,258
2026-09-21,5425,12414,235
2026-09-22,5425,12049,249
2026-09-23,5425,12785,364
2026-09-03,5475,0,0
2026-09-04,5475,0,0
2026-09-07,5475,0,0
2026-09-08,5475,0,0
2026-09-09,5475,0,0
2026-09-10,5475,0,0
2026-09-11,5475,0,0
2026-09-14,5475,0,0
2026-09-15,5475,0,0
2026-09-16,5475,0,0
2026-09-17,5475,0,0
2026-09-18,5475,0,0
2026-09-21,5475,0,0
2026-09-22,5475,0,0
2026-09-23,5475,0,0
2026-09-03,5483,17371,181
2026-09-04,5483,17291,192
2026-09-07,5483,17248,187
2026-09-08,5483,17332,183
2026-09-09,5483,17219,190
2026-09-10,5483,17175,216
2026-09-11,5483,17087,220
2026-09-14,5483,16824,230
2026-09-15,5483,16585,227
2026-09-16,5483,16286,248
2026-09-17,5483,15775,380
2026-09-18,5483,15770,388
2026-09-21,5483,16019,388
2026-09-22,5483,15250,404
2026-09-23,5483,17540,346
2026-09-03,5536,1040,5
2026-09-04,5536,1017,3
2026-09-07,5536,1001,3
2026-09-08,5536,1020,3
2026-09-09,5536,996,3
2026-09-10,5536,984,4
2026-09-11,5536,978,3
2026-09-14,5536,960,3
2026-09-15,5536,963,3
2026-09-16,5536,969,3
2026-09-17,5536,983,3
2026-09-18,5536,981,4
2026-09-21,5536,1025,5
2026-09-22,5536,1126,5
2026-09-23,5536,1228,3
2026-09-03,5904,6721,26
2026-09-04,5904,6614,46
2026-09-07,5904,6611,46
2026-09-08,5904,6610,56
2026-09-09,5904,6540,57
2026-09-10,5904,6499,53
2026-09-11,5904,6320,52
2026-09-14,5904,6086,55
2026-09-15,5904,6039,47
2026-09-16,5904,5863,60
2026-09-17,5904,6013,117
2026-09-18,5904,6063,76
2026-09-21,5904,6031,71
2026-09-22,5904,5995,55
2026-09-23,5904,6004,55
2026-09-03,6147,36694,502
2026-09-04,6147,40006,471
2026-09-07,6147,40648,518
2026-09-08,6147,41767,492
2026-09-09,6147,41021,683
2026-09-10,6147,41381,536
2026-09-11,6147,41062,460
2026-09-14,6147,38578,551
2026-09-15,6147,37655,1295
2026-09-16,6147,37342,841
2026-09-17,6147,39211,838
2026-09-18,6147,39862,1089
2026-09-21,6147,41189,955
2026-09-22,6147,43503,828
2026-09-23,6147,43910,749
2026-09-03,6148,2459,20
2026-09-04,6148,2442,25
2026-09-07,6148,2474,20
2026-09-08,6148,2469,17
2026-09-09,6148,2467,17
2026-09-10,6148,2456,13
2026-09-11,6148,2600,86
2026-09-14,6148,2630,188
2026-09-15,6148,2846,364
2026-09-16,6148,2593,300
2026-09-17,6148,2626,317
2026-09-18,6148,2896,637
2026-09-21,6148,2702,519
2026-09-22,6148,2604,484
2026-09-23,6148,2581,417
2026-09-03,6173,10084,410
2026-09-04,6173,9927,510
2026-09-07,6173,9662,791
2026-09-08,6173,10189,793
2026-09-09,6173,10287,1184
2026-09-10,6173,12195,1354
2026-09-11,6173,13758,3387
2026-09-14,6173,13890,2862
2026-09-15,6173,14246,3513
2026-09-16,6173,14797,2196
2026-09-17,6173,14251,2803
2026-09-18,6173,13582,1935
2026-09-21,6173,13477,1831
2026-09-22,6173,13458,1452
2026-09-23,6173,13515,1543
2026-09-03,6182,66007,4588
2026-09-04,6182,66241,1299
2026-09-07,6182,66141,1192
2026-09-08,6182,66824,1237
2026-09-09,6182,66650,1210
2026-09-10,6182,66135,950
2026-09-11,6182,64501,1096
2026-09-14,6182,62540,1071
2026-09-15,6182,64317,1106
2026-09-16,6182,64790,1248
2026-09-17,6182,63556,1227
2026-09-18,6182,64450,1395
2026-09-21,6182,64424,1323
2026-09-22,6182,66006,1273
2026-09-23,6182,70125,1131
2026-09-03,6187,3478,40
2026-09-04,6187,3435,38
2026-09-07,6187,3398,52
2026-09-08,6187,3464,51
2026-09-09,6187,3473,44
2026-09-10,6187,3519,43
2026-09-11,6187,3354,36
2026-09-14,6187,3340,28
2026-09-15,6187,3377,28
2026-09-16,6187,3431,28
2026-09-17,6187,3445,23
2026-09-18,6187,3444,23
2026-09-21,6187,3453,25
2026-09-22,6187,3469,20
2026-09-23,6187,3367,19
2026-09-03,6199,5709,120
2026-09-04,6199,5883,139
2026-09-07,6199,5874,128
2026-09-08,6199,6081,8
2026-09-09,6199,6104,16
2026-09-10,6199,5962,8
2026-09-11,6199,6193,62
2026-09-14,6199,5929,15
2026-09-15,6199,5890,18
2026-09-16,6199,5817,20
2026-09-17,6199,5910,27
2026-09-18,6199,5862,61
2026-09-21,6199,5744,50
2026-09-22,6199,5906,47
2026-09-23,6199,5585,52
2026-09-03,6207,5376,250
2026-09-04,6207,5543,277
2026-09-07,6207,5629,304
2026-09-08,6207,6389,332
2026-09-09,6207,6219,335
2026-09-10,6207,5948,337
2026-09-11,6207,5875,242
2026-09-14,6207,5586,233
2026-09-15,6207,5491,191
2026-09-16,6207,5636,229
2026-09-17,6207,5541,279
2026-09-18,6207,5684,260
2026-09-21,6207,5902,278
2026-09-22,6207,5884,241
2026-09-23,6207,5927,233
2026-09-03,6217,14517,344
2026-09-04,6217,14395,346
2026-09-07,6217,14208,291
2026-09-08,6217,14141,283
2026-09-09,6217,14077,290
2026-09-10,6217,13889,261
2026-09-11,6217,13810,251
2026-09-14,6217,13776,244
2026-09-15,6217,13773,227
2026-09-16,6217,13775,255
2026-09-17,6217,13780,267
2026-09-18,6217,14133,375
2026-09-21,6217,14287,323
2026-09-22,6217,14145,318
2026-09-23,6217,14013,294
2026-09-03,6223,1247,7
2026-09-04,6223,1242,6
2026-09-07,6223,1201,6
2026-09-08,6223,1195,8
2026-09-09,6223,1142,6
2026-09-10,6223,1125,7
2026-09-11,6223,1099,8
2026-09-14,6223,1069,9
2026-09-15,6223,1103,9
2026-09-16,6223,1093,9
2026-09-17,6223,1111,9
2026-09-18,6223,1078,10
2026-09-21,6223,1166,8
2026-09-22,6223,1200,9
2026-09-23,6223,1159,9
2026-09-03,6274,10870,71
2026-09-04,6274,10798,63
2026-09-07,6274,10866,66
2026-09-08,6274,11012,59
2026-09-09,6274,11328,68
2026-09-10,6274,11580,71
2026-09-11,6274,11645,63
2026-09-14,6274,11711,76
2026-09-15,6274,11858,74
2026-09-16,6274,12194,69
2026-09-17,6274,13116,69
2026-09-18,6274,13383,78
2026-09-21,6274,14349,73
2026-09-22,6274,13904,65
2026-09-23,6274,14050,64
2026-09-03,6290,12401,61
2026-09-04,6290,12787,88
2026-09-07,6290,13033,73
2026-09-08,6290,13260,64
2026-09-09,6290,13581,60
2026-09-10,6290,13836,60
2026-09-11,6290,14091,51
2026-09-14,6290,14143,38
2026-09-15,6290,14219,35
2026-09-16,6290,14331,34
2026-09-17,6290,14485,30
2026-09-18,6290,15300,84
2026-09-21,6290,15736,74
2026-09-22,6290,15850,64
2026-09-23,6290,15935,65
2026-09-03,6291,2017,24
2026-09-04,6291,1751,31
2026-09-07,6291,1747,22
2026-09-08,6291,1857,22
2026-09-09,6291,1895,31
2026-09-10,6291,1993,24
2026-09-11,6291,1919,28
2026-09-14,6291,2055,17
2026-09-15,6291,2106,33
2026-09-16,6291,2086,62
2026-09-17,6291,2226,43
2026-09-18,6291,2160,46
2026-09-21,6291,2076,37
2026-09-22,6291,2088,31
2026-09-23,6291,2101,24
2026-09-03,6488,12009,312
2026-09-04,6488,11906,271
2026-09-07,6488,11879,94
2026-09-08,6488,12179,93
2026-09-09,6488,12220,85
2026-09-10,6488,12449,118
2026-09-11,6488,12317,137
2026-09-14,6488,12123,126
2026-09-15,6488,12178,183
2026-09-16,6488,12362,175
2026-09-17,6488,12621,325
2026-09-18,6488,13030,471
2026-09-21,6488,12973,413
2026-09-22,6488,13797,325
2026-09-23,6488,15551,387
2026-09-03,6510,909,20
2026-09-04,6510,916,18
2026-09-07,6510,1024,17
2026-09-08,6510,1008,12
2026-09-09,6510,911,13
2026-09-10,6510,878,13
2026-09-11,6510,785,9
2026-09-14,6510,810,6
2026-09-15,6510,818,5
2026-09-16,6510,856,6
2026-09-17,6510,862,6
2026-09-18,6510,938,11
2026-09-21,6510,939,9
2026-09-22,6510,981,19
2026-09-23,6510,1006,13
2026-09-03,6538,8680,484
2026-09-04,6538,8714,594
2026-09-07,6538,8941,719
2026-09-08,6538,8933,831
2026-09-09,6538,9067,974
2026-09-10,6538,9144,1055
2026-09-11,6538,9050,852
2026-09-14,6538,9020,795
2026-09-15,6538,8972,740
2026-09-16,6538,8907,717
2026-09-17,6538,8835,602
2026-09-18,6538,8962,679
2026-09-21,6538,9090,714
2026-09-22,6538,9258,726
2026-09-23,6538,9344,663
2026-09-03,6620,2965,14
2026-09-04,6620,4120,32
2026-09-07,6620,4601,59
2026-09-08,6620,6317,179
2026-09-09,6620,6836,171
2026-09-10,6620,7281,116
2026-09-11,6620,7412,86
2026-09-14,6620,7614,64
2026-09-15,6620,7751,63
2026-09-16,6620,8370,79
2026-09-17,6620,8528,105
2026-09-18,6620,9758,107
2026-09-21,6620,10586,50
2026-09-22,6620,10512,29
2026-09-23,6620,11021,30
2026-09-03,6640,861,20
2026-09-04,6640,948,21
2026-09-07,6640,925,15
2026-09-08,6640,898,15
2026-09-09,6640,842,14
2026-09-10,6640,817,14
2026-09-11,6640,798,14
2026-09-14,6640,743,15
2026-09-15,6640,759,16
2026-09-16,6640,742,14
2026-09-17,6640,753,12
2026-09-18,6640,742,14
2026-09-21,6640,738,8
2026-09-22,6640,676,3
2026-09-23,6640,675,4
2026-09-03,6643,1942,40
2026-09-04,6643,1941,41
2026-09-07,6643,1939,40
2026-09-08,6643,1928,55
2026-09-09,6643,1944,52
2026-09-10,6643,1940,39
2026-09-11,6643,1951,39
2026-09-14,6643,1979,62
2026-09-15,6643,1986,42
2026-09-16,6643,1982,43
2026-09-17,6643,1971,59
2026-09-18,6643,1989,68
2026-09-21,6643,2070,81
2026-09-22,6643,2100,92
2026-09-23,6643,2055,69
2026-09-03,6683,2339,12
2026-09-04,6683,2320,10
2026-09-07,6683,2534,10
2026-09-08,6683,2476,8
2026-09-09,6683,2529,7
2026-09-10,6683,2239,36
2026-09-11,6683,2261,34
2026-09-14,6683,2318,35
2026-09-15,6683,2583,39
2026-09-16,6683,2766,76
2026-09-17,6683,2816,70
2026-09-18,6683,2912,65
2026-09-21,6683,3060,66
2026-09-22,6683,3023,73
2026-09-23,6683,2972,52
2026-09-03,6693,3846,6
2026-09-04,6693,3990,6
2026-09-07,6693,3959,5
2026-09-08,6693,4031,5
2026-09-09,6693,4221,5
2026-09-10,6693,4180,4
2026-09-11,6693,4122,4
2026-09-14,6693,4027,9
2026-09-15,6693,3973,17
2026-09-16,6693,4025,19
2026-09-17,6693,3871,21
2026-09-18,6693,3834,11
2026-09-21,6693,3881,6
2026-09-22,6693,3849,6
2026-09-23,6693,3819,13
2026-09-03,6727,5228,30
2026-09-04,6727,5273,32
2026-09-07,6727,5171,27
2026-09-08,6727,5293,26
2026-09-09,6727,5166,25
2026-09-10,6727,5273,26
2026-09-11,6727,5233,19
2026-09-14,6727,4974,18
2026-09-15,6727,4813,17
2026-09-16,6727,4752,14
2026-09-17,6727,4784,15
2026-09-18,6727,4781,20
2026-09-21,6727,4835,11
2026-09-22,6727,4885,10
2026-09-23,6727,4879,8
2026-09-03,7717,444,1
2026-09-04,7717,405,3
2026-09-07,7717,385,11
2026-09-08,7717,469,3
2026-09-09,7717,585,3
2026-09-10,7717,610,3
2026-09-11,7717,649,4
2026-09-14,7717,740,3
2026-09-15,7717,756,7
2026-09-16,7717,737,18
2026-09-17,7717,836,44
2026-09-18,7717,916,20
2026-09-21,7717,1004,16
2026-09-22,7717,1058,15
2026-09-23,7717,1091,14
2026-09-03,7734,840,0
2026-09-04,7734,845,1
2026-09-07,7734,829,1
2026-09-08,7734,825,1
2026-09-09,7734,829,1
2026-09-10,7734,863,1
2026-09-11,7734,896,4
2026-09-14,7734,881,3
2026-09-15,7734,891,5
2026-09-16,7734,903,5
2026-09-17,7734,962,4
2026-09-18,7734,920,4
2026-09-21,7734,942,4
2026-09-22,7734,956,4
2026-09-23,7734,963,4
2026-09-03,7751,673,1
2026-09-04,7751,715,1
2026-09-07,7751,744,1
2026-09-08,7751,733,0
2026-09-09,7751,750,0
2026-09-10,7751,766,0
2026-09-11,7751,732,0
2026-09-14,7751,709,0
2026-09-15,7751,710,0
2026-09-16,7751,711,0
2026-09-17,7751,711,0
2026-09-18,7751,700,3
2026-09-21,7751,708,3
2026-09-22,7751,701,3
2026-09-23,7751,706,0
2026-09-03,7792,751,1
2026-09-04,7792,680,0
2026-09-07,7792,715,0
2026-09-08,7792,746,0
2026-09-09,7792,728,0
2026-09-10,7792,676,0
2026-09-11,7792,650,0
2026-09-14,7792,658,0
2026-09-15,7792,641,0
2026-09-16,7792,649,0
2026-09-17,7792,669,0
2026-09-18,7792,777,0
2026-09-21,7792,821,2
2026-09-22,7792,1125,4
2026-09-23,7792,1437,7
2026-09-03,8027,7936,159
2026-09-04,8027,7981,152
2026-09-07,8027,7968,134
2026-09-08,8027,8046,149
2026-09-09,8027,8046,138
2026-09-10,8027,8098,109
2026-09-11,8027,8176,110
2026-09-14,8027,7984,107
2026-09-15,8027,8044,104
2026-09-16,8027,8134,144
2026-09-17,8027,8099,163
2026-09-18,8027,7936,183
2026-09-21,8027,8072,142
2026-09-22,8027,8068,126
2026-09-23,8027,8138,104
2026-09-03,8040,3436,36
2026-09-04,8040,3438,19
2026-09-07,8040,3306,44
2026-09-08,8040,3281,30
2026-09-09,8040,3522,28
2026-09-10,8040,3577,34
2026-09-11,8040,3589,29
2026-09-14,8040,3510,20
2026-09-15,8040,3513,28
2026-09-16,8040,3503,33
2026-09-17,8040,3506,35
2026-09-18,8040,3388,32
2026-09-21,8040,3310,34
2026-09-22,8040,3334,33
2026-09-23,8040,3738,89
2026-09-03,8042,6044,90
2026-09-04,8042,5941,181
2026-09-07,8042,6306,319
2026-09-08,8042,6695,152
2026-09-09,8042,6770,110
2026-09-10,8042,8613,126
2026-09-11,8042,7479,136
2026-09-14,8042,6933,35
2026-09-15,8042,6835,19
2026-09-16,8042,6838,2
2026-09-17,8042,6493,0
2026-09-18,8042,6450,0
2026-09-21,8042,6367,0
2026-09-22,8042,6425,4
2026-09-23,8042,6476,2
2026-09-03,8064,6371,142
2026-09-04,8064,7467,271
2026-09-07,8064,8447,280
2026-09-08,8064,9769,503
2026-09-09,8064,11765,378
2026-09-10,8064,12130,361
2026-09-11,8064,10161,205
2026-09-14,8064,10232,198
2026-09-15,8064,10423,149
2026-09-16,8064,10731,261
2026-09-17,8064,10574,373
2026-09-18,8064,10892,511
2026-09-21,8064,11751,502
2026-09-22,8064,11571,442
2026-09-23,8064,11528,448
2026-09-03,8069,11105,297
2026-09-04,8069,11015,308
2026-09-07,8069,11082,313
2026-09-08,8069,11204,303
2026-09-09,8069,11160,52
2026-09-10,8069,11225,34
2026-09-11,8069,11089,22
2026-09-14,8069,10849,23
2026-09-15,8069,10780,31
2026-09-16,8069,10884,32
2026-09-17,8069,11031,20
2026-09-18,8069,11286,33
2026-09-21,8069,11476,33
2026-09-22,8069,11517,32
2026-09-23,8069,11618,31
2026-09-03,8111,10866,615
2026-09-04,8111,11199,465
2026-09-07,8111,11544,491
2026-09-08,8111,11426,527
2026-09-09,8111,11777,569
2026-09-10,8111,12639,475
2026-09-11,8111,12529,503
2026-09-14,8111,12669,554
2026-09-15,8111,12255,445
2026-09-16,8111,11878,465
2026-09-17,8111,12410,527
2026-09-18,8111,13322,606
2026-09-21,8111,13308,612
2026-09-22,8111,12357,599
2026-09-23,8111,12129,501
2026-09-03,8155,3535,67
2026-09-04,8155,3519,65
2026-09-07,8155,3550,54
2026-09-08,8155,3560,39
2026-09-09,8155,3570,41
2026-09-10,8155,3549,42
2026-09-11,8155,3378,39
2026-09-14,8155,3270,42
2026-09-15,8155,3289,57
2026-09-16,8155,3299,57
2026-09-17,8155,3362,52
2026-09-18,8155,3361,56
2026-09-21,8155,3402,56
2026-09-22,8155,3550,68
2026-09-23,8155,3664,69
2026-09-03,8227,2102,7
2026-09-04,8227,2100,7
2026-09-07,8227,2215,7
2026-09-08,8227,2121,16
2026-09-09,8227,3084,89
2026-09-10,8227,3257,243
2026-09-11,8227,3343,414
2026-09-14,8227,3545,493
2026-09-15,8227,3514,375
2026-09-16,8227,3964,423
2026-09-17,8227,3957,675
2026-09-18,8227,3895,421
2026-09-21,8227,3681,405
2026-09-22,8227,3400,347
2026-09-23,8227,3272,343
2026-09-03,8299,10999,42
2026-09-04,8299,11006,35
2026-09-07,8299,10961,22
2026-09-08,8299,11004,22
2026-09-09,8299,10969,71
2026-09-10,8299,10967,26
2026-09-11,8299,10793,22
2026-09-14,8299,10744,31
2026-09-15,8299,10743,31
2026-09-16,8299,10680,35
2026-09-17,8299,10687,41
2026-09-18,8299,10609,49
2026-09-21,8299,10596,41
2026-09-22,8299,10369,42
2026-09-23,8299,10547,42
2026-09-03,8358,25425,787
2026-09-04,8358,25351,881
2026-09-07,8358,25574,833
2026-09-08,8358,25285,773
2026-09-09,8358,25371,785
2026-09-10,8358,25712,717
2026-09-11,8358,25577,1117
2026-09-14,8358,27464,850
2026-09-15,8358,27493,809
2026-09-16,8358,27072,521
2026-09-17,8358,27859,2007
2026-09-18,8358,27136,929
2026-09-21,8358,26669,793
2026-09-22,8358,26266,674
2026-09-23,8358,25989,551
