date,code,revenue,prev_year
2026-01,1101,12252892,12213350
2026-02,1101,8593689,9123490
2026-03,1101,12412837,13635386
2026-04,1101,12213195,12681318
2026-05,1101,12612013,12619495
2026-06,1101,13382706,10107877
2026-07,1101,13744103,13535929
2026-08,1101,13515534,12214776
2026-01,1102,5986964,5877674
2026-02,1102,3493115,4184371
2026-03,1102,5349407,6532662
2026-04,1102,5694459,6276269
2026-05,1102,6296531,6370169
2026-06,1102,5885972,6019299
2026-07,1102,5398231,5836590
2026-08,1102,5590320,5663764
2026-01,1216,66104462,65755516
2026-02,1216,51532816,47574945
2026-03,1216,57379159,55935541
2026-04,1216,57480106,56208747
2026-05,1216,59180335,57625519
2026-06,1216,58301112,55738019
2026-07,1216,62168637,57114520
2026-08,1216,63101242,60796560
2026-01,1301,13891082,13980022
2026-02,1301,10739649,16129819
2026-03,1301,17354391,17092363
2026-04,1301,18326272,16172957
2026-05,1301,14951422,14852023
2026-06,1301,13976274,14362122
2026-07,1301,15293925,14597054
2026-08,1301,13992385,13103184
2026-01,1303,22872625,20458289
2026-02,1303,18556362,22080604
2026-03,1303,27167406,23012738
2026-04,1303,27681309,23176793
2026-05,1303,28830982,21949304
2026-06,1303,27134592,20589873
2026-07,1303,30572583,21152898
2026-08,1303,30601161,20853020
2026-01,1314,1589699,2375622
2026-02,1314,1098234,2043929
2026-03,1314,1404411,2109741
2026-04,1314,1556459,1739506
2026-05,1314,1290220,1696761
2026-06,1314,1040669,1471408
2026-07,1314,1059916,1645709
2026-08,1314,927609,1227152
2026-01,1326,25040014,24019167
2026-02,1326,22981250,27143490
2026-03,1326,33728547,27746732
2026-04,1326,32101065,25033602
2026-05,1326,27386895,23721263
2026-06,1326,27666322,24792702
2026-07,1326,31267016,23302893
2026-08,1326,30558197,23203688
2026-01,1402,21993415,22045002
2026-02,1402,17896522,19649054
2026-03,1402,21386882,22109493
2026-04,1402,22888480,20017785
2026-05,1402,23426660,19614093
2026-06,1402,22922082,20454748
2026-07,1402,23366547,19378881
2026-08,1402,22832378,19820523
2026-01,1409,3334219,3387023
2026-02,1409,2768316,3391760
2026-03,1409,3945363,3763379
2026-04,1409,4079327,3262094
2026-05,1409,4373931,3236780
2026-06,1409,3554062,3132986
2026-07,1409,4641142,2970720
2026-08,1409,3425819,3746713
2026-01,1476,3581621,3330196
2026-02,1476,2439916,2633763
2026-03,1476,3599533,3410647
2026-04,1476,3264019,3390928
2026-05,1476,3059191,3038307
2026-06,1476,3762594,3288358
2026-07,1476,3752424,3044362
2026-08,1476,3311034,3348874
2026-01,1504,4643699,4303352
2026-02,1504,4428182,4435229
2026-03,1504,5126597,4962534
2026-04,1504,5626680,4955077
2026-05,1504,5685648,5142957
2026-06,1504,5277164,5269401
2026-07,1504,5528934,4857940
2026-08,1504,5408315,4629290
2026-01,1513,2133688,1929217
2026-02,1513,1879058,2155049
2026-03,1513,2477893,2363392
2026-04,1513,2307697,2179872
2026-05,1513,2392022,2308539
2026-06,1513,2833330,2616009
2026-07,1513,2410391,2321409
2026-08,1513,2502498,2297365
2026-01,1519,1356774,1275049
2026-02,1519,1363202,1176341
2026-03,1519,2036539,1969871
2026-04,1519,2248955,2113986
2026-05,1519,1476965,1628913
2026-06,1519,1729751,2330489
2026-07,1519,2049883,2235813
2026-08,1519,1916427,1703482
2026-01,1560,752917,565808
2026-02,1560,751193,604077
2026-03,1560,789165,601745
2026-04,1560,830354,698859
2026-05,1560,829267,704078
2026-06,1560,832959,715653
2026-07,1560,886323,700303
2026-08,1560,899115,689622
2026-01,1569,241493,256388
2026-02,1569,191198,227031
2026-03,1569,373329,335086
2026-04,1569,266771,299047
2026-05,1569,303922,306328
2026-06,1569,248282,265081
2026-07,1569,207224,241532
2026-08,1569,208971,279673
2026-01,1590,3702382,2219508
2026-02,1590,2171413,2371072
2026-03,1590,4139710,3505568
2026-04,1590,4342337,3467477
2026-05,1590,3909466,2784743
2026-06,1590,3912577,2700503
2026-07,1590,3994281,2649095
2026-08,1590,3707549,2586808
2026-01,1595,58304,51999
2026-02,1595,41533,72509
2026-03,1595,66552,84144
2026-04,1595,57634,75921
2026-05,1595,89998,32864
2026-06,1595,97936,76574
2026-07,1595,111520,19634
2026-08,1595,87427,64469
2026-01,1597,107622,76931
2026-02,1597,106281,89452
2026-03,1597,120499,86976
2026-04,1597,153903,90019
2026-05,1597,137546,90861
2026-06,1597,131807,90746
2026-07,1597,136585,92443
2026-08,1597,133094,91642
2026-01,1605,13468434,14106967
2026-02,1605,11867190,15431274
2026-03,1605,15722642,15337828
2026-04,1605,15530514,17657667
2026-05,1605,17459111,15710431
2026-06,1605,16719950,12927141
2026-07,1605,15713997,14274827
2026-08,1605,14428827,12550005
2026-01,1708,552559,445110
2026-02,1708,433100,534333
2026-03,1708,567965,539073
2026-04,1708,696728,490653
2026-05,1708,538697,455047
2026-06,1708,519370,503006
2026-07,1708,639793,513249
2026-08,1708,680872,511272
2026-01,1709,867400,919607
2026-02,1709,640347,807127
2026-03,1709,915765,895778
2026-04,1709,756074,731995
2026-05,1709,902779,856686
2026-06,1709,1030724,605826
2026-07,1709,1130202,616618
2026-08,1709,1208393,661529
2026-01,1711,724301,642466
2026-02,1711,483949,645241
2026-03,1711,837200,653281
2026-04,1711,721650,731638
2026-05,1711,719158,657261
2026-06,1711,690754,598086
2026-07,1711,781404,621609
2026-08,1711,747049,561028
2026-01,1717,3889579,3325017
2026-02,1717,2436388,3018586
2026-03,1717,3917069,3717051
2026-04,1717,4233389,3746640
2026-05,1717,3860946,3360982
2026-06,1717,3831479,3297109
2026-07,1717,4092959,3304430
2026-08,1717,4069789,3364895
2026-01,1727,118805,131620
2026-02,1727,169192,169209
2026-03,1727,231340,151002
2026-04,1727,186542,166448
2026-05,1727,227219,163382
2026-06,1727,224411,188205
2026-07,1727,235237,177598
2026-08,1727,256624,157756
2026-01,1785,4662202,2779797
2026-02,1785,3939518,2417634
2026-03,1785,5956286,3045411
2026-04,1785,5595664,3753435
2026-05,1785,6008776,3073987
2026-06,1785,4607657,2697135
2026-07,1785,5261124,3592864
2026-08,1785,4515809,3454857
2026-01,1802,3668041,3119843
2026-02,1802,2437371,2957754
2026-03,1802,4138404,3556562
2026-04,1802,3930044,3691653
2026-05,1802,3919507,3329676
2026-06,1802,4207055,3312587
2026-07,1802,4581358,3566680
2026-08,1802,4592157,3463388
2026-01,1809,231714,184093
2026-02,1809,170713,168873
2026-03,1809,189863,222712
2026-04,1809,215794,241586
2026-05,1809,190866,189000
2026-06,1809,202891,194083
2026-07,1809,201583,223694
2026-08,1809,212015,221147
2026-01,1815,570799,478925
2026-02,1815,629431,391531
2026-03,1815,681209,512133
2026-04,1815,733783,479087
2026-05,1815,708433,472601
2026-06,1815,688976,470730
2026-07,1815,854379,508238
2026-08,1815,912400,509132
2026-01,2002,26018929,25711893
2026-02,2002,24520577,28161939
2026-03,2002,28622383,29296391
2026-04,2002,30891428,30241696
2026-05,2002,29955286,29314725
2026-06,2002,27994106,25540284
2026-07,2002,29719695,24391344
2026-08,2002,27948400,24739527
2026-01,2020,434879,310823
2026-02,2020,231956,356598
2026-03,2020,352254,423216
2026-04,2020,408757,403131
2026-05,2020,308904,343816
2026-06,2020,311582,300664
2026-07,2020,284045,752843
2026-08,2020,272115,432299
2026-01,2027,9864568,8224410
2026-02,2027,9975843,8778777
2026-03,2027,11376755,9092719
2026-04,2027,12404843,9010554
2026-05,2027,11666070,8185089
2026-06,2027,11907806,8284678
2026-07,2027,12618274,8635750
2026-08,2027,12385552,8477981
2026-01,2030,890128,852122
2026-02,2030,763494,806261
2026-03,2030,983657,1015781
2026-04,2030,1008239,924369
2026-05,2030,1192320,864541
2026-06,2030,986869,737070
2026-07,2030,1078093,763551
2026-08,2030,1175065,745165
2026-01,2034,959841,1223346
2026-02,2034,759842,1297061
2026-03,2034,1113865,1112380
2026-04,2034,1085586,1061383
2026-05,2034,1149326,1265734
2026-06,2034,1224695,999935
2026-07,2034,1354182,958911
2026-08,2034,1270580,1002422
2026-01,2049,2150023,1900341
2026-02,2049,1872071,1930542
2026-03,2049,2357195,2008012
2026-04,2049,2474152,2050060
2026-05,2049,2480198,1935020
2026-06,2049,2554057,1940410
2026-07,2049,2681646,2002143
2026-08,2049,2708024,1903026
2026-01,2059,1774956,1233439
2026-02,2059,1756868,1339536
2026-03,2059,1918166,1381226
2026-04,2059,2595892,1449099
2026-05,2059,3791303,1393592
2026-06,2059,4442581,1386041
2026-07,2059,6407256,1406573
2026-08,2059,6466169,1454984
2026-01,2061,132378,92395
2026-02,2061,72639,93376
2026-03,2061,111717,110477
2026-04,2061,118293,111106
2026-05,2061,115938,100183
2026-06,2061,121620,92513
2026-07,2061,126081,89234
2026-08,2061,119426,83854
2026-01,2221,133931,99414
2026-02,2221,107078,88760
2026-03,2221,131210,136142
2026-04,2221,140432,119963
2026-05,2221,145456,122006
2026-06,2221,149053,110698
2026-07,2221,139767,100893
2026-08,2221,198738,109607
2026-01,2301,14112349,12147361
2026-02,2301,12812239,10916888
2026-03,2301,16483767,13352871
2026-04,2301,16694759,13408177
2026-05,2301,17353659,13394635
2026-06,2301,18655552,13619675
2026-07,2301,19005536,13811634
2026-08,2301,19592400,15648789
2026-01,2302,73600,74062
2026-02,2302,70713,50907
2026-03,2302,72005,68541
2026-04,2302,98375,77495
2026-05,2302,86327,70579
2026-06,2302,99738,68452
2026-07,2302,122214,67461
2026-08,2302,135083,71959
2026-01,2303,20862150,19806795
2026-02,2303,19345126,18193515
2026-03,2303,20830626,19858647
2026-04,2303,22663945,20454530
2026-05,2303,22943755,19480057
2026-06,2303,23124962,18823070
2026-07,2303,23844045,20040049
2026-08,2303,25044641,19159816
2026-01,2305,76045,53717
2026-02,2305,81417,60685
2026-03,2305,89472,51148
2026-04,2305,119663,66085
2026-05,2305,115955,58613
2026-06,2305,149910,61861
2026-07,2305,178558,59960
2026-08,2305,181219,53302
2026-01,2308,49675223,37385532
2026-02,2308,49897441,38089875
2026-03,2308,59779988,43443999
2026-04,2308,58691652,40782164
2026-05,2308,58961817,41044766
2026-06,2308,65602611,42208156
2026-07,2308,67073192,45397038
2026-08,2308,64586049,47859758
2026-01,2313,7403728,5280826
2026-02,2313,5201115,5200813
2026-03,2313,6943219,6248236
2026-04,2313,6315284,6501351
2026-05,2313,6761659,5982592
2026-06,2313,6915025,5716554
2026-07,2313,6955176,5995419
2026-08,2313,7012064,6561566
2026-01,2316,378907,276282
2026-02,2316,239154,249961
2026-03,2316,403900,346737
2026-04,2316,429719,246548
2026-05,2316,382034,274694
2026-06,2316,320550,250761
2026-07,2316,510275,292536
2026-08,2316,466413,289358
2026-01,2317,730039420,538665759
2026-02,2317,595813348,551382882
2026-03,2317,803737716,552124573
2026-04,2317,832097956,641365597
2026-05,2317,859409333,615744933
2026-06,2317,821762936,540236697
2026-07,2317,946512543,613864601
2026-08,2317,921766023,606512275
2026-01,2324,59365885,55330100
2026-02,2324,52739920,67541242
2026-03,2324,89197731,76226615
2026-04,2324,71979261,62298502
2026-05,2324,70461810,57624778
2026-06,2324,95853605,60519899
2026-07,2324,81005761,58591225
2026-08,2324,67337469,58808664
2026-01,2327,13030129,10249471
2026-02,2327,11505323,9752950
2026-03,2327,13630196,11101274
2026-04,2327,14039098,11503407
2026-05,2327,15058220,10211491
2026-06,2327,15359009,11056490
2026-07,2327,16131188,10646791
2026-08,2327,16332196,10759050
2026-01,2330,401255128,293288038
2026-02,2330,317656613,260008796
2026-03,2330,415191699,285956830
2026-04,2330,410725118,349566940
2026-05,2330,416975163,320515951
2026-06,2330,442679969,263708978
2026-07,2330,467580548,323165707
2026-08,2330,514805337,335771691
2026-01,2337,3017005,1992657
2026-02,2337,3029953,1893959
2026-03,2337,4421909,2250760
2026-04,2337,5912524,2330400
2026-05,2337,6255653,2268224
2026-06,2337,6956348,2200717
2026-07,2337,7724730,2754115
2026-08,2337,8145267,2557121
2026-01,2338,536652,545190
2026-02,2338,459445,537355
2026-03,2338,542563,545412
2026-04,2338,487127,521482
2026-05,2338,517714,559936
2026-06,2338,508943,508515
2026-07,2338,505327,483955
2026-08,2338,494412,543000
2026-01,2340,318333,282981
2026-02,2340,286488,294620
2026-03,2340,349208,389042
2026-04,2340,318886,350069
2026-05,2340,407468,385638
2026-06,2340,483128,415265
2026-07,2340,394291,385892
2026-08,2340,474269,389148
2026-01,2342,165943,182602
2026-02,2342,155329,183337
2026-03,2342,164932,184863
2026-04,2342,171630,177787
2026-05,2342,173992,180241
2026-06,2342,176335,168632
2026-07,2342,183537,165044
2026-08,2342,180687,173814
2026-01,2344,11778411,6066312
2026-02,2344,11973254,6353503
2026-03,2344,14501399,7572802
2026-04,2344,19245022,6819077
2026-05,2344,20001444,7093516
2026-06,2344,20596799,7105364
2026-07,2344,26773179,6837785
2026-08,2344,27308717,7012528
2026-01,2345,21527345,12525239
2026-02,2345,23582573,12908017
2026-03,2345,25010823,17317305
2026-04,2345,27360301,17781598
2026-05,2345,28622864,18280186
2026-06,2345,39554529,24543014
2026-07,2345,39472637,22990663
2026-08,2345,40872511,25637808
2026-01,2347,40697947,29085545
2026-02,2347,29717095,28222149
2026-03,2347,56059078,34039986
2026-04,2347,57336402,31091890
2026-05,2347,67818918,29523080
2026-06,2347,76417552,32410004
2026-07,2347,72339062,31619995
2026-08,2347,74215271,33445380
2026-01,2351,942907,790889
2026-02,2351,814818,800874
2026-03,2351,1057713,945368
2026-04,2351,1175359,938528
2026-05,2351,1156261,845205
2026-06,2351,1213743,836627
2026-07,2351,1328046,825706
2026-08,2351,1326062,822511
2026-01,2353,21077067,15073385
2026-02,2353,21457846,17073056
2026-03,2353,29896035,29275230
2026-04,2353,31311752,18594515
2026-05,2353,26165549,19168323
2026-06,2353,27818445,28685486
2026-07,2353,26903988,22064455
2026-08,2353,30180310,21804230
2026-01,2354,13391202,8503063
2026-02,2354,7202241,9418841
2026-03,2354,4689247,12051114
2026-04,2354,6527105,12889456
2026-05,2354,8757709,14754321
2026-06,2354,15054892,13604963
2026-07,2354,21422430,15584906
2026-08,2354,21867114,13803533
2026-01,2356,61812811,45841662
2026-02,2356,50934220,51670733
2026-03,2356,87563474,59521941
2026-04,2356,84786839,62100043
2026-05,2356,82807865,61203003
2026-06,2356,102262391,63274343
2026-07,2356,90190327,54420542
2026-08,2356,83267681,61304263
2026-01,2357,67935513,37747542
2026-02,2357,54353831,45631241
2026-03,2357,86083764,64315282
2026-04,2357,81915499,56217584
2026-05,2357,69094002,63215719
2026-06,2357,106723044,68573006
2026-07,2357,84131254,54871158
2026-08,2357,94955954,62815315
2026-01,2360,3826300,2223259
2026-02,2360,3667138,1971143
2026-03,2360,4366231,2670649
2026-04,2360,4865716,2125756
2026-05,2360,4549607,1951862
2026-06,2360,4114136,2377777
2026-07,2360,5434240,1974233
2026-08,2360,5632401,2197611
2026-01,2363,424573,156332
2026-02,2363,371804,119575
2026-03,2363,253641,193776
2026-04,2363,345124,184409
2026-05,2363,349345,185030
2026-06,2363,466594,266932
2026-07,2363,404550,235103
2026-08,2363,512334,282957
2026-01,2367,1409727,1335665
2026-02,2367,1178139,1456751
2026-03,2367,1310254,1545033
2026-04,2367,1201610,1550372
2026-05,2367,1533479,1322948
2026-06,2367,1375316,1434730
2026-07,2367,1631312,1305549
2026-08,2367,1459946,1157498
2026-01,2368,6015659,3569192
2026-02,2368,5941712,3860588
2026-03,2368,7384878,4526585
2026-04,2368,7289761,4601880
2026-05,2368,8773229,4684086
2026-06,2368,8255188,4631945
2026-07,2368,10014527,5645777
2026-08,2368,10383971,5886997
2026-01,2371,4244071,3558687
2026-02,2371,2982824,3041720
2026-03,2371,4261004,3930070
2026-04,2371,4138885,4289081
2026-05,2371,3582351,4180316
2026-06,2371,5292568,4537514
2026-07,2371,3677894,4283928
2026-08,2371,4383050,4952129
2026-01,2375,539300,427698
2026-02,2375,406786,385616
2026-03,2375,494364,481165
2026-04,2375,529114,530645
2026-05,2375,496776,486847
2026-06,2375,543117,458767
2026-07,2375,621019,450284
2026-08,2375,653794,475169
2026-01,2376,33118551,21091561
2026-02,2376,32908194,22326218
2026-03,2376,39028800,22322801
2026-04,2376,52267730,30098100
2026-05,2376,49053470,46728346
2026-06,2376,42892460,25447702
2026-07,2376,44213037,27690083
2026-08,2376,47400848,23888296
2026-01,2377,22271797,16654367
2026-02,2377,16140711,16622598
2026-03,2377,17844331,20263385
2026-04,2377,16358371,21041154
2026-05,2377,15798485,20714566
2026-06,2377,17755864,19560912
2026-07,2377,19342388,19346145
2026-08,2377,17693552,18834279
2026-01,2379,13577638,11868702
2026-02,2379,10482135,11321090
2026-03,2379,12362793,11832604
2026-04,2379,12719097,11430305
2026-05,2379,12523520,10276326
2026-06,2379,12310586,10207732
2026-07,2379,12895149,9729539
2026-08,2379,12459133,9727390
2026-01,2382,230834858,142560447
2026-02,2382,215583149,150564741
2026-03,2382,362803048,192546802
2026-04,2382,339921315,154010874
2026-05,2382,311481017,160242327
2026-06,2382,385190820,189868451
2026-07,2382,366274080,158342022
2026-08,2382,423970932,152807846
2026-01,2383,10862602,6986221
2026-02,2383,10193772,7029925
2026-03,2383,12010861,7668109
2026-04,2383,13923687,7191345
2026-05,2383,15618565,7277046
2026-06,2383,17732956,8035115
2026-07,2383,19206698,8372495
2026-08,2383,20145589,8764793
2026-01,2395,7059527,5732941
2026-02,2395,5626769,5294935
2026-03,2395,7698968,6323370
2026-04,2395,8269473,6143072
2026-05,2395,7733828,5854510
2026-06,2395,10122989,5838214
2026-07,2395,11272216,6009344
2026-08,2395,10419341,5556475
2026-01,2399,142030,173281
2026-02,2399,160344,156338
2026-03,2399,132261,168808
2026-04,2399,178126,146127
2026-05,2399,191777,129368
2026-06,2399,158673,176939
2026-07,2399,192758,174088
2026-08,2399,198432,141736
2026-01,2404,6025154,3792018
2026-02,2404,6570709,3890231
2026-03,2404,7692593,3835264
2026-04,2404,8106870,4008823
2026-05,2404,9217814,4982233
2026-06,2404,8743401,5794137
2026-07,2404,9945328,6072706
2026-08,2404,9392377,5905283
2026-01,2406,919350,318504
2026-02,2406,810936,312179
2026-03,2406,993720,382096
2026-04,2406,1053239,432915
2026-05,2406,960589,434264
2026-06,2406,805136,493953
2026-07,2406,997619,600512
2026-08,2406,970776,521628
2026-01,2408,15309988,2162373
2026-02,2408,15607184,2272734
2026-03,2408,18169760,2752833
2026-04,2408,25491201,3118820
2026-05,2408,27669563,3333121
2026-06,2408,29388309,4074153
2026-07,2408,43867609,5352227
2026-08,2408,44690268,6762501
2026-01,2409,22505270,21643289
2026-02,2409,20505355,24605664
2026-03,2409,26020730,25852917
2026-04,2409,22100381,23137814
2026-05,2409,23838344,24177397
2026-06,2409,24952469,21921538
2026-07,2409,20370071,20922673
2026-08,2409,23101650,24539457
2026-01,2412,20413606,18192737
2026-02,2412,18786334,18287078
2026-03,2412,20788495,19328594
2026-04,2412,20497863,19048468
2026-05,2412,19523164,18524239
2026-06,2412,21342447,19157690
2026-07,2412,19884860,19179026
2026-08,2412,23309496,18556785
2026-01,2421,1778438,1303050
2026-02,2421,1323313,1293119
2026-03,2421,1917719,1565934
2026-04,2421,1871491,1627594
2026-05,2421,1692060,1472294
2026-06,2421,1855096,1563439
2026-07,2421,2119438,1609880
2026-08,2421,1974148,1566397
2026-01,2426,197221,198190
2026-02,2426,163166,191468
2026-03,2426,184760,215090
2026-04,2426,209493,231879
2026-05,2426,233364,226294
2026-06,2426,249133,208634
2026-07,2426,255443,187389
2026-08,2426,253312,182798
2026-01,2428,804324,656871
2026-02,2428,451215,521049
2026-03,2428,798392,717614
2026-04,2428,862401,722609
2026-05,2428,867735,668821
2026-06,2428,973436,663913
2026-07,2428,979022,659874
2026-08,2428,942587,623344
2026-01,2436,414463,258052
2026-02,2436,281734,257850
2026-03,2436,351534,279400
2026-04,2436,390486,299277
2026-05,2436,397043,314829
2026-06,2436,372126,314605
2026-07,2436,403610,282385
2026-08,2436,428927,324584
2026-01,2441,1601842,1216728
2026-02,2441,1471456,1236507
2026-03,2441,1649046,1443203
2026-04,2441,1664695,1470648
2026-05,2441,1744358,1442618
2026-06,2441,1874548,1407796
2026-07,2441,1998127,1410562
2026-08,2441,2043086,1438952
2026-01,2449,3369542,2384946
2026-02,2449,3224527,2286169
2026-03,2449,3597874,2644375
2026-04,2449,3743018,2781758
2026-05,2449,3776927,2764705
2026-06,2449,3621671,2815411
2026-07,2449,3990702,2918332
2026-08,2449,4080093,3100894
2026-01,2451,4760314,880546
2026-02,2451,3184337,919591
2026-03,2451,5683818,1182715
2026-04,2451,7449251,1072713
2026-05,2451,6297950,1105232
2026-06,2451,5068218,1052487
2026-07,2451,5195090,1274380
2026-08,2451,4837166,1288310
2026-01,2454,46977055,51144288
2026-02,2454,38954271,46171723
2026-03,2454,63219184,55996226
2026-04,2454,46736664,48754424
2026-05,2454,47434191,45180526
2026-06,2454,58011756,56433621
2026-07,2454,48474930,43220164
2026-08,2454,64183361,44546643
2026-01,2455,340323,261272
2026-02,2455,307741,265548
2026-03,2455,311246,266842
2026-04,2455,318595,231292
2026-05,2455,320785,218948
2026-06,2455,325993,263848
2026-07,2455,422106,290875
2026-08,2455,470904,275126
2026-01,2458,1067800,1043107
2026-02,2458,933925,1054451
2026-03,2458,1223041,1021326
2026-04,2458,1141258,1073381
2026-05,2458,1004277,969487
2026-06,2458,1059324,988850
2026-07,2458,878267,1011978
2026-08,2458,740683,1170557
2026-01,2464,590224,547287
2026-02,2464,622627,577653
2026-03,2464,652060,603949
2026-04,2464,654287,531564
2026-05,2464,701693,536332
2026-06,2464,812626,568069
2026-07,2464,862979,532373
2026-08,2464,928232,534364
2026-01,2466,66503,43032
2026-02,2466,34709,50314
2026-03,2466,58171,109955
2026-04,2466,70822,97291
2026-05,2466,45982,68889
2026-06,2466,119211,77900
2026-07,2466,194036,215166
2026-08,2466,224958,140672
2026-01,2467,993660,443394
2026-02,2467,374357,362558
2026-03,2467,893498,503137
2026-04,2467,891188,476618
2026-05,2467,1022228,585624
2026-06,2467,869119,447821
2026-07,2467,1167511,501669
2026-08,2467,865806,538685
2026-01,2472,1017318,867188
2026-02,2472,810013,806150
2026-03,2472,1115626,1020523
2026-04,2472,1195891,1044241
2026-05,2472,1209882,930985
2026-06,2472,1276360,936936
2026-07,2472,1327811,974676
2026-08,2472,1310529,866813
2026-01,2474,1482556,1369559
2026-02,2474,1090816,1384150
2026-03,2474,1200573,1595760
2026-04,2474,958623,1502191
2026-05,2474,917843,1775356
2026-06,2474,804738,1790965
2026-07,2474,1056467,1607762
2026-08,2474,1003130,1684730
2026-01,2478,503094,364631
2026-02,2478,350845,439727
2026-03,2478,561148,494285
2026-04,2478,542152,485870
2026-05,2478,544046,467096
2026-06,2478,624098,459694
2026-07,2478,660883,448100
2026-08,2478,636565,443191
2026-01,2481,1243266,1084083
2026-02,2481,935613,944895
2026-03,2481,1242276,1042728
2026-04,2481,1297399,1192869
2026-05,2481,1269313,1116743
2026-06,2481,1388856,1090442
2026-07,2481,1447660,1105266
2026-08,2481,1376881,1060614
2026-01,2484,211003,208873
2026-02,2484,146905,179267
2026-03,2484,200585,210191
2026-04,2484,233708,233632
2026-05,2484,214838,205150
2026-06,2484,207294,210235
2026-07,2484,235587,219967
2026-08,2484,227535,181898
2026-01,2486,558578,413962
2026-02,2486,446988,422741
2026-03,2486,614726,511759
2026-04,2486,667114,550591
2026-05,2486,693513,527889
2026-06,2486,701021,520374
2026-07,2486,739794,519097
2026-08,2486,777300,532145
2026-01,2489,1830450,1674034
2026-02,2489,1635699,1529174
2026-03,2489,2355352,2118712
2026-04,2489,2348232,2054886
2026-05,2489,2500299,2294309
2026-06,2489,2509581,2033192
2026-07,2489,2690629,2034613
2026-08,2489,2725433,2205299
2026-01,2492,3485568,2894858
2026-02,2492,2673730,2777229
2026-03,2492,3403151,3062399
2026-04,2492,3705150,3193018
2026-05,2492,3699917,3176437
2026-06,2492,3960936,3147542
2026-07,2492,4443982,3130662
2026-08,2492,4568665,3139068
2026-01,2493,318405,291030
2026-02,2493,312630,308765
2026-03,2493,306279,326466
2026-04,2493,300392,310025
2026-05,2493,371815,297670
2026-06,2493,406283,307656
2026-07,2493,397828,315914
2026-08,2493,402076,310834
2026-01,2498,160806,160737
2026-02,2498,158128,183706
2026-03,2498,333689,363869
2026-04,2498,151378,156797
2026-05,2498,170433,218558
2026-06,2498,292394,319657
2026-07,2498,178710,147448
2026-08,2498,246093,266660
2026-01,2542,4760744,184480
2026-02,2542,4238033,484513
2026-03,2542,7193130,439233
2026-04,2542,7166899,171553
2026-05,2542,4717918,213075
2026-06,2542,5160129,4430403
2026-07,2542,4808113,1621145
2026-08,2542,3024332,3822322
2026-01,2603,31898627,42247957
2026-02,2603,27138742,34233366
2026-03,2603,27522156,33517259
2026-04,2603,31359253,30004819
2026-05,2603,34656227,26372182
2026-06,2603,39141253,30109881
2026-07,2603,48079100,33605171
2026-08,2603,48985697,32956841
2026-01,2605,397771,319799
2026-02,2605,436531,232864
2026-03,2605,529767,393255
2026-04,2605,403239,426524
2026-05,2605,441836,381972
2026-06,2605,486412,320805
2026-07,2605,478915,351450
2026-08,2605,507861,319911
2026-01,2606,1287039,1206693
2026-02,2606,1137305,978469
2026-03,2606,1467421,1246855
2026-04,2606,1691302,1219668
2026-05,2606,1607321,1133699
2026-06,2606,1714892,1265404
2026-07,2606,1764365,1396539
2026-08,2606,1732266,1466083
2026-01,2609,13761884,17592891
2026-02,2609,12443461,14694473
2026-03,2609,12455154,13229338
2026-04,2609,14227637,12493271
2026-05,2609,15104168,12357888
2026-06,2609,16591195,13805564
2026-07,2609,20836075,15484403
2026-08,2609,21611483,13838365
2026-01,2610,17799268,19286393
2026-02,2610,18373146,16036848
2026-03,2610,20785205,17323657
2026-04,2610,20854472,17902039
2026-05,2610,21229729,16620578
2026-06,2610,21761004,16892792
2026-07,2610,22234995,17740055
2026-08,2610,21948463,17251904
2026-01,2615,12537769,14673027
2026-02,2615,10580264,10632585
2026-03,2615,10522352,11784582
2026-04,2615,12930770,11438066
2026-05,2615,13803844,11232022
2026-06,2615,16165884,12206246
2026-07,2615,18639594,12415675
2026-08,2615,19200015,11594593
2026-01,2618,19926175,20045167
2026-02,2618,19002061,16674983
2026-03,2618,21587609,18224008
2026-04,2618,21968792,18478245
2026-05,2618,22328735,18286172
2026-06,2618,23472175,18542817
2026-07,2618,22453631,18492913
2026-08,2618,22891065,18325120
2026-01,2634,2665608,2090536
2026-02,2634,2197862,2518392
2026-03,2634,2723620,2929892
2026-04,2634,2899371,2582823
2026-05,2634,3452471,2904549
2026-06,2634,2843931,2652170
2026-07,2634,3196727,2664256
2026-08,2634,3083175,2724794
2026-01,2637,1346075,1254441
2026-02,2637,1270929,978066
2026-03,2637,1723874,1277820
2026-04,2637,1645848,1357569
2026-05,2637,1817170,1245787
2026-06,2637,1877838,1189114
2026-07,2637,2097738,1342853
2026-08,2637,2013191,1491654
2026-01,2801,4258685,3593878
2026-02,2801,3752140,3594555
2026-03,2801,4394752,3552782
2026-04,2801,4178018,3840213
2026-05,2801,4429838,3555455
2026-06,2801,4815653,4397290
2026-07,2801,4787242,4469258
2026-08,2801,4605752,3802190
2026-01,2834,3290524,3062536
2026-02,2834,2495404,2616435
2026-03,2834,3059514,2918922
2026-04,2834,3100269,2927588
2026-05,2834,3238262,2642991
2026-06,2834,3344443,3624173
2026-07,2834,3624795,3071955
2026-08,2834,3427855,3150082
2026-01,2855,3259312,688353
2026-02,2855,2096483,652377
2026-03,2855,131214,388194
2026-04,2855,4443710,403189
2026-05,2855,4391495,831039
2026-06,2855,3222698,1077759
2026-07,2855,1689247,1412396
2026-08,2855,3758199,1790668
2026-01,2880,6839814,5979487
2026-02,2880,5516626,5292637
2026-03,2880,6369448,5411667
2026-04,2880,7232756,4920609
2026-05,2880,7272247,4594027
2026-06,2880,7496825,6167153
2026-07,2880,7755428,7449185
2026-08,2880,7109220,6335474
2026-01,2881,23880545,39875193
2026-02,2881,29373464,38131515
2026-03,2881,13238212,31106543
2026-06,2881,22157770,30969325
2026-07,2881,10661000,31613208
2026-08,2881,40550573,57387331
2026-01,2882,26002151,36023562
2026-02,2882,26123903,37653183
2026-03,2882,19897630,32059956
2026-04,2882,30515220,6634755
2026-05,2882,25059074,19449037
2026-07,2882,25135906,36892402
2026-08,2882,29486864,46429024
2026-01,2883,8752466,6824318
2026-02,2883,9367975,9640045
2026-03,2883,5446126,10854972
2026-04,2883,13466790,1487116
2026-06,2883,13403740,14290190
2026-08,2883,13671344,8612345
2026-01,2884,9245634,6579740
2026-02,2884,7478992,7190893
2026-03,2884,8441262,7660359
2026-04,2884,10046680,6796637
2026-05,2884,9259083,7421724
2026-06,2884,9363120,7472291
2026-07,2884,8761315,8364381
2026-08,2884,9839301,8248345
2026-01,2885,17771233,10682579
2026-02,2885,13315992,10374258
2026-03,2885,12421394,10168743
2026-04,2885,17253767,7604152
2026-05,2885,21261028,6495505
2026-06,2885,19576361,9654722
2026-07,2885,17560416,10817423
2026-08,2885,19585535,11844543
2026-01,2886,8155833,6792090
2026-02,2886,6460103,6700972
2026-03,2886,6152506,5369180
2026-04,2886,9055059,5670750
2026-05,2886,8373125,6848958
2026-06,2886,8095929,8138314
2026-07,2886,8644030,8493625
2026-08,2886,7795912,6893028
2026-01,2887,18773450,8624919
2026-02,2887,16283678,8527816
2026-03,2887,12937979,7712323
2026-04,2887,17221187,7332723
2026-05,2887,14843474,6812692
2026-06,2887,17736690,5943799
2026-07,2887,18052275,10072234
2026-08,2887,15781347,15707310
2026-01,2890,10779103,6947680
2026-02,2890,7019061,6195777
2026-03,2890,8362826,5549268
2026-04,2890,9512201,5076960
2026-05,2890,9977463,5461358
2026-06,2890,9682886,6414943
2026-07,2890,9954051,6579115
2026-08,2890,10051148,6723944
2026-01,2891,25856645,21736320
2026-02,2891,20907830,20663628
2026-03,2891,13095003,19051880
2026-04,2891,19691968,10151417
2026-05,2891,19217919,10914486
2026-06,2891,19828138,26892657
2026-07,2891,18046269,10546858
2026-08,2891,24401509,25028996
2026-01,2892,6995405,6116352
2026-02,2892,5959029,6356265
2026-03,2892,6345049,5795332
2026-04,2892,7321915,5649624
2026-05,2892,7305350,5755804
2026-06,2892,7231164,6893696
2026-07,2892,7765813,7536385
2026-08,2892,7582281,7132908
2026-01,2912,30727739,30573457
2026-02,2912,28039116,25704701
2026-03,2912,29760759,28363161
2026-04,2912,29913625,28521079
2026-05,2912,31643252,30058109
2026-06,2912,30618898,28800511
2026-07,2912,32199895,29683217
2026-08,2912,31526751,30077681
2026-01,3006,2146214,935504
2026-02,3006,2094881,917212
2026-03,3006,3025805,1050219
2026-04,3006,4634223,1031627
2026-05,3006,4466516,1125618
2026-06,3006,4845479,1131185
2026-07,3006,6784662,1147877
2026-08,3006,7904796,1120861
2026-01,3008,5498867,4947585
2026-02,3008,4613227,4734719
2026-03,3008,5419732,4892942
2026-04,3008,5362271,4374813
2026-05,3008,4592691,3238222
2026-06,3008,3712024,4145868
2026-07,3008,4877118,5413207
2026-08,3008,5011942,5968004
2026-01,3013,1229129,819849
2026-02,3013,516374,746546
2026-03,3013,1177608,836112
2026-04,3013,1321325,939344
2026-05,3013,1005975,989060
2026-06,3013,887491,701502
2026-07,3013,824611,624077
2026-08,3013,939933,807624
2026-01,3014,719294,672137
2026-02,3014,460808,535572
2026-03,3014,553950,514601
2026-04,3014,629131,656750
2026-05,3014,593458,646779
2026-06,3014,612837,619779
2026-07,3014,642451,590691
2026-08,3014,630570,598669
2026-01,3016,345675,291054
2026-02,3016,334022,290779
2026-03,3016,379287,315191
2026-04,3016,426660,321163
2026-05,3016,433764,315964
2026-06,3016,448219,317508
2026-07,3016,482058,318333
2026-08,3016,506698,321129
2026-01,3017,17003457,6801065
2026-02,3017,14017320,8022033
2026-03,3017,18017169,8509853
2026-04,3017,15631449,9108166
2026-05,3017,15871396,9880100
2026-06,3017,17618119,10606243
2026-07,3017,18590152,11811435
2026-08,3017,19481068,12622156
2026-01,3019,2273383,1826786
2026-02,3019,1709627,1600346
2026-03,3019,2226321,1981911
2026-04,3019,2490022,2074573
2026-05,3019,2624000,2257344
2026-06,3019,2914024,2575623
2026-07,3019,2467266,2149057
2026-08,3019,2843905,2466783
2026-02,3023,2610241,2760145
2026-03,3023,2906066,2702130
2026-04,3023,2959788,2574473
2026-05,3023,3010681,2561717
2026-06,3023,3092706,2630181
2026-07,3023,3167179,2455710
2026-08,3023,3280576,2476462
2026-09,3023,3348769,2668159
2026-01,3026,1310074,1070808
2026-02,3026,1018586,1042531
2026-03,3026,1289891,1288445
2026-04,3026,1427465,1178544
2026-05,3026,1291187,1064074
2026-06,3026,1378433,1033716
2026-07,3026,1500937,1095188
2026-08,3026,1439761,1080751
2026-02,3030,754655,604032
2026-03,3030,793160,691416
2026-04,3030,1112168,684370
2026-05,3030,1070802,933199
2026-06,3030,763581,760276
2026-07,3030,1033409,747841
2026-08,3030,997357,756253
2026-09,3030,868016,563585
2026-01,3031,108455,82562
2026-02,3031,55357,67489
2026-03,3031,121481,99025
2026-04,3031,123453,104804
2026-05,3031,119006,89999
2026-06,3031,114719,90304
2026-07,3031,123461,85654
2026-08,3031,118780,92927
2026-01,3034,7617321,8480869
2026-02,3034,7059376,9267233
2026-03,3034,8468607,9372100
2026-04,3034,9225016,9119463
2026-05,3034,9412486,8607337
2026-06,3034,10022596,8425263
2026-07,3034,10296332,8120418
2026-08,3034,10327444,8174953
2026-01,3035,785062,1118120
2026-02,3035,736933,2836864
2026-03,3035,1066507,3482593
2026-04,3035,967008,1700007
2026-05,3035,929698,1692458
2026-06,3035,1416828,1119392
2026-07,3035,1062105,965824
2026-08,3035,1183747,911390
2026-01,3036,195746933,77779195
2026-02,3036,104424711,80963181
2026-03,3036,194101276,88682081
2026-04,3036,211019731,118088535
2026-05,3036,197924567,78326329
2026-06,3036,181749400,63088486
2026-07,3036,182965655,93900316
2026-08,3036,198383815,100086220
2026-01,3037,12766959,9493871
2026-02,3037,11600477,9985276
2026-03,3037,13079019,10610385
2026-04,3037,13932815,10915988
2026-05,3037,14059973,10621322
2026-06,3037,14897030,10928735
2026-07,3037,16253637,11311474
2026-08,3037,17745519,11356606
2026-01,3042,1216703,1141675
2026-02,3042,1014184,945135
2026-03,3042,1108321,1079620
2026-04,3042,1288708,1270724
2026-05,3042,1217159,1101546
2026-06,3042,1192921,994290
2026-07,3042,1365597,1111018
2026-08,3042,1414665,1145692
2026-01,3044,7748933,5915996
2026-02,3044,5897587,5328626
2026-03,3044,7317712,5883129
2026-04,3044,8201133,6362585
2026-05,3044,8654212,5904523
2026-06,3044,8002054,5636344
2026-07,3044,9821875,6274073
2026-08,3044,10224358,6178608
2026-01,3045,17145458,16461916
2026-02,3045,15523555,15528063
2026-03,3045,17109290,16177374
2026-04,3045,15669304,15393306
2026-05,3045,16440683,15823032
2026-06,3045,17322389,16254677
2026-07,3045,16171068,15092708
2026-08,3045,16782864,15468138
2026-01,3055,48523,33605
2026-02,3055,8167,9947
2026-03,3055,27380,22946
2026-04,3055,126141,28910
2026-05,3055,22516,90744
2026-06,3055,13780,86404
2026-07,3055,41697,15246
2026-08,3055,47561,22840
2026-01,3081,270770,121540
2026-02,3081,290300,151644
2026-03,3081,343319,181318
2026-04,3081,395349,183555
2026-05,3081,405322,185217
2026-06,3081,420507,184322
2026-07,3081,501210,181246
2026-08,3081,520469,185285
2026-01,3090,1606884,1421319
2026-02,3090,1324902,1210670
2026-03,3090,1560605,1163684
2026-04,3090,1843306,1438472
2026-05,3090,1629431,1357910
2026-06,3090,1681036,1269905
2026-07,3090,2095232,1257487
2026-08,3090,1912802,1381595
2026-01,3094,16085,16650
2026-02,3094,14622,16314
2026-03,3094,16498,18628
2026-04,3094,19531,16041
2026-05,3094,19740,16945
2026-06,3094,24418,14026
2026-07,3094,21836,16526
2026-08,3094,20698,15896
2026-01,3105,1467701,1177334
2026-02,3105,1473703,1170381
2026-03,3105,1648656,1228088
2026-04,3105,1734086,1164676
2026-05,3105,1755488,1251261
2026-06,3105,1767694,1364461
2026-07,3105,1892049,1442357
2026-08,3105,1937397,1484003
2026-01,3131,526758,371041
2026-02,3131,580768,382546
2026-03,3131,488837,487227
2026-04,3131,536413,560865
2026-05,3131,559081,521676
2026-06,3131,631051,547720
2026-07,3131,792895,556771
2026-08,3131,681351,475316
2026-01,3147,1411601,460388
2026-02,3147,740569,1304802
2026-03,3147,832188,1384986
2026-04,3147,1093294,575203
2026-05,3147,3023389,331350
2026-06,3147,1754637,403805
2026-07,3147,1565626,720023
2026-08,3147,1535454,460436
2026-01,3163,234703,158704
2026-02,3163,173919,165097
2026-03,3163,247473,200110
2026-04,3163,199142,170936
2026-05,3163,211521,162745
2026-06,3163,181188,204803
2026-07,3163,210064,163280
2026-08,3163,205091,186973
2026-01,3167,601545,273970
2026-02,3167,571184,256117
2026-03,3167,773478,313349
2026-04,3167,862675,402685
2026-05,3167,955547,433806
2026-06,3167,1040999,434357
2026-07,3167,1146916,453557
2026-08,3167,1219982,482247
2026-01,3189,3961154,2556530
2026-02,3189,3204487,2913173
2026-03,3189,3939324,3150041
2026-04,3189,4072319,3212841
2026-05,3189,4199867,3157305
2026-06,3189,4224069,3193580
2026-07,3189,4548833,3348367
2026-08,3189,4809631,3421382
2026-01,3211,1005478,660443
2026-02,3211,870906,869906
2026-03,3211,1468139,832598
2026-04,3211,1060190,893861
2026-05,3211,1163028,1304195
2026-06,3211,1268072,1051171
2026-07,3211,1228732,1016461
2026-08,3211,1676806,1429009
2026-01,3231,228366631,90786162
2026-02,3231,284893080,102714136
2026-03,3231,333043315,152984771
2026-04,3231,283437176,133703546
2026-05,3231,290183471,208405603
2026-06,3231,321821969,209182302
2026-07,3231,308219198,191725748
2026-08,3231,460065063,172642595
2026-01,3234,67713,65710
2026-02,3234,50766,69730
2026-03,3234,64206,70679
2026-04,3234,62453,55673
2026-05,3234,57152,50426
2026-06,3234,76706,47117
2026-07,3234,96043,48767
2026-08,3234,108640,51702
2026-01,3260,8411537,2813961
2026-02,3260,7163670,3342809
2026-03,3260,10536851,3743335
2026-04,3260,10555559,3916617
2026-05,3260,12942597,4169173
2026-06,3260,14661310,4698271
2026-07,3260,18379079,4261406
2026-08,3260,18925261,4982863
2026-01,3264,1300609,1063717
2026-02,3264,1261313,1029880
2026-03,3264,1421480,1119130
2026-04,3264,1463816,1145450
2026-05,3264,1517840,1141608
2026-06,3264,1552011,1136509
2026-07,3264,1766652,1160261
2026-08,3264,1794449,1224270
2026-01,3293,1987806,1750233
2026-02,3293,2083578,1747288
2026-03,3293,2193286,1861721
2026-04,3293,2123253,1850564
2026-05,3293,2123837,1897035
2026-06,3293,2166407,1848796
2026-07,3293,2228833,1770942
2026-08,3293,2268408,1817575
2026-01,3317,272576,228491
2026-02,3317,185832,179195
2026-03,3317,249784,221928
2026-04,3317,264771,238932
2026-05,3317,213901,246083
2026-06,3317,247597,213326
2026-07,3317,235344,218738
2026-08,3317,165616,228666
2026-01,3324,3041929,1372849
2026-02,3324,2178371,1304802
2026-03,3324,3329237,1736460
2026-04,3324,2842339,2017328
2026-05,3324,3138892,1620073
2026-06,3324,2718035,1676452
2026-07,3324,3765466,1737663
2026-08,3324,3141249,1878969
2026-01,3363,136682,153267
2026-02,3363,128013,100272
2026-03,3363,117274,157864
2026-04,3363,127943,204069
2026-05,3363,143800,191237
2026-06,3363,157445,186770
2026-07,3363,170843,152411
2026-08,3363,204482,180642
2026-01,3374,651321,446712
2026-02,3374,562897,486436
2026-03,3374,699498,612263
2026-04,3374,723821,576113
2026-05,3374,696852,486224
2026-06,3374,764006,474514
2026-07,3374,860894,657350
2026-08,3374,908948,664725
2026-01,3376,870865,1051888
2026-02,3376,676266,862540
2026-03,3376,805570,891105
2026-04,3376,907189,1008236
2026-05,3376,802260,963549
2026-06,3376,921919,968015
2026-07,3376,811285,904030
2026-08,3376,830265,922593
2026-01,3406,2514794,2038413
2026-02,3406,1461282,1389856
2026-03,3406,2164171,1893079
2026-04,3406,2314440,1854372
2026-05,3406,1628911,1250699
2026-06,3406,1739246,1664213
2026-07,3406,2422368,2383597
2026-08,3406,2719294,2699823
2026-01,3443,4235842,2038665
2026-02,3443,3351500,2092746
2026-03,3443,3860470,2892233
2026-04,3443,4294033,1671800
2026-05,3443,4674012,2013507
2026-06,3443,4928512,2419270
2026-07,3443,5769170,2232812
2026-08,3443,5840094,2767549
2026-01,3450,751552,821579
2026-02,3450,607616,958464
2026-03,3450,727713,977959
2026-04,3450,877785,603299
2026-05,3450,960221,640520
2026-06,3450,1138635,605082
2026-07,3450,1218533,615415
2026-08,3450,1247981,594962
2026-01,3455,62153,67467
2026-02,3455,50371,84569
2026-03,3455,34650,211021
2026-04,3455,125160,128383
2026-05,3455,146407,128470
2026-06,3455,83971,119990
2026-07,3455,149552,165024
2026-08,3455,206308,168512
2026-01,3481,22139342,18662677
2026-02,3481,19540242,18504351
2026-03,3481,24976861,18765253
2026-04,3481,21237435,18996970
2026-05,3481,20647675,18723709
2026-06,3481,21703413,18510718
2026-07,3481,18890249,19264800
2026-08,3481,18696603,18692317
2026-01,3491,369392,173782
2026-02,3491,321988,205011
2026-03,3491,328775,241306
2026-04,3491,349053,189709
2026-05,3491,296253,188413
2026-06,3491,256723,135563
2026-07,3491,230139,126439
2026-08,3491,321180,166254
2026-01,3498,97333,75940
2026-02,3498,77675,35979
2026-03,3498,75810,29504
2026-04,3498,341953,143785
2026-05,3498,158419,94810
2026-06,3498,321521,213367
2026-07,3498,429406,52845
2026-08,3498,359366,84349
2026-01,3518,28815,20738
2026-02,3518,13846,21038
2026-03,3518,19282,32274
2026-04,3518,18036,29219
2026-05,3518,18495,27311
2026-06,3518,15971,27709
2026-07,3518,23271,27793
2026-08,3518,22709,27990
2026-01,3529,667012,545007
2026-02,3529,305812,273771
2026-03,3529,121169,92956
2026-04,3529,613115,542896
2026-05,3529,305058,272282
2026-06,3529,178454,121357
2026-07,3529,675856,546080
2026-08,3529,356928,249996
2026-01,3532,1115282,914522
2026-02,3532,1000930,1039797
2026-03,3532,1192555,1030059
2026-04,3532,1168448,1024677
2026-05,3532,1217609,978557
2026-06,3532,1224081,989472
2026-07,3532,1303041,1011902
2026-08,3532,1331863,1030234
2026-01,3533,3520081,2677630
2026-02,3533,2320003,2208096
2026-03,3533,3543998,2871847
2026-04,3533,3391879,2944026
2026-05,3533,3041077,2790516
2026-06,3533,3094216,2638865
2026-07,3533,3368915,2840496
2026-08,3533,3198344,2674635
2026-01,3563,240058,215365
2026-02,3563,285091,271747
2026-03,3563,338514,304683
2026-04,3563,343253,330858
2026-05,3563,349020,331943
2026-06,3563,355108,307142
2026-07,3563,359659,272791
2026-08,3563,361158,266188
2026-01,3576,119904,219497
2026-02,3576,136090,308888
2026-03,3576,264035,450473
2026-04,3576,225401,220524
2026-05,3576,324464,254230
2026-06,3576,208221,230093
2026-07,3576,307968,178275
2026-08,3576,244757,281434
2026-01,3605,1058355,898260
2026-02,3605,781391,729069
2026-03,3605,981796,949951
2026-04,3605,1124603,965250
2026-05,3605,1108233,960867
2026-06,3605,1117512,860900
2026-07,3605,1154175,889148
2026-08,3605,1097137,935790
2026-01,3624,242266,188621
2026-02,3624,200251,211750
2026-03,3624,285463,218624
2026-04,3624,282455,233495
2026-05,3624,290379,221946
2026-06,3624,322085,250214
2026-07,3624,351605,245426
2026-08,3624,367119,221475
2026-01,3645,173437,193370
2026-02,3645,161746,176773
2026-03,3645,228955,184872
2026-04,3645,237109,203647
2026-05,3645,225738,226559
2026-06,3645,217714,211991
2026-07,3645,140604,208522
2026-08,3645,184726,207467
2026-01,3653,1873115,1447188
2026-02,3653,1268426,1484756
2026-03,3653,2163675,1820358
2026-04,3653,2311149,1820971
2026-05,3653,2313449,1679474
2026-06,3653,2649918,1680959
2026-07,3653,3213171,1682644
2026-08,3653,3225888,1689803
2026-01,3661,1432291,3260546
2026-02,3661,826686,3606459
2026-03,3661,1933218,3618515
2026-04,3661,2132653,3150721
2026-05,3661,1935098,2907751
2026-06,3661,3572404,3095838
2026-07,3661,7433152,2637889
2026-08,3661,8776286,2349049
2026-01,3665,7455820,5555836
2026-02,3665,6387852,5001880
2026-03,3665,7013696,5738989
2026-04,3665,7382955,6228086
2026-05,3665,7352121,5201409
2026-06,3665,8518109,5200632
2026-07,3665,9630165,6034282
2026-08,3665,8891805,5774218
2026-01,3675,220986,202349
2026-02,3675,225584,211375
2026-03,3675,238028,211536
2026-04,3675,253869,213157
2026-05,3675,267072,214657
2026-06,3675,279963,215370
2026-07,3675,291073,224287
2026-08,3675,300057,228170
2026-01,3680,633937,389541
2026-02,3680,569794,456411
2026-03,3680,660536,862695
2026-04,3680,885957,580044
2026-05,3680,677726,584452
2026-06,3680,752110,545299
2026-07,3680,870996,507298
2026-08,3680,839771,560069
2026-01,3693,480138,781024
2026-02,3693,391362,767250
2026-03,3693,682838,908244
2026-04,3693,718177,648209
2026-05,3693,663707,531749
2026-06,3693,1160269,663085
2026-07,3693,1224872,492057
2026-08,3693,1266730,467403
2026-01,3702,95168057,65828049
2026-02,3702,79683932,72838266
2026-03,3702,141648494,110167665
2026-04,3702,127337859,91784612
2026-05,3702,138023979,75461393
2026-06,3702,192916333,83205886
2026-07,3702,146095597,76556706
2026-08,3702,142237739,78819858
2026-01,3706,10266946,7642076
2026-02,3706,9440329,7532350
2026-03,3706,12156647,8490733
2026-04,3706,11633086,8821467
2026-05,3706,13638501,9134910
2026-06,3706,15682685,8667797
2026-07,3706,12833645,8571058
2026-08,3706,13557215,6165360
2026-01,3707,503798,403111
2026-02,3707,488131,430447
2026-03,3707,542801,443759
2026-04,3707,584544,446198
2026-05,3707,590343,461307
2026-06,3707,620211,477602
2026-07,3707,647766,496088
2026-08,3707,659489,509097
2026-01,3711,59988631,49444261
2026-02,3711,52096847,44960788
2026-03,3711,61576674,53748213
2026-04,3711,62247107,52210767
2026-05,3711,63033313,49026935
2026-06,3711,65783102,49512621
2026-07,3711,73783701,51542033
2026-08,3711,82247374,56465628
2026-01,3714,1889232,1843712
2026-02,3714,1464736,1764878
2026-03,3714,1891516,2023165
2026-04,3714,2100067,2014063
2026-05,3714,2089663,1932732
2026-06,3714,2133834,1793544
2026-07,3714,2388026,1911669
2026-08,3714,2171584,1901002
2026-01,3715,1861523,1710666
2026-02,3715,1620477,1316587
2026-03,3715,2154370,1518153
2026-04,3715,2065738,1574254
2026-05,3715,2516224,1487887
2026-06,3715,2289779,1573915
2026-07,3715,2531248,1492035
2026-08,3715,2932061,1593853
2026-08,3717,505042,459099
2026-01,4566,507793,446931
2026-02,4566,379804,390743
2026-03,4566,466952,414675
2026-04,4566,481190,456001
2026-05,4566,456478,415167
2026-06,4566,529998,367067
2026-07,4566,554718,420535
2026-08,4566,595992,387139
2026-01,4749,366958,315982
2026-02,4749,445762,316978
2026-03,4749,432973,326356
2026-04,4749,352635,402516
2026-05,4749,425602,385455
2026-06,4749,454490,364727
2026-07,4749,414991,338679
2026-08,4749,484959,341633
2026-01,4763,984780,1205278
2026-02,4763,749568,1431716
2026-03,4763,977066,1517287
2026-04,4763,877660,1500845
2026-05,4763,952051,1231505
2026-06,4763,1013200,1127103
2026-07,4763,1058745,801747
2026-08,4763,1039878,860662
2026-01,4770,364454,241121
2026-02,4770,207263,300636
2026-03,4770,486888,424093
2026-04,4770,487039,337250
2026-05,4770,347267,469738
2026-06,4770,470234,505339
2026-07,4770,526548,356449
2026-08,4770,492005,697874
2026-01,4908,97096,58183
2026-02,4908,77587,68455
2026-03,4908,90760,85649
2026-04,4908,74046,70507
2026-05,4908,90035,65022
2026-06,4908,91180,70289
2026-07,4908,98660,65066
2026-08,4908,97202,75390
2026-01,4919,2464157,2451397
2026-02,4919,2384376,2571200
2026-03,4919,3139388,3341893
2026-04,4919,2517624,2478243
2026-05,4919,2712656,2657178
2026-06,4919,2711218,2680181
2026-07,4919,2566187,2377791
2026-08,4919,2525998,2253395
2026-01,4931,289976,203791
2026-02,4931,218293,244736
2026-03,4931,283109,207984
2026-04,4931,302908,153462
2026-05,4931,415943,149274
2026-06,4931,394409,160926
2026-07,4931,449435,173180
2026-08,4931,495100,219200
2026-01,4938,92158230,105321840
2026-02,4938,67982207,82478016
2026-03,4938,83964774,84630395
2026-04,4938,87189236,102871394
2026-05,4938,95962959,85685084
2026-06,4938,91295615,78771196
2026-07,4938,86015154,77103455
2026-08,4938,88304931,65843721
2026-01,4939,129684,109117
2026-02,4939,67743,106936
2026-03,4939,116999,119256
2026-04,4939,142021,130840
2026-05,4939,141639,116869
2026-06,4939,151160,104838
2026-07,4939,168175,122979
2026-08,4939,173881,119581
2026-01,4956,124577,86271
2026-02,4956,95245,101527
2026-03,4956,140934,125167
2026-04,4956,125114,107437
2026-05,4956,124094,125256
2026-06,4956,113578,114530
2026-07,4956,120161,119271
2026-08,4956,106246,126393
2026-01,4958,13564440,13469283
2026-02,4958,11720507,12204459
2026-03,4958,15443239,14408131
2026-04,4958,15196261,13589057
2026-05,4958,16201199,11791323
2026-06,4958,17033197,12823095
2026-07,4958,17600546,13352388
2026-08,4958,20666117,14651388
2026-01,4967,3489648,1640416
2026-02,4967,1152052,1480527
2026-03,4967,4915564,2229355
2026-04,4967,2014775,1128007
2026-05,4967,2555598,1202149
2026-06,4967,3018031,2235640
2026-07,4967,2544932,1280473
2026-08,4967,3513003,936659
2026-01,4971,111469,98422
2026-02,4971,111253,77730
2026-03,4971,109437,94314
2026-04,4971,106295,84873
2026-05,4971,78037,77210
2026-06,4971,71880,76682
2026-07,4971,105081,75246
2026-08,4971,106034,79705
2026-01,4979,412324,325106
2026-02,4979,329586,366068
2026-03,4979,451568,375732
2026-04,4979,412778,383150
2026-05,4979,421247,347922
2026-06,4979,455083,356414
2026-07,4979,508777,388346
2026-08,4979,545866,397141
2026-01,4991,220658,86200
2026-02,4991,157084,145822
2026-03,4991,338030,241498
2026-04,4991,243926,145261
2026-05,4991,200253,129723
2026-06,4991,326169,210345
2026-07,4991,145446,156272
2026-08,4991,262258,180101
2026-01,5269,1346617,850600
2026-02,5269,892868,758911
2026-03,5269,1258478,899626
2026-04,5269,958731,1162765
2026-05,5269,896666,1112494
2026-06,5269,867194,1117633
2026-07,5269,783204,1263048
2026-08,5269,882349,1307339
2026-01,5274,900364,700869
2026-02,5274,1010964,609219
2026-03,5274,1235429,755030
2026-04,5274,1279040,704344
2026-05,5274,1282174,759860
2026-06,5274,1310195,782343
2026-07,5274,1524018,771292
2026-08,5274,1625937,744425
2026-01,5289,3331472,818323
2026-02,5289,4178683,830404
2026-03,5289,5672453,970015
2026-04,5289,6670833,976538
2026-05,5289,7564591,1021135
2026-06,5289,8207987,1030756
2026-07,5289,8494810,1153358
2026-08,5289,8680123,1283486
2026-01,5347,4011598,3388946
2026-02,5347,3579319,3955279
2026-03,5347,4940712,4605106
2026-04,5347,4026468,3674525
2026-05,5347,4241870,3550424
2026-06,5347,5976507,4474372
2026-07,5347,4705722,3612796
2026-08,5347,5092599,3625233
2026-01,5351,763717,194975
2026-02,5351,869173,211483
2026-03,5351,1102522,220672
2026-04,5351,1333096,257821
2026-05,5351,1663061,235734
2026-06,5351,1902529,251167
2026-07,5351,2125060,307609
2026-08,5351,2260221,361453
2026-01,5425,1465010,1433990
2026-02,5425,1322227,1482046
2026-03,5425,1604058,1597367
2026-04,5425,1641686,1600012
2026-05,5425,1767220,1580672
2026-06,5425,1670280,1525993
2026-07,5425,1730537,1394632
2026-08,5425,1714148,1400066
2026-01,5475,100403,49771
2026-02,5475,81744,49545
2026-03,5475,138614,67590
2026-04,5475,158740,71962
2026-05,5475,180720,57379
2026-06,5475,174251,66999
2026-07,5475,229336,62999
2026-08,5475,254708,68492
2026-01,5483,5897140,5971668
2026-02,5483,6112750,6650082
2026-03,5483,7371903,6751498
2026-04,5483,6699351,6716811
2026-05,5483,6713365,6353026
2026-06,5483,7706634,7161316
2026-07,5483,6997671,5478882
2026-08,5483,6716682,6014229
2026-01,5536,3666241,2641579
2026-02,5536,2744753,2671767
2026-03,5536,5192188,3242677
2026-04,5536,4088049,3549566
2026-05,5536,4518885,3535929
2026-06,5536,4774283,3822387
2026-07,5536,3885491,3757320
2026-08,5536,4878663,3375272
2026-01,5871,8079941,8263041
2026-02,5871,7503416,7780878
2026-03,5871,8414886,8662591
2026-04,5871,7950143,8269896
2026-05,5871,8371058,8263678
2026-06,5871,7975156,8040760
2026-07,5871,8463270,7922682
2026-08,5871,8169021,8225178
2026-01,5880,5365877,5665510
2026-02,5880,5202882,5315278
2026-03,5880,5345553,6319737
2026-04,5880,6093827,5337022
2026-05,5880,6305060,5366677
2026-06,5880,6519116,7497013
2026-07,5880,7009749,6594738
2026-08,5880,6278514,6320855
2026-01,5904,2374904,2419796
2026-02,5904,2413523,1964276
2026-03,5904,2306230,1911856
2026-04,5904,2247875,1926559
2026-05,5904,2438847,2045353
2026-06,5904,2245600,2072473
2026-07,5904,2471748,2073318
2026-08,5904,2465114,2234511
2026-01,6116,1054894,942638
2026-02,6116,857851,955211
2026-03,6116,1102665,1001884
2026-04,6116,1034587,1006010
2026-05,6116,960203,1068558
2026-06,6116,1075129,926988
2026-07,6116,871970,900233
2026-08,6116,934086,864874
2026-01,6139,6563074,3497783
2026-02,6139,5443622,3000867
2026-03,6139,8341790,5657321
2026-04,6139,8535655,5003537
2026-05,6139,8587728,4224927
2026-06,6139,8485183,5668181
2026-07,6139,10928616,6734408
2026-08,6139,11018647,7776731
2026-01,6147,1962425,1644773
2026-02,6147,1758645,1672234
2026-03,6147,2034617,1825530
2026-04,6147,2185380,1760321
2026-05,6147,2158094,1811946
2026-06,6147,2288255,1800906
2026-07,6147,2522679,1812553
2026-08,6147,2619692,1824147
2026-01,6166,1041731,727717
2026-02,6166,971954,836765
2026-03,6166,1430156,1110705
2026-04,6166,1510756,925910
2026-05,6166,1440425,802647
2026-06,6166,1508267,1198081
2026-07,6166,1426503,1032558
2026-08,6166,1528587,1033987
2026-01,6168,164060,150750
2026-02,6168,162058,139655
2026-03,6168,174596,176247
2026-04,6168,192682,175001
2026-05,6168,182082,176302
2026-06,6168,203955,191101
2026-07,6168,205558,182312
2026-08,6168,221377,186786
2026-01,6173,344358,301538
2026-02,6173,303212,310767
2026-03,6173,370763,328998
2026-04,6173,419113,348210
2026-05,6173,458466,364944
2026-06,6173,503868,390341
2026-07,6173,537222,363319
2026-08,6173,551669,357611
2026-01,6182,852700,717396
2026-02,6182,740530,752314
2026-03,6182,888445,819812
2026-04,6182,865025,839795
2026-05,6182,889185,794368
2026-06,6182,966318,846838
2026-07,6182,994362,836314
2026-08,6182,1004466,837265
2026-01,6187,390794,368035
2026-02,6187,489587,423229
2026-03,6187,531063,444081
2026-04,6187,613353,486261
2026-05,6187,728869,506957
2026-06,6187,1012415,541219
2026-07,6187,1054680,608083
2026-08,6187,1108737,546012
2026-01,6196,4710991,4687375
2026-02,6196,4165780,3950860
2026-03,6196,5431773,4622516
2026-04,6196,6629812,4530512
2026-05,6196,6973777,4229294
2026-06,6196,7595991,3437180
2026-07,6196,7518568,3733987
2026-08,6196,7219605,3926133
2026-01,6197,770199,588547
2026-02,6197,537261,446516
2026-03,6197,718597,639635
2026-04,6197,807360,767036
2026-05,6197,808198,570051
2026-06,6197,894976,616318
2026-07,6197,834706,724021
2026-08,6197,842399,672058
2026-01,6199,52592,7917
2026-02,6199,43155,6277
2026-03,6199,180918,7605
2026-04,6199,61922,10037
2026-05,6199,67601,8203
2026-06,6199,76358,13234
2026-07,6199,77561,18629
2026-08,6199,82949,30530
2026-01,6207,60501,66633
2026-02,6207,55061,75389
2026-03,6207,157466,137789
2026-04,6207,126657,122251
2026-05,6207,117989,90916
2026-06,6207,85555,87759
2026-07,6207,112882,106182
2026-08,6207,137881,101526
2026-01,6209,444471,286020
2026-02,6209,276011,247564
2026-03,6209,437865,249371
2026-04,6209,414771,248543
2026-05,6209,408564,239407
2026-06,6209,432643,249640
2026-07,6209,524235,271404
2026-08,6209,556720,269254
2026-01,6213,3163692,2224926
2026-02,6213,2609875,2394235
2026-03,6213,3369504,2960905
2026-04,6213,3513470,3087946
2026-05,6213,3802864,2940967
2026-06,6213,4213673,2848231
2026-07,6213,4749174,2412223
2026-08,6213,5044034,2548408
2026-01,6217,421135,270409
2026-02,6217,298910,209119
2026-03,6217,358679,310764
2026-04,6217,358883,293580
2026-05,6217,405545,268257
2026-06,6217,429066,298152
2026-07,6217,421657,329937
2026-08,6217,419111,340747
2026-01,6223,1227414,922477
2026-02,6223,1316494,904561
2026-03,6223,1388492,1001659
2026-04,6223,1485961,973788
2026-05,6223,1907342,1208609
2026-06,6223,1832915,1110389
2026-07,6223,1805362,1084331
2026-08,6223,2048171,1205695
2026-01,6239,7242567,5063233
2026-02,6239,6699962,4976445
2026-03,6239,7371638,5454258
2026-04,6239,7575240,5717494
2026-05,6239,7917615,6079509
2026-06,6239,7622977,6263023
2026-07,6239,8270133,6392589
2026-08,6239,8557545,6875752
2026-01,6257,1826693,1609688
2026-02,6257,1609154,1483705
2026-03,6257,1857929,1591418
2026-04,6257,1945727,1562380
2026-05,6257,1976452,1597683
2026-06,6257,1958518,1618665
2026-07,6257,2014186,1590738
2026-08,6257,2068935,1609013
2026-01,6271,952120,905001
2026-02,6271,871781,960143
2026-03,6271,995336,1043518
2026-04,6271,1035207,1025745
2026-05,6271,1038227,964665
2026-06,6271,1079530,976386
2026-07,6271,1130269,923244
2026-08,6271,1173962,953723
2026-01,6274,3533279,2021128
2026-02,6274,2740833,2153377
2026-03,6274,3781706,2194287
2026-04,6274,4610166,2356833
2026-05,6274,4794425,2136406
2026-06,6274,4895221,2356699
2026-07,6274,5908074,2667033
2026-08,6274,5914540,2544064
2026-01,6278,4553735,4087812
2026-02,6278,3786737,3998084
2026-03,6278,4214612,4328458
2026-04,6278,4505780,4336174
2026-05,6278,4348041,4244706
2026-06,6278,4376679,4006645
2026-07,6278,4667997,4161114
2026-08,6278,4628384,4174612
2026-01,6285,10135784,9135377
2026-02,6285,8173548,8781787
2026-03,6285,10846849,10449304
2026-04,6285,11401006,9858602
2026-05,6285,12167707,9024989
2026-06,6285,15869573,8607467
2026-07,6285,16912812,8910024
2026-08,6285,15703833,8666065
2026-01,6290,827187,797275
2026-02,6290,862646,753623
2026-03,6290,920262,790210
2026-04,6290,911964,879625
2026-05,6290,936663,862424
2026-06,6290,848163,868264
2026-07,6290,902247,788922
2026-08,6290,974831,824829
2026-01,6291,242819,136770
2026-02,6291,168792,131580
2026-03,6291,248454,173209
2026-04,6291,239818,168752
2026-05,6291,219556,189094
2026-06,6291,243258,159003
2026-07,6291,244174,175102
2026-08,6291,269712,202146
2026-01,6415,1718815,1173907
2026-02,6415,1364391,1333973
2026-03,6415,1777349,1586597
2026-04,6415,2014046,1571792
2026-05,6415,1911109,1452307
2026-06,6415,2084305,1512365
2026-07,6415,2356843,1486511
2026-08,6415,2416636,1584275
2026-01,6426,51560,25695
2026-02,6426,37039,34531
2026-03,6426,65670,38620
2026-04,6426,69831,39566
2026-05,6426,67213,39519
2026-06,6426,70734,34837
2026-07,6426,78293,51272
2026-08,6426,73340,41154
2026-01,6442,954509,1015105
2026-02,6442,738625,512631
2026-03,6442,1012955,576974
2026-04,6442,886439,1057879
2026-05,6442,1725672,798847
2026-06,6442,1069405,1052104
2026-07,6442,1229355,823662
2026-08,6442,1628177,645477
2026-01,6443,165191,260607
2026-02,6443,184488,325527
2026-03,6443,56451,155464
2026-04,6443,71671,84903
2026-05,6443,116046,193957
2026-06,6443,79986,90599
2026-07,6443,67526,68671
2026-08,6443,66546,86406
2026-01,6446,1580728,1055111
2026-02,6446,1600454,1021672
2026-03,6446,1940196,1180523
2026-04,6446,2064179,1226153
2026-05,6446,2458451,1179267
2026-06,6446,2332801,1197041
2026-07,6446,2507284,1301897
2026-08,6446,2617220,1274036
2026-01,6451,616041,542255
2026-02,6451,363869,666004
2026-03,6451,573471,768574
2026-04,6451,641118,659508
2026-05,6451,624107,595003
2026-06,6451,750026,533619
2026-07,6451,777120,723439
2026-08,6451,691843,461819
2026-01,6456,6655236,5196915
2026-02,6456,4469451,4148132
2026-03,6456,4952861,5842038
2026-04,6456,3893399,5941063
2026-05,6456,3197938,6510131
2026-06,6456,3410725,6587089
2026-07,6456,4081086,5418015
2026-08,6456,4210995,6014042
2026-01,6488,4139278,4829183
2026-02,6488,4399603,5324413
2026-03,6488,5445917,5440926
2026-04,6488,4747927,5283369
2026-05,6488,4842007,5007206
2026-06,6488,5624376,5717334
2026-07,6488,4977758,4162281
2026-08,6488,4764363,4427620
2026-01,6505,53173547,59540547
2026-02,6505,45494799,54985671
2026-03,6505,63321091,58741068
2026-04,6505,61522374,46250613
2026-05,6505,57777216,45539031
2026-06,6505,63683339,53757840
2026-07,6505,74820787,56534425
2026-08,6505,81905673,54499634
2026-01,6510,454126,380733
2026-02,6510,415798,383269
2026-03,6510,487462,388372
2026-04,6510,523179,401780
2026-05,6510,542510,404580
2026-06,6510,573909,409375
2026-07,6510,614606,410084
2026-08,6510,638311,413758
2026-01,6515,885983,668037
2026-02,6515,872646,907369
2026-03,6515,1221786,721901
2026-04,6515,989534,657442
2026-05,6515,1073481,488403
2026-06,6515,1460220,376444
2026-07,6515,1600351,626187
2026-08,6515,1705663,511648
2026-01,6526,1836660,1744559
2026-02,6526,1803847,1760812
2026-03,6526,1814958,1717149
2026-04,6526,2027866,1773977
2026-05,6526,2051151,1816874
2026-06,6526,2209590,1931437
2026-07,6526,2288868,1949009
2026-08,6526,2339350,1854976
2026-01,6531,613472,316606
2026-02,6531,672381,272572
2026-03,6531,814908,383278
2026-04,6531,804148,416921
2026-05,6531,748539,395335
2026-06,6531,811206,508664
2026-07,6531,1103906,451364
2026-08,6531,1030931,411017
2026-01,6533,102956,95496
2026-02,6533,89855,80040
2026-03,6533,133545,95726
2026-04,6533,106862,86974
2026-05,6533,87236,85291
2026-06,6533,372169,107240
2026-07,6533,120282,98395
2026-08,6533,114014,153503
2026-01,6538,90060,144511
2026-02,6538,96309,117945
2026-03,6538,124129,163202
2026-04,6538,130088,161447
2026-05,6538,120893,137829
2026-06,6538,135650,92595
2026-07,6538,157252,96256
2026-08,6538,167967,107897
2026-01,6640,230696,147258
2026-02,6640,300039,197396
2026-03,6640,299570,85566
2026-04,6640,333601,137661
2026-05,6640,147143,259895
2026-06,6640,340792,339669
2026-07,6640,688933,188229
2026-08,6640,467768,394121
2026-01,6643,109888,112660
2026-02,6643,164752,161885
2026-03,6643,120108,159980
2026-04,6643,168686,129028
2026-05,6643,127838,155823
2026-06,6643,125326,163871
2026-07,6643,165627,128183
2026-08,6643,176341,101885
2026-01,6669,83225290,37506396
2026-02,6669,94633137,46516815
2026-03,6669,98649307,86632073
2026-04,6669,82730996,63802622
2026-05,6669,84050473,71132658
2026-06,6669,111371123,85808220
2026-07,6669,117685530,84528726
2026-08,6669,144311808,95978718
2026-01,6672,409757,316828
2026-02,6672,355411,339959
2026-03,6672,480659,362143
2026-04,6672,510001,372454
2026-05,6672,530395,392926
2026-06,6672,573491,341113
2026-07,6672,665315,348652
2026-08,6672,805877,345507
2026-01,6683,220173,150098
2026-02,6683,224199,152588
2026-03,6683,220276,151560
2026-04,6683,217571,179862
2026-05,6683,202710,180490
2026-06,6683,231316,185723
2026-07,6683,230193,185082
2026-08,6683,233323,185567
2026-01,6691,2366859,1311668
2026-02,6691,1802251,1314660
2026-03,6691,2808117,1320063
2026-04,6691,2858881,1714980
2026-05,6691,3835624,2103360
2026-06,6691,4439630,2063168
2026-07,6691,4763774,1719406
2026-08,6691,5287292,1685471
2026-01,6693,168011,114919
2026-02,6693,153311,107245
2026-03,6693,193378,91257
2026-04,6693,204370,110056
2026-05,6693,213788,99362
2026-06,6693,234257,113179
2026-07,6693,242458,116064
2026-08,6693,251209,117280
2026-01,6706,50389,139265
2026-02,6706,54091,143771
2026-03,6706,55496,137262
2026-04,6706,53989,92826
2026-05,6706,60052,71232
2026-06,6706,63441,85818
2026-07,6706,66265,35014
2026-08,6706,77628,35201
2026-01,6715,190613,150963
2026-02,6715,126310,107278
2026-03,6715,193232,176385
2026-04,6715,164420,185944
2026-05,6715,118910,160718
2026-06,6715,131471,144788
2026-07,6715,154589,125326
2026-08,6715,164842,77384
2026-01,6727,270835,74039
2026-02,6727,231738,39793
2026-03,6727,191326,146469
2026-04,6727,161075,106567
2026-05,6727,195867,127098
2026-06,6727,141495,185923
2026-07,6727,194214,140866
2026-08,6727,161759,138790
2026-01,6770,4618023,3657160
2026-02,6770,4222757,3769948
2026-03,6770,4731682,3689367
2026-04,6770,5045881,3809252
2026-05,6770,5770374,3632314
2026-06,6770,6473929,3836402
2026-07,6770,6668883,3910411
2026-08,6770,7008845,3977940
2026-01,6789,772684,699005
2026-02,6789,753310,701476
2026-03,6789,822449,774166
2026-04,6789,774041,778846
2026-05,6789,814486,701326
2026-06,6789,853561,738666
2026-07,6789,914690,733903
2026-08,6789,918686,778595
2026-01,6805,1404405,650896
2026-02,6805,1179230,780277
2026-03,6805,1600219,820538
2026-04,6805,1353125,850751
2026-05,6805,1180335,860196
2026-06,6805,1206279,909273
2026-07,6805,1360035,1161773
2026-08,6805,1528275,1183461
2026-01,6830,202054,161006
2026-02,6830,152439,121200
2026-03,6830,224233,182487
2026-04,6830,211780,176136
2026-05,6830,217107,181797
2026-06,6830,206268,186903
2026-07,6830,240751,190849
2026-08,6830,254051,192532
2026-01,6834,139205,112882
2026-02,6834,114703,112737
2026-03,6834,165833,125066
2026-04,6834,179399,135654
2026-05,6834,189979,119734
2026-06,6834,214376,128786
2026-07,6834,242978,129076
2026-08,6834,255202,119084
2026-01,6861,256670,176427
2026-02,6861,260053,180590
2026-03,6861,274318,179750
2026-04,6861,262160,187640
2026-05,6861,265735,159711
2026-06,6861,229132,203466
2026-07,6861,290806,178014
2026-08,6861,283520,185946
2026-04,6919,3566,12212
2026-01,6933,627823,521657
2026-02,6933,428387,552773
2026-03,6933,772235,895215
2026-04,6933,665135,441236
2026-05,6933,585033,338937
2026-06,6933,1416415,1118809
2026-07,6933,1439432,484083
2026-08,6933,1356656,465789
2026-03,6944,1513132,1225711
2026-04,6944,1517412,1148830
2026-05,6944,1671463,1127621
2026-06,6944,1891586,1455291
2026-07,6944,1799012,1391236
2026-08,6944,1985567,1447070
2026-06,7610,752329,114784
2026-07,7610,970895,118115
2026-08,7610,1134242,119064
2026-01,7734,304350,125764
2026-02,7734,280371,180204
2026-03,7734,291525,175586
2026-04,7734,393468,247623
2026-05,7734,289802,122247
2026-06,7734,230128,245943
2026-07,7734,409159,252049
2026-08,7734,255659,258946
2026-07,7750,2869712,948207
2026-08,7750,2436613,970501
2026-06,7751,246870,147611
2026-07,7751,241946,160259
2026-08,7751,241920,171183
2026-08,7799,334,884
2026-08,7856,502617,234010
2026-01,8021,453191,284728
2026-02,8021,413306,290102
2026-03,8021,473067,312539
2026-04,8021,524976,321721
2026-05,8021,620455,333050
2026-06,8021,680600,358011
2026-07,8021,730488,360631
2026-08,8021,770701,389729
2026-01,8027,102016,71163
2026-02,8027,134824,82826
2026-03,8027,145504,160923
2026-04,8027,157194,125905
2026-05,8027,222997,92847
2026-06,8027,246859,155767
2026-07,8027,189408,116517
2026-08,8027,152884,111357
2026-01,8028,420144,360072
2026-02,8028,408257,344093
2026-03,8028,474992,378279
2026-04,8028,465234,354737
2026-05,8028,478852,327905
2026-06,8028,482832,361340
2026-07,8028,514661,376959
2026-08,8028,505365,402469
2026-01,8039,876246,741086
2026-02,8039,637849,669905
2026-03,8039,901381,816003
2026-04,8039,946534,959545
2026-05,8039,914405,908861
2026-06,8039,835178,893897
2026-07,8039,847235,901908
2026-08,8039,806704,936162
2026-01,8040,63173,52746
2026-02,8040,59459,59685
2026-03,8040,73660,50444
2026-04,8040,70137,55580
2026-05,8040,88547,56150
2026-06,8040,77102,57328
2026-07,8040,83887,58857
2026-08,8040,86725,56271
2026-01,8042,422420,281290
2026-02,8042,306939,249625
2026-03,8042,373932,310204
2026-04,8042,429996,323720
2026-05,8042,400164,300066
2026-06,8042,437951,289461
2026-07,8042,436935,311322
2026-08,8042,482033,347406
2026-01,8046,3720425,2566125
2026-02,8046,3166126,2805847
2026-03,8046,4290690,3086060
2026-04,8046,4450857,3191344
2026-05,8046,4440287,3269216
2026-06,8046,4684331,3122359
2026-07,8046,5439751,3620679
2026-08,8046,5352700,3807312
2026-01,8064,196579,145520
2026-02,8064,225354,175065
2026-03,8064,251479,197638
2026-04,8064,193110,146806
2026-05,8064,155631,188646
2026-06,8064,205470,177209
2026-07,8064,143680,242212
2026-08,8064,145707,257873
2026-01,8069,2780203,2262862
2026-02,8069,2603601,2587365
2026-03,8069,3249686,3209210
2026-04,8069,2894681,3310267
2026-05,8069,3280358,3248825
2026-06,8069,4041054,4066430
2026-07,8069,2876431,3896294
2026-08,8069,3446142,3336337
2026-01,8103,363085,252892
2026-02,8103,214255,220803
2026-03,8103,332743,264532
2026-04,8103,371884,305852
2026-05,8103,349969,286011
2026-06,8103,375618,258970
2026-07,8103,395463,294463
2026-08,8103,403097,265900
2026-01,8110,682833,614138
2026-02,8110,628531,588499
2026-03,8110,658634,590415
2026-04,8110,638706,555444
2026-05,8110,644394,537052
2026-06,8110,660016,567730
2026-07,8110,687852,580419
2026-08,8110,798331,639439
2026-01,8111,70312,61998
2026-02,8111,60318,66300
2026-03,8111,64318,70293
2026-04,8111,66155,71722
2026-05,8111,68655,72877
2026-06,8111,71200,69574
2026-07,8111,60729,76786
2026-08,8111,67774,74316
2026-01,8112,25631121,14857735
2026-02,8112,31218239,13182805
2026-03,8112,53315182,18276897
2026-04,8112,35061095,22480940
2026-05,8112,53921149,15267382
2026-06,8112,61628573,18609520
2026-07,8112,76873576,17733894
2026-08,8112,40741046,15987240
2026-01,8150,2290436,1745306
2026-02,8150,2143616,1755398
2026-03,8150,2501576,2031628
2026-04,8150,2460488,1860780
2026-05,8150,2384258,2025351
2026-06,8150,2538350,1849707
2026-07,8150,2823014,1965948
2026-08,8150,2785705,2090343
2026-01,8155,518007,349249
2026-02,8155,483221,376393
2026-03,8155,534499,402115
2026-04,8155,538300,416303
2026-05,8155,517137,398879
2026-06,8155,538756,408465
2026-07,8155,557144,366525
2026-08,8155,560984,415122
2026-01,8210,2650248,1118196
2026-02,8210,1950400,1303548
2026-03,8210,2506644,1732027
2026-04,8210,2066292,1974808
2026-05,8210,2517084,1833198
2026-06,8210,3237664,1634964
2026-07,8210,2462300,1739961
2026-08,8210,2456984,1748197
2026-01,8227,120470,44176
2026-02,8227,97485,53574
2026-03,8227,151624,98422
2026-04,8227,272523,88765
2026-05,8227,181394,103291
2026-06,8227,159105,84433
2026-07,8227,131133,151674
2026-08,8227,149751,105274
2026-01,8261,288877,242056
2026-02,8261,222389,230060
2026-03,8261,270279,243792
2026-04,8261,283913,269738
2026-05,8261,296825,293446
2026-06,8261,296036,255015
2026-07,8261,292761,265518
2026-08,8261,285265,294102
2026-01,8299,10451593,3613390
2026-02,8299,12198386,4527416
2026-03,8299,18316974,5697759
2026-04,8299,20207493,6002833
2026-05,8299,22827979,5689559
2026-06,8299,24852784,6197679
2026-07,8299,27161687,5687708
2026-08,8299,28275661,5933811
2026-01,8358,820421,562253
2026-02,8358,850914,563028
2026-03,8358,860691,602680
2026-04,8358,900770,663276
2026-05,8358,941901,666236
2026-06,8358,962293,671218
2026-07,8358,1008644,651296
2026-08,8358,1056242,661352
2026-01,8996,1216032,291484
2026-02,8996,933818,305442
2026-03,8996,1273121,416941
2026-04,8996,948788,510017
2026-05,8996,631677,451116
2026-06,8996,724767,526875
2026-07,8996,922666,585322
2026-08,8996,1203933,565664
2026-08,3149,194052.0,162698.0
2026-08,3583,1068346.0,904939.0
2026-08,3673,6364138.0,5479899.0
2026-08,3701,820257.0,770507.0
2026-08,4551,801696.0,600520.0
2026-08,4576,426932.0,215573.0
2026-08,4722,410463.0,330643.0
2026-08,4739,872233.0,649000.0
2026-08,4904,9546971.0,8254940.0
2026-08,4906,1652106.0,1058401.0
2026-08,4927,1378879.0,1017477.0
2026-08,4961,2109978.0,1405234.0
2026-08,4977,207991.0,100860.0
2026-08,4989,408656.0,202476.0
2026-08,5234,453005.0,382205.0
2026-08,5285,549909.0,458538.0
2026-08,5434,7791761.0,5715135.0
2026-08,5876,4547978.0,4248050.0
2026-08,6120,1337803.0,1380471.0
2026-08,6133,121423.0,118867.0
2026-08,6155,75032.0,50006.0
2026-08,6226,53179.0,47037.0
2026-08,6282,3708827.0,2678369.0
2026-08,6414,15486280.0,10825117.0
2026-08,6449,463542.0,382565.0
2026-08,6472,2184612.0,1372085.0
2026-08,6781,1750881.0,1382568.0
2026-08,6831,512355.0,396860.0
2026-08,6949,6496.0,2454.0
2026-08,6957,244936.0,355759.0
2026-08,7711,2154323.0,2119208.0
2026-08,7769,5218962.0,2724112.0
2026-08,7788,872043.0,524040.0
2026-08,7795,359809.0,170124.0
2026-08,7822,301952.0,172919.0
2026-08,8033,176140.0,100677.0
2026-08,9933,6996004.0,6647166.0
2026-08,3162,1137089.0,565183.0
2026-08,3221,226412.0,175988.0
2026-08,3236,222684.0,186515.0
2026-08,3265,401868.0,388792.0
2026-08,3357,815423.0,532722.0
2026-08,3362,244259.0,364056.0
2026-08,3441,43916.0,43540.0
2026-08,3490,24105.0,25458.0
2026-08,3551,299675.0,245689.0
2026-08,3615,43061.0,80715.0
2026-08,4556,64451.0,54284.0
2026-08,4768,130197.0,67419.0
2026-08,4772,323880.0,272422.0
2026-08,4903,70096.0,145364.0
2026-08,4923,108061.0,83912.0
2026-08,5309,327559.0,256804.0
2026-08,5314,465313.0,229759.0
2026-08,5328,99782.0,77784.0
2026-08,5439,1108099.0,1052950.0
2026-08,5443,620014.0,542052.0
2026-08,6127,107429.0,82839.0
2026-08,6175,484052.0,286526.0
2026-08,6432,81931.0,92886.0
2026-08,6435,339956.0,270174.0
2026-08,6530,32210.0,29102.0
2026-08,6532,76657.0,43998.0
2026-08,6548,1650483.0,1148903.0
2026-08,6620,66695.0,332141.0
2026-08,6664,275299.0,208126.0
2026-08,6739,148185.0,75325.0
2026-08,6907,366266.0,122613.0
2026-08,7717,122627.0,65860.0
2026-08,7792,678719.0,404682.0
2026-08,7828,157044.0,53757.0
2026-08,8043,621856.0,402551.0
2026-08,8086,421572.0,374538.0
2026-08,8096,7264099.0,1965621.0
2026-08,8240,527855.0,603889.0
2026-01,3149,273459,178998
2026-02,3149,173520,100543
2026-03,3149,143103,191136
2026-04,3149,170174,210504
2026-05,3149,182215,195382
2026-06,3149,202533,160864
2026-07,3149,213946,172365
2026-01,3162,749985,572741
2026-02,3162,444314,629045
2026-03,3162,774396,638159
2026-04,3162,685887,689020
2026-05,3162,778108,638561
2026-06,3162,897696,565533
2026-07,3162,1076152,606160
2026-01,3221,190604,178087
2026-02,3221,168919,175640
2026-03,3221,187056,195861
2026-04,3221,220010,193586
2026-05,3221,212744,185501
2026-06,3221,226134,178616
2026-07,3221,250686,179475
2026-01,3236,222204,152193
2026-02,3236,131003,134844
2026-03,3236,184336,162949
2026-04,3236,256971,185818
2026-05,3236,178950,174133
2026-06,3236,187493,167512
2026-07,3236,247607,182689
2026-01,3265,425893,360027
2026-02,3265,413766,350177
2026-03,3265,468141,373657
2026-04,3265,489512,355006
2026-05,3265,484227,396718
2026-06,3265,433842,418859
2026-07,3265,421419,395506
2026-01,3357,601280,479021
2026-02,3357,478253,495056
2026-03,3357,655956,585349
2026-04,3357,704105,610034
2026-05,3357,709395,514903
2026-06,3357,764513,485583
2026-07,3357,875885,536330
2026-01,3362,429482,365630
2026-02,3362,262197,287252
2026-03,3362,416114,356941
2026-04,3362,372811,387884
2026-05,3362,315235,365943
2026-06,3362,262330,334453
2026-07,3362,416111,408430
2026-01,3441,40761,29944
2026-02,3441,21392,24585
2026-03,3441,51182,36494
2026-04,3441,58739,40538
2026-05,3441,41789,28586
2026-06,3441,41377,23830
2026-07,3441,51374,45825
2026-01,3490,16251,17914
2026-02,3490,14902,9376
2026-03,3490,17569,20466
2026-04,3490,31102,20595
2026-05,3490,19735,20169
2026-06,3490,21680,22525
2026-07,3490,30222,27616
2026-01,3551,276459,213175
2026-02,3551,259382,224169
2026-03,3551,275071,243439
2026-04,3551,275778,246242
2026-05,3551,292352,240546
2026-06,3551,293281,232646
2026-07,3551,299604,239293
2026-01,3583,1017508,889095
2026-02,3583,1049403,931356
2026-03,3583,1053411,993079
2026-04,3583,989044,892619
2026-05,3583,971001,956785
2026-06,3583,1034997,1063392
2026-07,3583,973288,913176
2026-01,3615,81936,63054
2026-02,3615,46698,82603
2026-03,3615,74252,102698
2026-04,3615,63239,90472
2026-05,3615,57003,83899
2026-06,3615,49690,90531
2026-07,3615,60179,87143
2026-01,3673,6697447,4493001
2026-02,3673,4931851,4147520
2026-03,3673,6257398,5063027
2026-04,3673,6803844,6429098
2026-05,3673,6149316,6313223
2026-06,3673,6284949,5872386
2026-07,3673,6394077,5480708
2026-01,3701,777626,970961
2026-02,3701,512721,832911
2026-03,3701,713431,1024262
2026-04,3701,749863,1071132
2026-05,3701,615397,905234
2026-06,3701,675088,575982
2026-07,3701,883895,828265
2026-01,4551,830641,767833
2026-02,4551,659173,590142
2026-03,4551,782132,651140
2026-04,4551,772365,652424
2026-05,4551,760526,600064
2026-06,4551,749868,573897
2026-07,4551,824857,669977
2026-01,4556,60478,46160
2026-02,4556,49907,39428
2026-03,4556,57893,56032
2026-04,4556,59240,66073
2026-05,4556,55630,54775
2026-06,4556,61317,53575
2026-07,4556,85038,50790
2026-01,4576,278321,163879
2026-02,4576,255227,208836
2026-03,4576,321496,215070
2026-04,4576,342051,242739
2026-05,4576,335388,227661
2026-06,4576,344085,211644
2026-07,4576,366927,229160
2026-01,4722,343215,275111
2026-02,4722,228239,287888
2026-03,4722,315780,353815
2026-04,4722,382698,370650
2026-05,4722,295438,316735
2026-06,4722,362609,285664
2026-07,4722,442668,347993
2026-01,4739,888810,425154
2026-02,4739,667186,228368
2026-03,4739,814732,400126
2026-04,4739,1026888,523295
2026-05,4739,1159552,481235
2026-06,4739,953770,446131
2026-07,4739,975627,426192
2026-01,4768,164468,50040
2026-02,4768,100995,52171
2026-03,4768,175782,69061
2026-04,4768,173680,59575
2026-05,4768,97605,59427
2026-06,4768,108683,50341
2026-07,4768,105060,58690
2026-01,4772,288134,70385
2026-02,4772,288878,77491
2026-03,4772,279573,71743
2026-04,4772,285078,91924
2026-05,4772,307698,90184
2026-06,4772,300576,80642
2026-07,4772,324218,87799
2026-01,4903,125609,47059
2026-02,4903,112820,55434
2026-03,4903,118694,94718
2026-04,4903,118419,82147
2026-05,4903,104519,82946
2026-06,4903,236567,226036
2026-07,4903,88352,148593
2026-01,4904,9663053,8658501
2026-02,4904,9005133,8568811
2026-03,4904,9136324,8814995
2026-04,4904,9539711,8568124
2026-05,4904,9501988,8355109
2026-06,4904,9622202,8302166
2026-07,4904,9252373,8054845
2026-01,4906,1135271,1731034
2026-02,4906,876526,1612073
2026-03,4906,1090228,1812032
2026-04,4906,1148673,1495916
2026-05,4906,1270893,1442905
2026-06,4906,1193259,1259231
2026-07,4906,1549932,1172025
2026-01,4923,80107,60020
2026-02,4923,85194,61015
2026-03,4923,85262,70312
2026-04,4923,80040,70410
2026-05,4923,85063,70644
2026-06,4923,100102,75540
2026-07,4923,120061,80185
2026-01,4927,936443,1036173
2026-02,4927,910058,1079410
2026-03,4927,912341,1021142
2026-04,4927,919126,1000124
2026-05,4927,993802,954147
2026-06,4927,1028086,931996
2026-07,4927,1187574,1007178
2026-01,4961,1347189,1391316
2026-02,4961,1323320,1476116
2026-03,4961,1830710,1793830
2026-04,4961,1769815,1831516
2026-05,4961,1756453,1754341
2026-06,4961,1859601,1490528
2026-07,4961,1967297,1480137
2026-01,4977,32805,57862
2026-02,4977,88234,106880
2026-03,4977,87261,108247
2026-04,4977,58031,102138
2026-05,4977,81963,92333
2026-06,4977,82280,76128
2026-07,4977,181218,76582
2026-01,4989,368661,136379
2026-02,4989,273654,153155
2026-03,4989,334731,217366
2026-04,4989,379342,294322
2026-05,4989,323360,241544
2026-06,4989,370182,213471
2026-07,4989,339461,165256
2026-01,5234,411743,342909
2026-02,5234,366001,361753
2026-03,5234,423556,401398
2026-04,5234,410505,401733
2026-05,5234,418193,377336
2026-06,5234,453009,372009
2026-07,5234,447398,401216
2026-01,5285,469291,420095
2026-02,5285,411552,425289
2026-03,5285,476531,490027
2026-04,5285,582126,453455
2026-05,5285,522199,440660
2026-06,5285,520254,455872
2026-07,5285,604625,475203
2026-01,5309,284984,266503
2026-02,5309,286692,296734
2026-03,5309,291659,310150
2026-04,5309,305058,283380
2026-05,5309,307975,267120
2026-06,5309,294029,282201
2026-07,5309,319017,246917
2026-01,5314,489861,134058
2026-02,5314,343315,145007
2026-03,5314,449818,193456
2026-04,5314,493736,206909
2026-05,5314,512687,199136
2026-06,5314,578813,216079
2026-07,5314,552778,221442
2026-01,5328,90493,66829
2026-02,5328,56884,60529
2026-03,5328,87058,80360
2026-04,5328,93873,82796
2026-05,5328,91751,74536
2026-06,5328,103968,63575
2026-07,5328,99219,69887
2026-01,5434,6004421,5546732
2026-02,5434,5517727,4843533
2026-03,5434,7014545,5369196
2026-04,5434,6776034,5820548
2026-05,5434,6542058,5515648
2026-06,5434,7507318,5650654
2026-07,5434,8173773,5731436
2026-01,5439,804983,350741
2026-02,5439,819107,503603
2026-03,5439,913646,569895
2026-04,5439,950129,753137
2026-05,5439,1000191,631814
2026-06,5439,1103029,903156
2026-07,5439,1050323,1005270
2026-01,5443,269435,284859
2026-02,5443,353653,299673
2026-03,5443,405056,247026
2026-04,5443,422226,339298
2026-05,5443,255519,454400
2026-06,5443,466277,518630
2026-07,5443,837103,315168
2026-01,5876,4918011,4872392
2026-02,5876,4229750,4204595
2026-03,5876,4612382,4766224
2026-04,5876,4216556,4540870
2026-05,5876,4250508,4037170
2026-06,5876,5306818,5550349
2026-07,5876,5216480,4361237
2026-01,6120,1568666,1464654
2026-02,6120,1213432,1681351
2026-03,6120,1744233,1608977
2026-04,6120,1339844,1769951
2026-05,6120,1319690,1470123
2026-06,6120,1570379,1105398
2026-07,6120,1000780,1159847
2026-01,6127,83686,86030
2026-02,6127,67279,82662
2026-03,6127,91808,83434
2026-04,6127,87526,96825
2026-05,6127,88381,83285
2026-06,6127,96811,86643
2026-07,6127,93620,77660
2026-01,6133,130776,111581
2026-02,6133,75520,70476
2026-03,6133,117895,119236
2026-04,6133,126568,125015
2026-05,6133,116817,110875
2026-06,6133,126132,109349
2026-07,6133,135321,125754
2026-01,6155,59602,51798
2026-02,6155,39592,43323
2026-03,6155,64706,60734
2026-04,6155,67085,58142
2026-05,6155,68544,47835
2026-06,6155,74196,50154
2026-07,6155,64573,52636
2026-01,6175,353607,363218
2026-02,6175,344405,355361
2026-03,6175,420427,353703
2026-04,6175,458207,395486
2026-05,6175,472601,378005
2026-06,6175,485614,337316
2026-07,6175,474537,337411
2026-01,6226,55175,55562
2026-02,6226,41018,46118
2026-03,6226,55511,55958
2026-04,6226,64020,54566
2026-05,6226,55348,56555
2026-06,6226,55826,45571
2026-07,6226,60059,49428
2026-01,6282,2708662,2103419
2026-02,6282,2725840,2377932
2026-03,6282,3146256,2681888
2026-04,6282,3152125,2341648
2026-05,6282,2940031,2329819
2026-06,6282,3423036,2668420
2026-07,6282,3263384,2290888
2026-01,6414,11520346,11282054
2026-02,6414,10818450,10477089
2026-03,6414,15150049,12706766
2026-04,6414,14563934,11924179
2026-05,6414,15579250,11517071
2026-06,6414,17661254,11251646
2026-07,6414,16400623,10576419
2026-01,6432,112898,91188
2026-02,6432,74257,82687
2026-03,6432,106524,113275
2026-04,6432,113847,108008
2026-05,6432,108274,84231
2026-06,6432,100180,84278
2026-07,6432,117203,96697
2026-01,6435,335851,334422
2026-02,6435,305210,301016
2026-03,6435,306481,276086
2026-04,6435,310312,273432
2026-05,6435,317877,260137
2026-06,6435,322830,265487
2026-07,6435,334509,269388
2026-01,6449,422843,293073
2026-02,6449,301368,260608
2026-03,6449,404024,351338
2026-04,6449,463592,367055
2026-05,6449,443477,394994
2026-06,6449,463020,375567
2026-07,6449,505817,375297
2026-01,6472,1141976,1636535
2026-02,6472,1326086,1727254
2026-03,6472,1527969,1466641
2026-04,6472,1484243,2017322
2026-05,6472,2114486,1508292
2026-06,6472,2297853,1650467
2026-07,6472,1901563,1797836
2026-01,6530,30563,24329
2026-02,6530,29098,25230
2026-03,6530,32280,29194
2026-04,6530,31534,26694
2026-05,6530,31659,25262
2026-06,6530,31597,29147
2026-07,6530,32296,27018
2026-01,6532,50141,62086
2026-02,6532,41777,63909
2026-03,6532,63819,66566
2026-04,6532,73657,58688
2026-05,6532,72554,53174
2026-06,6532,61046,51451
2026-07,6532,87975,58998
2026-01,6548,1200739,1055153
2026-02,6548,1143841,1020298
2026-03,6548,1327268,1104974
2026-04,6548,1384069,1111593
2026-05,6548,1429567,1046137
2026-06,6548,1501447,1090926
2026-07,6548,1555599,1148574
2026-01,6664,225001,196477
2026-02,6664,205731,182518
2026-03,6664,236478,192398
2026-04,6664,237443,216531
2026-05,6664,226432,209820
2026-06,6664,249672,209245
2026-07,6664,274733,210999
2026-01,6739,91049,45776
2026-02,6739,93142,48801
2026-03,6739,100094,53286
2026-04,6739,110238,55061
2026-05,6739,120177,60311
2026-06,6739,129283,64277
2026-07,6739,138046,69200
2026-01,6781,1540113,1051577
2026-02,6781,1484198,1188514
2026-03,6781,1505534,1198253
2026-04,6781,1522539,1306221
2026-05,6781,1600458,1324182
2026-06,6781,1685061,1341817
2026-07,6781,1723107,1343696
2026-01,6949,1979,9139
2026-02,6949,1971,1223
2026-03,6949,2454,1406
2026-04,6949,2971,1429
2026-05,6949,2691,2265
2026-06,6949,3275,2180
2026-07,6949,2520,3256
2026-01,6957,287494,347976
2026-02,6957,218946,153041
2026-03,6957,501957,282585
2026-04,6957,368407,240298
2026-05,6957,312233,257709
2026-06,6957,422045,316065
2026-07,6957,221321,421959
2026-01,8033,158127,86038
2026-02,8033,96506,134627
2026-03,8033,120498,114457
2026-04,8033,109428,102821
2026-05,8033,117063,129432
2026-06,8033,225784,188743
2026-07,8033,118213,130593
2026-01,8043,506215,372188
2026-02,8043,388158,307607
2026-03,8043,1008392,372820
2026-04,8043,525130,414133
2026-05,8043,616094,386108
2026-06,8043,622288,419405
2026-07,8043,762588,467154
2026-02,8086,372933,260278
2026-03,8086,431994,291995
2026-04,8086,447976,299878
2026-05,8086,442716,323197
2026-06,8086,407747,351347
2026-07,8086,418583,353565
2026-09,8086,421764,389076
2026-01,8096,2828148,4871428
2026-02,8096,2719243,4794429
2026-03,8096,4626019,4861049
2026-04,8096,4356942,3590208
2026-05,8096,3981347,1564353
2026-06,8096,8978261,1682941
2026-07,8096,10407626,1668473
2026-01,8240,587900,652500
2026-02,8240,431043,586733
2026-03,8240,592994,645522
2026-04,8240,559928,633450
2026-05,8240,557744,537058
2026-06,8240,522737,566313
2026-07,8240,570992,618763
2026-01,9933,5606993,5885745
2026-02,9933,4952525,7613101
2026-03,9933,6634076,8800739
2026-04,9933,6328540,8349538
2026-05,9933,6895783,7079468
2026-06,9933,7296591,8752708
2026-07,9933,6501128,6548038
2026-08,1714,3046841.0,1951760.0
2026-08,1718,4179861.0,4002631.0
2026-08,1773,1384770.0,957512.0
2026-08,2385,6521222.0,8482907.0
2026-08,2413,330288.0,323193.0
2026-08,2485,249330.0,180137.0
2026-08,2812,1975427.0,1941260.0
2026-08,3311,421603.0,206281.0
2026-08,4764,267871.0,218233.0
2026-08,6005,3030550.0,2085061.0
2026-08,5340,284845.0,192761.0
2026-08,6190,1061923.0,618036.0
2026-08,6584,280097.0,203464.0
2026-08,8289,214038.0,128053.0
2026-08,1477,3554003.0,3745640.0
2026-08,2236,1204475.0,931995.0
2026-08,2254,3924.0,49400.0
2026-08,2468,198527.0,278023.0
2026-08,2476,950786.0,674112.0
2026-08,3543,274723.0,228939.0
2026-08,3596,4731510.0,4641818.0
2026-08,4916,553276.0,302403.0
2026-08,6658,207618.0,101748.0
2026-08,6668,97342.0,98428.0
2026-08,3141,242126.0,134686.0
2026-08,4542,123942.0,42064.0
2026-08,4707,73027.0,135858.0
2026-08,4760,305090.0,159285.0
2026-08,4966,1326834.0,1323747.0
2026-08,6121,6752335.0,6452555.0
2026-08,6716,174028.0,82185.0
2026-08,8091,304207.0,177359.0
2026-08,1312,2381254.0,1258413.0
2026-08,1434,2026703.0,2183147.0
2026-08,1455,464570.0,468295.0
2026-08,1503,2846465.0,2857439.0
2026-08,1514,773622.0,1052778.0
2026-08,1608,1180412.0,1001210.0
2026-08,1609,3388884.0,2513349.0
2026-08,1795,2107202.0,1159844.0
2026-08,1907,6452290.0,6085364.0
2026-08,2103,3446503.0,2829978.0
2026-08,2241,87163.0,59161.0
2026-08,2312,13452420.0,10991984.0
2026-08,2332,1175584.0,1117030.0
2026-08,2369,641933.0,483031.0
2026-08,2402,1113296.0,956315.0
2026-08,2439,4117732.0,4413573.0
2026-08,3029,3487591.0,2414496.0
2026-08,3413,2249019.0,1820458.0
2026-08,4720,357499.0,285736.0
2026-08,4755,444823.0,401193.0
2026-08,4949,309939.0,149302.0
2026-08,5388,7044125.0,4856190.0
2026-08,5469,6543125.0,5176127.0
2026-08,6117,281886.0,275148.0
2026-08,6152,312169.0,142880.0
2026-08,6191,3801319.0,3156059.0
2026-08,6409,1778833.0,1836914.0
2026-08,6491,750382.0,631216.0
2026-08,6525,609229.0,466728.0
2026-08,8016,1908016.0,1542554.0
2026-08,8131,1135080.0,878214.0
2026-08,8213,2100473.0,1555360.0
2026-08,8271,2789279.0,1006580.0
2026-08,8926,7034538.0,515871.0
2026-08,9105,11805184.0,8303657.0
2026-08,9904,20621794.0,19766827.0
2026-08,6218,141060.0,92286.0
2026-08,6667,801683.0,474204.0
2026-08,3048,13544810.0,9011050.0
2026-08,3416,405653.0,347747.0
2026-08,5243,1373168.0,890946.0
2026-08,6719,353609.0,420800.0
2026-08,3219,247259.0,206521.0
2026-08,6174,66923.0,50377.0
2026-08,6179,808983.0,250246.0
2026-08,6788,244716.0,203284.0
2026-08,6811,1170269.0,660751.0
2026-08,1440,1050401.0,1096783.0
2026-08,1710,2389820.0,1927762.0
2026-08,2329,1768265.0,1687855.0
2026-08,2355,1468680.0,1294737.0
2026-08,2359,275860.0,337011.0
2026-08,2465,1180621.0,244302.0
2026-08,2645,1848088.0,1467133.0
2026-08,4915,6126615.0,5089496.0
2026-08,6214,5900133.0,3644065.0
2026-08,6269,1997131.0,1970931.0
2026-08,7749,198991.0,123984.0
2026-08,9945,3463476.0,2509912.0
2026-08,3709,4882358.0,2773158.0
2025-09,1301,14017714,16641520
2025-10,1301,13410015,15738889
2025-11,1301,13389395,18146582
2025-12,1301,14304735,16445283
2025-09,1303,22171572,21428221
2025-10,1303,21229355,22758378
2025-11,1303,21130715,21965473
2025-12,1303,22097720,23431902
2025-09,1314,1573328,2068523
2025-10,1314,916515,2138574
2025-11,1314,1101798,1773749
2025-12,1314,1347475,2208382
2025-09,1326,23069398,27508402
2025-10,1326,22146817,26730525
2025-11,1326,20881356,27254315
2025-12,1326,21972816,27307241
2025-09,1504,5202947,4368723
2025-10,1504,4968473,4243665
2025-11,1504,4680840,4599582
2025-12,1504,5662223,4896550
2025-09,1513,2172084,2105114
2025-10,1513,2217849,2323719
2025-11,1513,2321427,2274184
2025-12,1513,2564559,2352792
2025-09,1519,1892504,1765912
2025-10,1519,2231989,1968763
2025-11,1519,1975829,1685771
2025-12,1519,3888791,3508025
2025-09,1560,698435,638126
2025-10,1560,708449,593536
2025-11,1560,726848,609542
2025-12,1560,735634,630526
2025-09,1590,3009936,2472535
2025-10,1590,2697130,2302618
2025-11,1590,3025066,2565897
2025-12,1590,3312944,2776727
2025-09,1597,95653,84718
2025-10,1597,104299,82287
2025-11,1597,109568,88312
2025-12,1597,119726,81609
2025-09,1605,14411314,14503449
2025-10,1605,13584958,14774899
2025-11,1605,12761831,18158784
2025-12,1605,15517904,13658023
2025-09,1717,3426999,3618106
2025-10,1717,3102020,3526514
2025-11,1717,3297285,3772597
2025-12,1717,3723693,3968361
2025-09,1815,515284,399460
2025-10,1815,565058,388754
2025-11,1815,572999,427439
2025-12,1815,499035,470616
2025-09,2049,2090162,2164124
2025-10,2049,2101129,2173193
2025-11,2049,2182233,2140166
2025-12,2049,2219675,2063111
2025-09,2059,1507097,821999
2025-10,2059,1567264,962289
2025-11,2059,1659348,1013472
2025-12,2059,1722455,1122385
2025-09,2301,15430791,11850060
2025-10,2301,15204242,12396253
2025-11,2301,14246280,12512519
2025-12,2301,14907047,13387348
2025-09,2302,85001,68296
2025-10,2302,74333,66820
2025-11,2302,59737,71525
2025-12,2302,77251,67042
2025-09,2303,19927175,18942714
2025-10,2303,21294974,21371110
2025-11,2303,21233847,20049182
2025-12,2303,19280724,18965818
2025-09,2308,57060781,37094029
2025-10,2308,57383550,38816849
2025-11,2308,50543404,36647082
2025-12,2308,53686145,38738552
2025-09,2313,7492143,6463377
2025-10,2313,7041071,6640127
2025-11,2313,6746921,6801074
2025-12,2313,7228195,6391329
2025-09,2316,391933,242331
2025-10,2316,362368,344128
2025-11,2316,382976,271329
2025-12,2316,382839,307719
2025-09,2317,837067572,733023957
2025-10,2317,895708525,804847646
2025-11,2317,844275843,672585341
2025-12,2317,862861362,654825418
2025-09,2324,69719774,83765925
2025-10,2324,61919803,85452293
2025-11,2324,62968012,79666069
2025-12,2324,65964416,64056727
2025-09,2327,11680869,10415225
2025-10,2327,11352460,10465920
2025-11,2327,12264829,10020442
2025-12,2327,12350934,9519583
2025-09,2330,330980920,251872717
2025-10,2330,367473051,314239713
2025-11,2330,343613802,276058358
2025-12,2330,335003568,278163107
2025-09,2337,2902927,2652966
2025-10,2337,2652451,2135343
2025-11,2337,2444318,1961343
2025-12,2337,2632336,1816214
2025-09,2340,370444,410513
2025-10,2340,375150,379816
2025-11,2340,364225,360445
2025-12,2340,323811,368464
2025-09,2342,173792,175364
2025-10,2342,166258,179872
2025-11,2342,139843,183770
2025-12,2342,140998,177739
2025-09,2344,7920210,7231483
2025-10,2344,8225204,6097945
2025-11,2344,8629567,6221805
2025-12,2344,9770303,6372253
2025-09,2345,24318092,10047189
2025-10,2345,23364628,10882611
2025-11,2345,22554331,12549045
2025-12,2345,26052581,15540247
2025-09,2353,29530092,26310042
2025-10,2353,21232120,18819702
2025-11,2353,24601210,22749457
2025-12,2353,28539992,24552637
2025-09,2356,60560719,56253892
2025-10,2356,54765655,64685079
2025-11,2356,52156348,60857602
2025-12,2356,64350236,72263615
2025-09,2357,82594906,62060474
2025-10,2357,66330479,49931512
2025-11,2357,66884631,55455596
2025-12,2357,69711805,47410945
2025-09,2360,2238275,1769068
2025-10,2360,2375758,1801427
2025-11,2360,2557935,1948395
2025-12,2360,3646677,2289311
2025-09,2363,375882,176923
2025-10,2363,323744,140674
2025-11,2363,241985,202262
2025-12,2363,255412,98419
2025-09,2367,1429408,1531025
2025-10,2367,1374350,1455582
2025-11,2367,1042226,1504582
2025-12,2367,1291761,1520056
2025-09,2368,5994877,3333418
2025-10,2368,5626636,3064037
2025-11,2368,5453347,3179688
2025-12,2368,5246301,3584929
2025-09,2371,4252428,3925579
2025-10,2371,3689731,3531068
2025-11,2371,4840930,4051014
2025-12,2371,4803047,4284296
2025-09,2375,509164,473833
2025-10,2375,404336,409006
2025-11,2375,461295,423880
2025-12,2375,474505,433852
2025-09,2376,27988237,26735874
2025-10,2376,28318245,25771684
2025-11,2376,30729748,22242930
2025-12,2376,30306210,17597178
2025-09,2377,19551665,19810278
2025-10,2377,20624113,20066245
2025-11,2377,20118435,18827063
2025-12,2377,16864668,12593345
2025-09,2379,10034210,9829641
2025-10,2379,9063193,8947322
2025-11,2379,8882406,8722055
2025-12,2379,8332875,8675245
2025-09,2382,184108513,155109787
2025-10,2382,173195793,135893235
2025-11,2382,192946811,141353606
2025-12,2382,272494820,138415569
2025-09,2383,8008332,5940565
2025-10,2383,8074815,5817800
2025-11,2383,8129128,6336270
2025-12,2383,8704662,6410246
2025-09,2395,6208092,4950809
2025-10,2395,6016315,5534571
2025-11,2395,5919999,5404296
2025-12,2395,5985095,5359727
2025-09,2404,7257026,3586435
2025-10,2404,6266876,4001232
2025-11,2404,6994229,3490367
2025-12,2404,7279091,5151020
2025-09,2406,533981,588901
2025-10,2406,600785,335759
2025-11,2406,806128,306910
2025-12,2406,928081,322017
2025-09,2408,6664140,2584927
2025-10,2408,7907729,2182240
2025-11,2408,10168737,2187326
2025-12,2408,12017152,2205531
2025-09,2409,24445426,25871576
2025-10,2409,20915737,20873385
2025-11,2409,24036310,23256940
2025-12,2409,25189520,24593946
2025-09,2412,20188526,19486194
2025-10,2412,20932738,20118003
2025-11,2412,21453973,20226504
2025-12,2412,23264555,25009076
2025-09,2421,1758131,1273787
2025-10,2421,1593501,1175506
2025-11,2421,1533763,1304185
2025-12,2421,1790708,1376599
2025-09,2426,179420,204004
2025-10,2426,166628,187153
2025-11,2426,172709,188121
2025-12,2426,175360,181711
2025-09,2428,712386,665600
2025-10,2428,685051,613409
2025-11,2428,663297,648349
2025-12,2428,742848,770123
2025-09,2436,312350,290543
2025-10,2436,279852,279502
2025-11,2436,344074,284767
2025-12,2436,301383,271917
2025-09,2441,1401242,1252598
2025-10,2441,1474273,1260888
2025-11,2441,1429112,1284116
2025-12,2441,1392572,1342477
2025-09,2449,3271304,2343053
2025-10,2449,3418823,2410546
2025-11,2449,3292565,2440215
2025-12,2449,3254264,2446149
2025-09,2451,1545811,819543
2025-10,2451,1723157,784582
2025-11,2451,2022848,823676
2025-12,2451,3057663,894111
2025-09,2454,54330057,44675936
2025-10,2454,52026251,51117348
2025-11,2454,46895680,45242346
2025-12,2454,51266079,41683430
2025-09,2455,346803,269294
2025-10,2455,355173,236267
2025-11,2455,285178,237339
2025-12,2455,319238,248868
2025-09,2458,1133440,1114868
2025-10,2458,996946,1083784
2025-11,2458,946301,980587
2025-12,2458,916528,971459
2025-09,2464,560724,796115
2025-10,2464,563708,762807
2025-11,2464,560953,662481
2025-12,2464,563987,717591
2025-09,2467,495753,333203
2025-10,2467,560854,371439
2025-11,2467,582375,530573
2025-12,2467,603666,433661
2025-09,2472,959654,921902
2025-10,2472,858764,905882
2025-11,2472,1006922,935038
2025-12,2472,1019580,927607
2025-09,2478,454872,421211
2025-10,2478,466373,420735
2025-11,2478,449444,486000
2025-12,2478,469644,452017
2025-09,2481,1103820,1109296
2025-10,2481,1026508,942180
2025-11,2481,1193144,1051548
2025-12,2481,1134614,1015402
2025-09,2484,201548,203592
2025-10,2484,197995,190838
2025-11,2484,185110,165632
2025-12,2484,175985,175554
2025-09,2486,501166,501805
2025-10,2486,505360,515631
2025-11,2486,514597,527117
2025-12,2486,525962,475974
2025-09,2492,3176158,3182121
2025-10,2492,2845172,2772231
2025-11,2492,3045857,2869217
2025-12,2492,2876480,2685318
2025-09,2493,306215,343822
2025-10,2493,326888,298272
2025-11,2493,314091,311712
2025-12,2493,352152,315567
2025-09,2603,30120944,44637217
2025-10,2603,27330016,41525743
2025-11,2603,27633182,36093020
2025-12,2603,30705794,38136854
2025-09,2605,370771,346996
2025-10,2605,411181,307788
2025-11,2605,482236,323308
2025-12,2605,492218,383050
2025-09,2606,1431105,1446829
2025-10,2606,1387581,1346288
2025-11,2606,1436329,1318420
2025-12,2606,1400740,1202009
2025-09,2609,12769280,21619938
2025-10,2609,11534406,18993369
2025-11,2609,12713776,17478311
2025-12,2609,13239996,17248548
2025-09,2610,15875322,16009087
2025-10,2610,18106835,17130710
2025-11,2610,17260159,17304638
2025-12,2610,18793728,18457092
2025-09,2615,11016378,14965985
2025-10,2615,10447721,13779122
2025-11,2615,10855152,13424471
2025-12,2615,12079080,14389266
2025-09,2618,15617260,17357692
2025-10,2618,18904000,18236042
2025-11,2618,18481751,18269952
2025-12,2618,20260941,20053638
2025-09,2637,1615679,1772075
2025-10,2637,1718015,1689193
2025-11,2637,1667416,1518502
2025-12,2637,1699697,1446664
2025-09,2801,3673434,3482721
2025-10,2801,3719672,3074788
2025-11,2801,3455635,3320795
2025-12,2801,3655728,3352637
2025-09,2812,1782068,1473000
2025-10,2812,1803634,1614678
2025-11,2812,1825026,1569927
2025-12,2812,1787333,1625226
2026-01,2812,1907814,1757813
2026-02,2812,1818419,1626913
2026-03,2812,1746458,1612863
2026-04,2812,2402853,1414676
2026-05,2812,1962546,1529294
2026-06,2812,1936605,1661522
2026-07,2812,1830179,1802030
2025-09,2834,3032053,3238422
2025-10,2834,2888532,2326785
2025-11,2834,2530105,2781409
2025-12,2834,2649347,2543693
2025-09,2855,1373985,691391
2025-10,2855,2477209,960369
2025-11,2855,797605,760870
2025-12,2855,1650931,1049637
2025-09,2880,5922517,5428595
2025-10,2880,6143418,5694515
2025-11,2880,5613356,4815490
2025-12,2880,5667680,5141039
2025-09,2881,35649114,22774883
2025-10,2881,48388311,29675707
2025-11,2881,52974090,34517293
2025-12,2881,42650900,39455345
2025-09,2882,34686259,19530721
2025-10,2882,42272426,20339672
2025-11,2882,32142794,25588553
2025-12,2882,26693198,27660525
2025-09,2883,14263515,10037434
2025-10,2883,11105526,4459714
2025-11,2883,10678590,7043492
2025-12,2883,5864786,10059412
2025-09,2884,8015455,6863663
2025-10,2884,8153665,5256641
2025-11,2884,8094111,5520754
2025-12,2884,7774142,6760557
2025-09,2885,12164867,9380551
2025-10,2885,12840576,10069782
2025-11,2885,13245900,11433683
2025-12,2885,12532267,9199657
2025-09,2886,7286279,6705139
2025-10,2886,6853182,6192094
2025-11,2886,5947092,5163845
2025-12,2886,7014202,6644814
2025-09,2887,19669234,7110453
2025-10,2887,17664566,6575122
2025-11,2887,20528838,7148120
2025-12,2887,22266461,6757392
2025-09,2890,6501756,5314128
2025-10,2890,7099553,5112004
2025-11,2890,6238045,4444233
2025-12,2890,5598691,4832770
2025-09,2891,28972659,16301304
2025-10,2891,24208396,15894438
2025-11,2891,23881840,16378654
2025-12,2891,22845536,15853491
2025-09,2892,6677499,5578878
2025-10,2892,6452005,5299215
2025-11,2892,6235463,5372351
2025-12,2892,6966427,6060429
2025-09,3006,1308368,1234788
2025-10,3006,1234940,1146747
2025-11,3006,1401078,963752
2025-12,3006,2170785,1044351
2025-09,3008,6235248,6523997
2025-10,3008,6260810,6546847
2025-11,3008,5302915,6012336
2025-12,3008,5617058,5636008
2025-09,3013,1023793,825693
2025-10,3013,815791,773935
2025-11,3013,1036052,845078
2025-12,3013,1191040,1062882
2025-09,3014,605026,638504
2025-10,3014,510237,592935
2025-11,3014,521603,567842
2025-12,3014,475117,479203
2025-09,3016,335779,350941
2025-10,3016,346376,342462
2025-11,3016,372639,341312
2025-12,3016,345783,291093
2025-09,3017,14503309,6351281
2025-10,3017,16451489,7080952
2025-11,3017,17382240,7192067
2025-12,3017,13941273,6631051
2025-09,3019,2536671,2185365
2025-10,3019,2355314,2063567
2025-11,3019,2514684,2108503
2025-12,3019,2104928,2145010
2025-10,3023,2567100,2805869
2025-11,3023,2550317,2880434
2025-12,3023,2630178,2653470
2026-01,3023,2807340,2759272
2025-09,3026,1241641,1108042
2025-10,3026,1073704,1080046
2025-11,3026,1108190,1095555
2025-12,3026,1135927,1020674
2025-10,3030,538870,515132
2025-11,3030,812853,446146
2025-12,3030,729676,530902
2026-01,3030,893601,645065
2025-09,3031,121037,88028
2025-10,3031,86350,68318
2025-11,3031,103216,93318
2025-12,3031,114312,110470
2025-09,3034,8278299,8918212
2025-10,3034,7878870,8522705
2025-11,3034,7618617,8212667
2025-12,3034,7319722,8527147
2025-09,3035,1358400,942900
2025-10,3035,833549,930020
2025-11,3035,1016327,920566
2025-12,3035,957884,1102209
2025-09,3037,11326339,10837646
2025-10,3037,11327098,10479818
2025-11,3037,11541416,9583655
2025-12,3037,11822372,9317439
2025-09,3042,1234935,1299860
2025-10,3042,1126505,1164332
2025-11,3042,1173726,1125981
2025-12,3042,1024035,1037369
2025-09,3044,6936796,5859996
2025-10,3044,6244990,5604038
2025-11,3044,6380549,5782644
2025-12,3044,6353077,5658069
2025-09,3045,15778960,15913075
2025-10,3045,15624963,15929971
2025-11,3045,23112130,23065359
2025-12,3045,18049316,17156531
2025-09,3081,186272,110497
2025-10,3081,201479,114595
2025-11,3081,210280,85131
2025-12,3081,230664,89084
2025-09,3090,1411397,1062826
2025-10,3090,1360669,1146636
2025-11,3090,1283431,1112385
2025-12,3090,1171306,894646
2025-09,3094,14440,14524
2025-10,3094,13782,11501
2025-11,3094,14595,13317
2025-12,3094,13912,18518
2025-09,3105,1560931,1235694
2025-10,3105,1559396,1225676
2025-11,3105,1620599,1250441
2025-12,3105,1614459,1229948
2025-09,3131,461509,331973
2025-10,3131,576826,378041
2025-11,3131,565584,353170
2025-12,3131,1007414,490702
2025-09,3163,190099,168434
2025-10,3163,186088,157909
2025-11,3163,213422,152549
2025-12,3163,223394,166142
2025-09,3167,478978,276382
2025-10,3167,498685,321772
2025-11,3167,490789,319893
2025-12,3167,559398,347412
2025-09,3189,3586439,2646537
2025-10,3189,3601222,2576678
2025-11,3189,3521383,2520732
2025-12,3189,3688833,2945583
2025-09,3211,1176859,1153853
2025-10,3211,1004302,770862
2025-11,3211,1485935,1063356
2025-12,3211,1493745,1112149
2025-09,3221,197874,184786
2025-10,3221,182463,174948
2025-11,3221,185901,180615
2025-12,3221,201963,172266
2025-09,3231,203436940,96903570
2025-10,3231,185061565,96284824
2025-11,3231,280624451,95242553
2025-12,3231,255254817,105654212
2025-09,3234,50414,46476
2025-10,3234,54311,44600
2025-11,3234,56984,50917
2025-12,3234,61763,51774
2025-09,3236,181952,170941
2025-10,3236,176391,158789
2025-11,3236,173932,151671
2025-12,3236,188674,130290
2025-09,3260,5244144,3253591
2025-10,3260,4462788,3410086
2025-11,3260,5597912,3493652
2025-12,3260,5809832,2887393
2025-09,3264,1208565,1070760
2025-10,3264,1256013,1071077
2025-11,3264,1236299,1025844
2025-12,3264,1306759,1059751
2025-09,3265,358673,341825
2025-10,3265,412357,354715
2025-11,3265,407352,380919
2025-12,3265,430660,364152
2025-09,3317,240407,215065
2025-10,3317,222115,213234
2025-11,3317,228780,233325
2025-12,3317,239750,239238
2025-09,3324,2340447,1424051
2025-10,3324,2329545,1395643
2025-11,3324,2443608,1370207
2025-12,3324,2821521,1359779
2025-09,3357,578532,501797
2025-10,3357,573586,480227
2025-11,3357,601326,515066
2025-12,3357,632487,500766
2025-09,3362,356105,410916
2025-10,3362,383079,370324
2025-11,3362,336620,340392
2025-12,3362,370999,356746
2025-09,3363,174688,122342
2025-10,3363,134292,102062
2025-11,3363,125440,150187
2025-12,3363,131042,107627
2025-09,3374,768348,696844
2025-10,3374,711526,673640
2025-11,3374,675242,594058
2025-12,3374,679092,540545
2025-09,3406,2657290,2586457
2025-10,3406,2256771,1974372
2025-11,3406,2268741,2032150
2025-12,3406,2629824,1448952
2025-09,3441,38323,27069
2025-10,3441,33156,20916
2025-11,3441,40017,33100
2025-12,3441,40647,33207
2025-09,3443,3612747,1763514
2025-10,3443,3715719,1482729
2025-11,3443,3936093,1837436
2025-12,3443,4747837,2702478
2025-09,3450,645366,797761
2025-10,3450,698870,864645
2025-11,3450,631105,786997
2025-12,3450,791973,824908
2025-09,3455,171669,167590
2025-10,3455,184647,204518
2025-11,3455,132401,205851
2025-12,3455,113191,256217
2025-09,3481,19861192,19121611
2025-10,3481,18207371,16896406
2025-11,3481,17124257,18807281
2025-12,3481,21436343,17980325
2025-09,3491,191217,213775
2025-10,3491,228770,188887
2025-11,3491,285198,193482
2025-12,3491,320502,231474
2025-09,3529,156346,102389
2025-10,3529,622668,561522
2025-11,3529,345683,322319
2025-12,3529,80011,126876
2025-09,3532,1046332,1021364
2025-10,3532,1065711,974107
2025-11,3532,1082448,1063658
2025-12,3532,1120582,1079328
2025-09,3533,2890566,2777008
2025-10,3533,2842092,2760646
2025-11,3533,2931350,2809322
2025-12,3533,3541863,2745233
2025-09,3551,260489,210671
2025-10,3551,279481,217933
2025-11,3551,282421,220089
2025-12,3551,284315,236362
2025-09,3563,228436,128915
2025-10,3563,206216,183770
2025-11,3563,228380,209201
2025-12,3563,228542,213631
2025-09,3576,284109,427365
2025-10,3576,237079,303476
2025-11,3576,132670,291793
2025-12,3576,249288,996209
2025-09,3583,1012440,866210
2025-10,3583,877108,881700
2025-11,3583,957864,899019
2025-12,3583,979704,789870
2025-09,3605,963172,925757
2025-10,3605,873679,848642
2025-11,3605,922509,925186
2025-12,3605,910962,910570
2025-09,3624,227096,222087
2025-10,3624,214109,201921
2025-11,3624,212929,193748
2025-12,3624,229675,191228
2025-09,3645,201502,192529
2025-10,3645,171005,180330
2025-11,3645,184265,181719
2025-12,3645,203261,210751
2025-09,3653,1697056,1204437
2025-10,3653,1700899,1310211
2025-11,3653,1701437,1458497
2025-12,3653,1870032,1650992
2025-09,3661,1674283,5301492
2025-10,3661,1666156,4192677
2025-11,3661,1698309,4395155
2025-12,3661,1375789,4485798
2025-09,3665,6706222,4589632
2025-10,3665,6581490,4911147
2025-11,3665,6538775,4910750
2025-12,3665,6640666,4641987
2025-09,3673,5156241,5660416
2025-10,3673,4303288,5369518
2025-11,3673,4669429,5030056
2025-12,3673,5427886,5444153
2025-09,3675,233032,249921
2025-10,3675,233084,248063
2025-11,3675,230207,250424
2025-12,3675,219408,221932
2025-09,3680,592823,606904
2025-10,3680,658672,389106
2025-11,3680,733434,502219
2025-12,3680,873299,585433
2025-09,3693,643320,761119
2025-10,3693,594550,877118
2025-11,3693,384388,646487
2025-12,3693,635157,736888
2025-09,3706,10025456,5265408
2025-10,3706,12151210,7148055
2025-11,3706,7821659,7891453
2025-12,3706,10552957,8408891
2025-09,3707,532699,481615
2025-10,3707,532032,478559
2025-11,3707,531389,479615
2025-12,3707,502243,437329
2025-09,3711,60561227,55579391
2025-10,3711,60231106,56425583
2025-11,3711,58819584,52933333
2025-12,3711,58864547,52904645
2025-09,3714,1790320,2038647
2025-10,3714,1690582,1871093
2025-11,3714,1691307,1811324
2025-12,3714,1825841,1825241
2025-09,3715,1746919,1589090
2025-10,3715,1709953,1407088
2025-11,3715,1811028,1622907
2025-12,3715,1969194,1548061
2025-09,4576,244539,216868
2025-10,4576,243136,182863
2025-11,4576,232759,200144
2025-12,4576,279398,236040
2025-11,4749,365501,316475
2025-12,4749,360554,324886
2025-09,4768,114955,82647
2025-10,4768,159485,93911
2025-11,4768,204713,80629
2025-12,4768,283402,87308
2025-09,4770,342732,610962
2025-10,4770,273022,546920
2025-11,4770,311144,560208
2025-12,4770,466704,509994
2025-09,4772,279293,70690
2025-10,4772,281959,83577
2025-11,4772,272042,84765
2025-12,4772,315615,86986
2025-09,4903,145007,88760
2025-10,4903,86603,14112
2025-11,4903,142772,20679
2025-12,4903,94757,207232
2025-09,4904,10084215,9121101
2025-10,4904,11031555,9843541
2025-11,4904,10312164,9332208
2025-12,4904,11340652,9991538
2025-09,4906,1327718,1640092
2025-10,4906,1079974,2014560
2025-11,4906,1130323,1976198
2025-12,4906,1373092,2091789
2025-09,4908,73243,72354
2025-10,4908,63251,54104
2025-11,4908,58675,114195
2025-12,4908,60958,105774
2025-09,4919,2640893,2708378
2025-10,4919,2289904,2310485
2025-11,4919,2292898,2386246
2025-12,4919,2457445,2573573
2025-09,4927,888766,987417
2025-10,4927,909930,1011854
2025-11,4927,851307,1059246
2025-12,4927,910578,1009593
2025-09,4931,153761,170361
2025-10,4931,261343,161429
2025-11,4931,279348,119815
2025-12,4931,244372,126659
2025-09,4938,114908884,109264099
2025-10,4938,117826131,118801102
2025-11,4938,101800641,105757504
2025-12,4938,99893947,102445999
2025-09,4939,134492,136929
2025-10,4939,112443,118172
2025-11,4939,119028,131324
2025-12,4939,121171,124771
2025-09,4956,122200,124338
2025-10,4956,106837,101633
2025-11,4956,110929,114062
2025-12,4956,103205,113333
2025-09,4958,19362393,19336751
2025-10,4958,19428012,20952920
2025-11,4958,18120795,19434045
2025-12,4958,19321296,15746293
2025-09,4961,1385979,1782935
2025-10,4961,1243690,1695577
2025-11,4961,1332224,1735092
2025-12,4961,1389390,1740812
2025-09,4967,1946275,1185953
2025-10,4967,1101995,1195186
2025-11,4967,1617270,905397
2025-12,4967,3629683,1166065
2025-09,4971,97085,51295
2025-10,4971,101648,56513
2025-11,4971,106656,81338
2025-12,4971,110334,87630
2025-09,4977,102660,138034
2025-10,4977,88126,143227
2025-11,4977,100807,144787
2025-12,4977,62352,104794
2025-09,4979,290607,324554
2025-10,4979,318369,329524
2025-11,4979,414874,366735
2025-12,4979,421117,351851
2025-09,4991,204290,192531
2025-10,4991,251529,123086
2025-11,4991,203448,149041
2025-12,4991,232221,205093
2025-09,5269,1421833,527603
2025-10,5269,1190495,622811
2025-11,5269,1186446,640613
2025-12,5269,1143373,636289
2025-09,5274,814367,708152
2025-10,5274,730624,685782
2025-11,5274,840288,681054
2025-12,5274,872214,736877
2025-09,5289,1370557,712853
2025-10,5289,1397472,748005
2025-11,5289,1596065,759244
2025-12,5289,1813153,720756
2025-09,5328,80199,84899
2025-10,5328,66193,78320
2025-11,5328,80083,86939
2025-12,5328,80945,78810
2025-09,5347,5110837,4614353
2025-10,5347,3908953,3792753
2025-11,5347,3755092,3456724
2025-12,5347,4929682,4303197
2025-09,5351,400908,236930
2025-10,5351,467724,220037
2025-11,5351,503206,228512
2025-12,5351,624027,231024
2025-09,5425,1561102,1257707
2025-10,5425,1425144,1333194
2025-11,5425,1438879,1420561
2025-12,5425,1526156,1458860
2025-09,5434,6092008,5314010
2025-10,5434,5078957,5238146
2025-11,5434,5740079,5218606
2025-12,5434,6479605,5450180
2025-09,5439,1102550,357140
2025-10,5439,1003625,407405
2025-11,5439,1011900,429819
2025-12,5439,754947,357031
2025-09,5443,426945,252440
2025-10,5443,316866,473335
2025-11,5443,369751,484369
2025-12,5443,555159,548054
2025-09,5475,98818,43481
2025-10,5475,79330,47908
2025-11,5475,88665,48610
2025-12,5475,112616,68385
2025-09,5483,7590948,6406054
2025-10,5483,6020581,6977108
2025-11,5483,6275245,6283800
2025-12,5483,7186680,6704877
2025-09,5536,3909043,3035530
2025-10,5536,3201612,2716737
2025-11,5536,3726875,3105028
2025-12,5536,4047885,3675245
2025-09,5876,3959293,3517947
2025-10,5876,4767073,4431406
2025-11,5876,4193375,3738765
2025-12,5876,4241629,5029013
2025-09,5880,6446501,5456841
2025-10,5880,5950187,4842890
2025-11,5880,6217725,4954033
2025-12,5880,6789683,5145338
2025-09,6116,998035,983993
2025-10,6116,887262,1030378
2025-11,6116,945844,854267
2025-12,6116,939455,979501
2025-09,6127,62214,93985
2025-10,6127,79088,88445
2025-11,6127,78201,86030
2025-12,6127,88737,79638
2025-09,6139,10094434,5610726
2025-10,6139,7070362,3994223
2025-11,6139,8509211,3156553
2025-12,6139,9501077,3583336
2025-09,6147,1906364,1788447
2025-10,6147,1831757,1876835
2025-11,6147,1770127,1722069
2025-12,6147,1793446,1752950
2025-09,6155,60989,55793
2025-10,6155,49857,48666
2025-11,6155,49569,49239
2025-12,6155,56706,46851
2025-09,6166,1016467,822542
2025-10,6166,972111,844822
2025-11,6166,1041008,821787
2025-12,6166,1103261,1403643
2025-09,6168,184463,169872
2025-10,6168,171473,165569
2025-11,6168,172418,161711
2025-12,6168,164752,150257
2025-09,6173,340292,319376
2025-10,6173,313992,302803
2025-11,6173,317178,303366
2025-12,6173,313728,297075
2025-09,6175,340979,351984
2025-10,6175,296597,343199
2025-11,6175,352011,348379
2025-12,6175,370588,329100
2025-09,6182,890224,807417
2025-10,6182,861710,749416
2025-11,6182,816608,710123
2025-12,6182,761015,623395
2025-09,6187,554507,682458
2025-10,6187,307792,511546
2025-11,6187,304379,528289
2025-12,6187,275656,557709
2025-09,6196,3806119,5283017
2025-10,6196,4140105,4564106
2025-11,6196,5453328,5158469
2025-12,6196,5050065,5326341
2025-09,6197,719314,591695
2025-10,6197,666579,554730
2025-11,6197,576980,574983
2025-12,6197,600839,525791
2025-09,6207,84623,94976
2025-10,6207,63058,100424
2025-11,6207,96232,109031
2025-12,6207,81860,217651
2025-09,6209,368315,182628
2025-10,6209,405522,207030
2025-11,6209,408107,236305
2025-12,6209,409071,234595
2025-09,6213,2763756,2749315
2025-10,6213,2749436,2527870
2025-11,6213,2996744,2700500
2025-12,6213,3170506,2435841
2025-09,6217,349243,310055
2025-10,6217,314715,281518
2025-11,6217,356191,303125
2025-12,6217,357824,303317
2025-09,6223,1123984,996967
2025-10,6223,1158019,970275
2025-11,6223,1287652,980131
2025-12,6223,1395784,1052418
2025-09,6226,53788,54061
2025-10,6226,43491,55852
2025-11,6226,47733,50889
2025-12,6226,53439,79569
2025-09,6239,6699982,5706214
2025-10,6239,6970469,5798085
2025-11,6239,7140037,5709002
2025-12,6239,7296529,5590342
2025-09,6257,1654245,1583058
2025-10,6257,1724348,1680008
2025-11,6257,1741965,1627323
2025-12,6257,1803348,1612008
2025-09,6271,973067,978551
2025-10,6271,971898,994628
2025-11,6271,945982,1037177
2025-12,6271,900084,951709
2025-09,6274,2851779,2269814
2025-10,6274,2853997,2030244
2025-11,6274,3024742,2260922
2025-12,6274,3250133,2018859
2025-09,6282,3101560,3195689
2025-10,6282,2610270,2361808
2025-11,6282,3201729,2644686
2025-12,6282,3385633,3196774
2025-09,6285,9801672,8372199
2025-10,6285,9482548,9160937
2025-11,6285,8302363,9299778
2025-12,6285,9230566,9488518
2025-09,6290,915038,777309
2025-10,6290,957826,663101
2025-11,6290,864101,768112
2025-12,6290,852307,797794
2025-09,6291,196445,145149
2025-10,6291,190517,141391
2025-11,6291,184436,166566
2025-12,6291,221810,146179
2025-09,6414,12215922,12884375
2025-10,6414,11643700,12295636
2025-11,6414,13222426,13220744
2025-12,6414,14757751,14694113
2025-09,6415,1665718,1632854
2025-10,6415,1589287,1480661
2025-11,6415,1749762,1633481
2025-12,6415,2065220,1997394
2025-09,6426,42175,25731
2025-10,6426,49001,29089
2025-11,6426,44167,31131
2025-12,6426,46773,36938
2025-09,6435,281432,250871
2025-10,6435,273563,232565
2025-11,6435,288005,223493
2025-12,6435,308351,230091
2025-09,6442,1045018,561522
2025-10,6442,1006381,587739
2025-11,6442,809742,554701
2025-12,6442,1185469,1361285
2025-09,6443,186260,408906
2025-10,6443,101789,250474
2025-11,6443,149429,272843
2025-12,6443,121742,227969
2025-09,6446,1317839,932418
2025-10,6446,1404148,914288
2025-11,6446,1553400,1015187
2025-12,6446,1923690,1172972
2025-09,6449,404485,326002
2025-10,6449,407339,331580
2025-11,6449,410995,350445
2025-12,6449,451352,352683
2025-09,6451,512183,469995
2025-10,6451,722915,548671
2025-11,6451,676677,433379
2025-12,6451,669934,712131
2025-09,6456,4711353,6591483
2025-10,6456,4974938,6411064
2025-11,6456,5396729,6731956
2025-12,6456,6043859,7112126
2025-09,6472,1720749,2023925
2025-10,6472,1716457,2089357
2025-11,6472,1500994,1683010
2025-12,6472,1656851,1985626
2025-09,6488,5903533,5151536
2025-10,6488,4284634,5733967
2025-11,6488,4711626,5118181
2025-12,6488,5505813,5491186
2025-09,6505,52495202,53324540
2025-10,6505,44062625,45451116
2025-11,6505,46805108,51243946
2025-12,6505,52936902,52124690
2025-09,6510,418192,317289
2025-10,6510,406499,385870
2025-11,6510,398592,452682
2025-12,6510,390779,450696
2025-09,6515,666094,711340
2025-10,6515,680416,648059
2025-11,6515,625256,435611
2025-12,6515,927982,455367
2025-09,6526,1826528,1854172
2025-10,6526,1509138,1627264
2025-11,6526,1548058,1642724
2025-12,6526,1493678,1562253
2025-09,6531,625142,417130
2025-10,6531,507645,445184
2025-11,6531,542079,317829
2025-12,6531,812924,459917
2025-09,6532,49856,60662
2025-10,6532,40193,56381
2025-11,6532,63370,67967
2025-12,6532,62609,70401
2025-09,6533,214636,233249
2025-10,6533,150377,153204
2025-11,6533,109458,152257
2025-12,6533,201051,155847
2025-09,6640,266377,136660
2025-10,6640,150192,315432
2025-11,6640,210244,302487
2025-12,6640,314084,231531
2025-09,6643,124604,141653
2025-10,6643,140420,69367
2025-11,6643,155721,127544
2025-12,6643,248109,130666
2025-09,6664,223074,196855
2025-10,6664,227693,230285
2025-11,6664,246770,215570
2025-12,6664,250805,201328
2025-09,6669,86316601,34504530
2025-10,6669,91264205,35381437
2025-11,6669,96885487,37465174
2025-12,6669,104290789,42767009
2025-09,6672,338399,334830
2025-10,6672,361529,344058
2025-11,6672,357953,336021
2025-12,6672,382732,346954
2025-09,6683,184998,155208
2025-10,6683,195692,162223
2025-11,6683,194881,165250
2025-12,6683,189426,184443
2025-09,6691,2144452,1563772
2025-10,6691,1999278,1390233
2025-11,6691,1863801,1999307
2025-12,6691,3111794,1849596
2025-09,6693,121624,94588
2025-10,6693,127757,92557
2025-11,6693,135197,103954
2025-12,6693,159827,122785
2025-09,6706,37927,84880
2025-10,6706,37302,109568
2025-11,6706,40683,120972
2025-12,6706,43178,135594
2025-09,6770,3952076,3900201
2025-10,6770,4134047,3913891
2025-11,6770,4092013,3716260
2025-12,6770,4269182,3501515
2025-09,6781,1403072,862092
2025-10,6781,1442454,951990
2025-11,6781,1480011,1051057
2025-12,6781,1538447,1187185
2025-09,6789,743381,902408
2025-10,6789,739453,904867
2025-11,6789,784175,856262
2025-12,6789,765176,927419
2025-09,6805,1220614,771374
2025-10,6805,1305122,910239
2025-11,6805,1483495,1007312
2025-12,6805,1187534,852226
2025-09,6834,117224,105126
2025-10,6834,102652,91963
2025-11,6834,112655,126635
2025-12,6834,115333,112614
2025-09,6861,190877,166690
2025-10,6861,230782,161255
2025-11,6861,203631,171954
2025-12,6861,216957,204473
2025-09,6933,434102,315949
2025-10,6933,518631,510622
2025-11,6933,532776,475677
2025-12,6933,696584,667801
2025-09,6949,1888,1742
2025-10,6949,2154,1403
2025-11,6949,1692,1567
2025-12,6949,2316,1833
2025-12,7734,202301,185437
2025-09,8021,418316,322013
2025-10,8021,437571,315381
2025-11,8021,437627,314406
2025-12,8021,466079,323025
2025-09,8027,170627,140406
2025-10,8027,123116,109674
2025-11,8027,179360,151010
2025-12,8027,418939,169991
2025-09,8028,384441,312729
2025-10,8028,408056,344675
2025-11,8028,410544,351762
2025-12,8028,400693,353522
2025-09,8039,1036890,872939
2025-10,8039,959706,744555
2025-11,8039,903373,743828
2025-12,8039,882104,742066
2025-09,8040,58773,57834
2025-10,8040,53484,55991
2025-11,8040,52974,59992
2025-12,8040,48822,55302
2025-09,8042,346402,320104
2025-10,8042,304556,285804
2025-11,8042,327749,308237
2025-12,8042,374077,301334
2025-09,8043,468019,431582
2025-10,8043,641609,403363
2025-11,8043,522840,433236
2025-12,8043,651822,428812
2025-09,8046,3539459,2968814
2025-10,8046,3706423,2616078
2025-11,8046,3534352,2577203
2025-12,8046,3923814,2677001
2025-09,8069,3182465,3095521
2025-10,8069,2148543,3266043
2025-11,8069,2293169,3051491
2025-12,8069,2574047,3357735
2025-10,8086,410544,252336
2025-11,8086,419777,251687
2025-12,8086,422852,255932
2026-01,8086,417391,219485
2025-09,8103,314080,282174
2025-10,8103,264674,226145
2025-11,8103,295091,291907
2025-12,8103,332182,311239
2025-09,8110,652419,640424
2025-10,8110,647598,749013
2025-11,8110,628363,615248
2025-12,8110,713924,643530
2025-09,8111,72620,70422
2025-10,8111,71731,62826
2025-11,8111,72219,83684
2025-12,8111,72582,71709
2025-09,8150,2087363,1888888
2025-10,8150,2177427,1784936
2025-11,8150,2140319,1834569
2025-12,8150,2203330,1780082
2025-09,8155,431367,347413
2025-10,8155,437316,306249
2025-11,8155,447013,325255
2025-12,8155,509110,346798
2025-09,8210,2176441,1465146
2025-10,8210,1992966,1046169
2025-11,8210,2036511,1209018
2025-12,8210,2710524,1609749
2025-09,8227,204819,50292
2025-10,8227,85690,69283
2025-11,8227,214541,62582
2025-12,8227,114606,68466
2025-09,8261,270341,245631
2025-10,8261,260205,270450
2025-11,8261,249199,284899
2025-12,8261,230720,232188
2025-09,8299,6515278,4430879
2025-10,8299,7065326,3717027
2025-11,8299,7021586,4333904
2025-12,8299,8711746,4521378
2025-09,8358,670634,581631
2025-10,8358,701494,523004
2025-11,8358,715815,560077
2025-12,8358,750699,623365
2025-09,8996,636816,381938
2025-10,8996,673208,346058
2025-11,8996,682097,305752
2025-12,8996,935641,343956
